{"time":"2026-06-08T10:45:29.1366754+08:00","level":"INFO","msg":"AFSIM gateway starting"}
{"time":"2026-06-08T10:45:29.1501184+08:00","level":"INFO","msg":"configuration loaded","mission_path":"e:\\AFsim\\afsimweb-master\\AFSim\\afsim-2.9.0-win64\\bin\\mission.exe","scenario_dir":".\\scenarios","output_dir":".\\output","port":8080,"event_pipe":"\\\\.\\pipe\\afsim_events","control_pipe":"\\\\.\\pipe\\afsim_control","data_platform_url":""}
{"time":"2026-06-08T10:45:29.1614469+08:00","level":"INFO","msg":"HTTP server listening","addr":":8080"}
2026/06/08 10:46:08 [DESKTOP-2269V6M/0I7zd4hyWa-000001] "GET http://localhost:8080/health HTTP/1.1" from [::1]:62741 - 200 85B in 0s
2026/06/08 10:54:27 [DESKTOP-2269V6M/0I7zd4hyWa-000002] "GET http://localhost:8080/api/scenarios HTTP/1.1" from [::1]:63966 - 200 65B in 0s
2026/06/08 10:54:27 [DESKTOP-2269V6M/0I7zd4hyWa-000003] "GET http://localhost:8080/api/scenarios HTTP/1.1" from [::1]:63967 - 200 65B in 524.1µs
2026/06/08 10:55:40 [DESKTOP-2269V6M/0I7zd4hyWa-000004] "GET http://localhost:8080/api/scenarios HTTP/1.1" from [::1]:64174 - 200 65B in 0s
2026/06/08 10:55:40 [DESKTOP-2269V6M/0I7zd4hyWa-000005] "GET http://localhost:8080/api/scenarios HTTP/1.1" from [::1]:64175 - 200 65B in 0s
{"time":"2026-06-08T10:55:56.0867299+08:00","level":"INFO","msg":"starting mission.exe","component":"api","simulation_id":1,"path":"e:\\AFsim\\afsimweb-master\\AFSim\\afsim-2.9.0-win64\\bin\\mission.exe","scenario":"scenarios\\test_gateway.scenario","mode":"realtime","args":["-rt","test_gateway.scenario"]}
2026/06/08 10:55:56 [DESKTOP-2269V6M/0I7zd4hyWa-000006] "POST http://localhost:8080/api/simulations HTTP/1.1" from [::1]:64224 - 201 142B in 23.2431ms
{"time":"2026-06-08T10:55:56.1104862+08:00","level":"INFO","msg":"pipe not available, retrying","component":"api","simulation_id":1,"pipe":"events","path":"\\\\.\\pipe\\afsim_events","error":"CreateFile pipe: The system cannot find the file specified.","retry_in":2000000000}
{"time":"2026-06-08T10:55:56.1139563+08:00","level":"INFO","msg":"WebSocket connection request","component":"api","simulation_id":"1"}
2026/06/08 10:55:56 [DESKTOP-2269V6M/0I7zd4hyWa-000007] "GET http://localhost:8080/api/simulations/1/ws HTTP/1.1" from [::1]:64225 - 000 0B in 526.9µs
{"time":"2026-06-08T10:55:57.525124+08:00","level":"INFO","msg":"mission:\r","component":"api","simulation_id":1,"stream":"stdout"}
{"time":"2026-06-08T10:55:57.525124+08:00","level":"INFO","msg":"    WSF Version: 2.9.0 02-25-2022\r","component":"api","simulation_id":1,"stream":"stdout"}
{"time":"2026-06-08T10:55:57.5256418+08:00","level":"INFO","msg":"    Built: Feb 25 2022 08:12:40\r","component":"api","simulation_id":1,"stream":"stdout"}
{"time":"2026-06-08T10:55:57.5261579+08:00","level":"INFO","msg":"Plugin API version info:\r","component":"api","simulation_id":1,"stream":"stdout"}
{"time":"2026-06-08T10:55:57.5261579+08:00","level":"INFO","msg":"    Version: 2.9\r","component":"api","simulation_id":1,"stream":"stdout"}
{"time":"2026-06-08T10:55:57.5266769+08:00","level":"INFO","msg":"    Compiler: win_1916_64bit_release-hwe\r","component":"api","simulation_id":1,"stream":"stdout"}
{"time":"2026-06-08T10:55:57.5266769+08:00","level":"INFO","msg":"Plugins Loaded:\r","component":"api","simulation_id":1,"stream":"stdout"}
{"time":"2026-06-08T10:55:57.5272029+08:00","level":"INFO","msg":"    wsf_alternate_locations.dll, wsf_coverage.dll, wsf_iads_c2.dll, wsf_prompt.dll, wsf_scenario_analyzer.dll, wsf_scenario_analyzer_iads_c2.dll, wsf_air_combat.dll, wsf_annotation.dll, wsf_argo8.dll, wsf_brawler.dll, wsf_event_gateway.dll, wsf_fires.dll, wsf_multiresolution.dll, wsf_oms_uci.dll, wsf_p6dof.dll, wsf_six_dof.dll, wsf_sosm.dll\r","component":"api","simulation_id":1,"stream":"stdout"}
{"time":"2026-06-08T10:55:57.5272029+08:00","level":"INFO","msg":"Extensions Included: \r","component":"api","simulation_id":1,"stream":"stdout"}
{"time":"2026-06-08T10:55:57.527726+08:00","level":"INFO","msg":"    sensor_plot_lib, wsf_cyber, wsf_grammar_check, wsf_l16, wsf_mil, wsf_mil_parser, wsf_mtt, wsf_nx, wsf_parser, wsf_ripr, wsf_space, wsf_weapon_server, wsf_simdis\r","component":"api","simulation_id":1,"stream":"stdout"}
{"time":"2026-06-08T10:55:57.5282404+08:00","level":"INFO","msg":"\r","component":"api","simulation_id":1,"stream":"stdout"}
{"time":"2026-06-08T10:55:57.5282404+08:00","level":"INFO","msg":"Loading simulation input.\r","component":"api","simulation_id":1,"stream":"stdout"}
{"time":"2026-06-08T10:55:57.5287551+08:00","level":"INFO","msg":"Loading simulation input complete.\r","component":"api","simulation_id":1,"stream":"stdout"}
{"time":"2026-06-08T10:55:57.5287551+08:00","level":"INFO","msg":"    Elapsed Wall Clock Time: 0.0657672\r","component":"api","simulation_id":1,"stream":"stdout"}
{"time":"2026-06-08T10:55:57.5292704+08:00","level":"INFO","msg":"    Elapsed Processor Time : 0\r","component":"api","simulation_id":1,"stream":"stdout"}
{"time":"2026-06-08T10:55:57.5292704+08:00","level":"INFO","msg":"Initializing simulation.\r","component":"api","simulation_id":1,"stream":"stdout"}
{"time":"2026-06-08T10:55:57.5303097+08:00","level":"INFO","msg":"***** ERROR: wsf_event_gateway: Created pipe \\\\.\\pipe\\afsim_events successfully\r","component":"api","simulation_id":1,"stream":"stdout"}
{"time":"2026-06-08T10:55:57.5313458+08:00","level":"INFO","msg":"Initializing simulation complete.\r","component":"api","simulation_id":1,"stream":"stdout"}
{"time":"2026-06-08T10:55:57.5313458+08:00","level":"INFO","msg":"    Elapsed Wall Clock Time: 0.0064033\r","component":"api","simulation_id":1,"stream":"stdout"}
{"time":"2026-06-08T10:55:57.531862+08:00","level":"INFO","msg":"    Elapsed Processor Time : 0\r","component":"api","simulation_id":1,"stream":"stdout"}
{"time":"2026-06-08T10:55:57.5323749+08:00","level":"INFO","msg":"Starting simulation.\r","component":"api","simulation_id":1,"stream":"stdout"}
{"time":"2026-06-08T10:55:57.5323749+08:00","level":"INFO","msg":"T = 0\r","component":"api","simulation_id":1,"stream":"stdout"}
{"time":"2026-06-08T10:55:58.1105284+08:00","level":"INFO","msg":"connected to named pipe","component":"api","simulation_id":1,"pipe":"events","path":"\\\\.\\pipe\\afsim_events","access":"read-only"}
{"time":"2026-06-08T10:55:58.1105284+08:00","level":"INFO","msg":"connected to named pipe","component":"api","simulation_id":1,"pipe":"control","path":"\\\\.\\pipe\\afsim_control","access":"write-only"}
{"time":"2026-06-08T10:55:58.1119389+08:00","level":"INFO","msg":"connected to both AFSIM pipes, starting event loop","component":"api","simulation_id":1}
{"time":"2026-06-08T10:56:07.5314078+08:00","level":"INFO","msg":"T = 10.000\r","component":"api","simulation_id":1,"stream":"stdout"}
{"time":"2026-06-08T10:56:17.5385873+08:00","level":"INFO","msg":"T = 20.000\r","component":"api","simulation_id":1,"stream":"stdout"}
{"time":"2026-06-08T10:56:27.5410884+08:00","level":"INFO","msg":"T = 30.000\r","component":"api","simulation_id":1,"stream":"stdout"}
{"time":"2026-06-08T10:56:37.5352048+08:00","level":"INFO","msg":"T = 40.000\r","component":"api","simulation_id":1,"stream":"stdout"}
{"time":"2026-06-08T10:56:47.5312659+08:00","level":"INFO","msg":"T = 50.000\r","component":"api","simulation_id":1,"stream":"stdout"}
{"time":"2026-06-08T10:56:57.5318241+08:00","level":"INFO","msg":"T = 60.000\r","component":"api","simulation_id":1,"stream":"stdout"}
{"time":"2026-06-08T10:57:07.5395328+08:00","level":"INFO","msg":"T = 70.000\r","component":"api","simulation_id":1,"stream":"stdout"}
{"time":"2026-06-08T10:57:17.5308716+08:00","level":"INFO","msg":"T = 80.000\r","component":"api","simulation_id":1,"stream":"stdout"}
{"time":"2026-06-08T10:57:27.5368201+08:00","level":"INFO","msg":"T = 90.000\r","component":"api","simulation_id":1,"stream":"stdout"}
{"time":"2026-06-08T10:57:37.5412656+08:00","level":"INFO","msg":"T = 100.000\r","component":"api","simulation_id":1,"stream":"stdout"}
{"time":"2026-06-08T10:57:47.5423929+08:00","level":"INFO","msg":"T = 110.000\r","component":"api","simulation_id":1,"stream":"stdout"}
{"time":"2026-06-08T10:57:57.5407321+08:00","level":"INFO","msg":"T = 120.000\r","component":"api","simulation_id":1,"stream":"stdout"}
{"time":"2026-06-08T10:58:07.5317029+08:00","level":"INFO","msg":"T = 130.000\r","component":"api","simulation_id":1,"stream":"stdout"}
{"time":"2026-06-08T10:58:17.5372824+08:00","level":"INFO","msg":"T = 140.000\r","component":"api","simulation_id":1,"stream":"stdout"}
{"time":"2026-06-08T10:58:27.5316721+08:00","level":"INFO","msg":"T = 150.000\r","component":"api","simulation_id":1,"stream":"stdout"}
{"time":"2026-06-08T10:58:37.5395014+08:00","level":"INFO","msg":"T = 160.000\r","component":"api","simulation_id":1,"stream":"stdout"}
{"time":"2026-06-08T10:58:47.5311252+08:00","level":"INFO","msg":"T = 170.000\r","component":"api","simulation_id":1,"stream":"stdout"}
{"time":"2026-06-08T10:58:57.5343549+08:00","level":"INFO","msg":"T = 180.000\r","component":"api","simulation_id":1,"stream":"stdout"}
{"time":"2026-06-08T10:59:07.5419096+08:00","level":"INFO","msg":"T = 190.000\r","component":"api","simulation_id":1,"stream":"stdout"}
{"time":"2026-06-08T10:59:17.5317465+08:00","level":"INFO","msg":"T = 200.000\r","component":"api","simulation_id":1,"stream":"stdout"}
{"time":"2026-06-08T10:59:27.5357381+08:00","level":"INFO","msg":"T = 210.000\r","component":"api","simulation_id":1,"stream":"stdout"}
{"time":"2026-06-08T10:59:37.5329248+08:00","level":"INFO","msg":"T = 220.000\r","component":"api","simulation_id":1,"stream":"stdout"}
{"time":"2026-06-08T10:59:47.5395725+08:00","level":"INFO","msg":"T = 230.000\r","component":"api","simulation_id":1,"stream":"stdout"}
{"time":"2026-06-08T10:59:57.5311829+08:00","level":"INFO","msg":"T = 240.000\r","component":"api","simulation_id":1,"stream":"stdout"}
{"time":"2026-06-08T11:00:07.5316113+08:00","level":"INFO","msg":"T = 250.000\r","component":"api","simulation_id":1,"stream":"stdout"}
{"time":"2026-06-08T11:00:17.5372753+08:00","level":"INFO","msg":"T = 260.000\r","component":"api","simulation_id":1,"stream":"stdout"}
{"time":"2026-06-08T11:00:27.5317479+08:00","level":"INFO","msg":"T = 270.000\r","component":"api","simulation_id":1,"stream":"stdout"}
{"time":"2026-06-08T11:00:37.5310274+08:00","level":"INFO","msg":"T = 280.000\r","component":"api","simulation_id":1,"stream":"stdout"}
{"time":"2026-06-08T11:00:44.9535794+08:00","level":"INFO","msg":"terminating mission.exe","component":"api","simulation_id":1}
{"time":"2026-06-08T11:00:44.999623+08:00","level":"ERROR","msg":"failed to read from event pipe","component":"api","simulation_id":1,"error":"reading length prefix: The pipe has been ended."}
{"time":"2026-06-08T11:00:44.999623+08:00","level":"ERROR","msg":"connector error","component":"api","simulation_id":1,"error":"event pipe read error: reading length prefix: The pipe has been ended."}
{"time":"2026-06-08T11:00:45.0044063+08:00","level":"INFO","msg":"mission.exe exited","component":"api","simulation_id":1,"error":"exit status 1"}
2026/06/08 11:00:45 [DESKTOP-2269V6M/0I7zd4hyWa-000008] "POST http://localhost:8080/api/simulations/1/terminate HTTP/1.1" from [::1]:64675 - 200 23B in 51.3463ms
2026/06/08 11:01:13 [DESKTOP-2269V6M/0I7zd4hyWa-000009] "GET http://localhost:8080/api/scenarios HTTP/1.1" from [::1]:64756 - 200 65B in 0s
2026/06/08 11:01:13 [DESKTOP-2269V6M/0I7zd4hyWa-000010] "GET http://localhost:8080/api/scenarios HTTP/1.1" from [::1]:64757 - 200 65B in 0s
2026/06/08 11:02:55 [DESKTOP-2269V6M/0I7zd4hyWa-000011] "GET http://localhost:8080/api/scenarios HTTP/1.1" from [::1]:64866 - 200 65B in 0s
2026/06/08 11:03:01 [DESKTOP-2269V6M/0I7zd4hyWa-000012] "GET http://localhost:8080/api/scenarios HTTP/1.1" from [::1]:64924 - 200 65B in 0s
2026/06/08 11:03:01 [DESKTOP-2269V6M/0I7zd4hyWa-000013] "GET http://localhost:8080/api/scenarios HTTP/1.1" from [::1]:64925 - 200 65B in 0s
2026/06/08 11:06:38 [DESKTOP-2269V6M/0I7zd4hyWa-000014] "POST http://localhost:8080/api/simulations/1/terminate HTTP/1.1" from [::1]:65152 - 200 23B in 0s
2026/06/08 11:06:46 [DESKTOP-2269V6M/0I7zd4hyWa-000015] "GET http://localhost:8080/api/scenarios HTTP/1.1" from [::1]:65206 - 200 65B in 0s
2026/06/08 11:06:46 [DESKTOP-2269V6M/0I7zd4hyWa-000016] "GET http://localhost:8080/api/scenarios HTTP/1.1" from [::1]:65207 - 200 65B in 0s
2026/06/08 11:08:08 [DESKTOP-2269V6M/0I7zd4hyWa-000017] "POST http://localhost:8080/api/simulations/1/terminate HTTP/1.1" from [::1]:65322 - 200 23B in 0s
2026/06/08 11:08:16 [DESKTOP-2269V6M/0I7zd4hyWa-000018] "GET http://localhost:8080/api/scenarios HTTP/1.1" from [::1]:65373 - 200 65B in 0s
2026/06/08 11:08:16 [DESKTOP-2269V6M/0I7zd4hyWa-000019] "GET http://localhost:8080/api/scenarios HTTP/1.1" from [::1]:65374 - 200 65B in 0s
{"time":"2026-06-08T11:08:21.5892547+08:00","level":"INFO","msg":"starting mission.exe","component":"api","simulation_id":2,"path":"e:\\AFsim\\afsimweb-master\\AFSim\\afsim-2.9.0-win64\\bin\\mission.exe","scenario":"scenarios\\test_gateway.scenario","mode":"realtime","args":["-rt","test_gateway.scenario"]}
2026/06/08 11:08:21 [DESKTOP-2269V6M/0I7zd4hyWa-000020] "POST http://localhost:8080/api/simulations HTTP/1.1" from [::1]:65383 - 201 142B in 2.5751ms
{"time":"2026-06-08T11:08:21.5918298+08:00","level":"INFO","msg":"pipe not available, retrying","component":"api","simulation_id":2,"pipe":"events","path":"\\\\.\\pipe\\afsim_events","error":"CreateFile pipe: The system cannot find the file specified.","retry_in":2000000000}
{"time":"2026-06-08T11:08:21.5944201+08:00","level":"INFO","msg":"WebSocket connection request","component":"api","simulation_id":"2"}
2026/06/08 11:08:21 [DESKTOP-2269V6M/0I7zd4hyWa-000021] "GET http://localhost:8080/api/simulations/2/ws HTTP/1.1" from [::1]:65384 - 000 0B in 587.8µs
{"time":"2026-06-08T11:08:21.7268007+08:00","level":"INFO","msg":"mission:\r","component":"api","simulation_id":2,"stream":"stdout"}
{"time":"2026-06-08T11:08:21.7277617+08:00","level":"INFO","msg":"    WSF Version: 2.9.0 02-25-2022\r","component":"api","simulation_id":2,"stream":"stdout"}
{"time":"2026-06-08T11:08:21.7282867+08:00","level":"INFO","msg":"    Built: Feb 25 2022 08:12:40\r","component":"api","simulation_id":2,"stream":"stdout"}
{"time":"2026-06-08T11:08:21.7293071+08:00","level":"INFO","msg":"Plugin API version info:\r","component":"api","simulation_id":2,"stream":"stdout"}
{"time":"2026-06-08T11:08:21.7298488+08:00","level":"INFO","msg":"    Version: 2.9\r","component":"api","simulation_id":2,"stream":"stdout"}
{"time":"2026-06-08T11:08:21.730373+08:00","level":"INFO","msg":"    Compiler: win_1916_64bit_release-hwe\r","component":"api","simulation_id":2,"stream":"stdout"}
{"time":"2026-06-08T11:08:21.7309014+08:00","level":"INFO","msg":"Plugins Loaded:\r","component":"api","simulation_id":2,"stream":"stdout"}
{"time":"2026-06-08T11:08:21.7314265+08:00","level":"INFO","msg":"    wsf_alternate_locations.dll, wsf_coverage.dll, wsf_iads_c2.dll, wsf_prompt.dll, wsf_scenario_analyzer.dll, wsf_scenario_analyzer_iads_c2.dll, wsf_air_combat.dll, wsf_annotation.dll, wsf_argo8.dll, wsf_brawler.dll, wsf_event_gateway.dll, wsf_fires.dll, wsf_multiresolution.dll, wsf_oms_uci.dll, wsf_p6dof.dll, wsf_six_dof.dll, wsf_sosm.dll\r","component":"api","simulation_id":2,"stream":"stdout"}
{"time":"2026-06-08T11:08:21.731945+08:00","level":"INFO","msg":"Extensions Included: \r","component":"api","simulation_id":2,"stream":"stdout"}
{"time":"2026-06-08T11:08:21.7324651+08:00","level":"INFO","msg":"    sensor_plot_lib, wsf_cyber, wsf_grammar_check, wsf_l16, wsf_mil, wsf_mil_parser, wsf_mtt, wsf_nx, wsf_parser, wsf_ripr, wsf_space, wsf_weapon_server, wsf_simdis\r","component":"api","simulation_id":2,"stream":"stdout"}
{"time":"2026-06-08T11:08:21.7329814+08:00","level":"INFO","msg":"\r","component":"api","simulation_id":2,"stream":"stdout"}
{"time":"2026-06-08T11:08:21.7334975+08:00","level":"INFO","msg":"Loading simulation input.\r","component":"api","simulation_id":2,"stream":"stdout"}
{"time":"2026-06-08T11:08:21.7340137+08:00","level":"INFO","msg":"Loading simulation input complete.\r","component":"api","simulation_id":2,"stream":"stdout"}
{"time":"2026-06-08T11:08:21.7345296+08:00","level":"INFO","msg":"    Elapsed Wall Clock Time: 0.0030198\r","component":"api","simulation_id":2,"stream":"stdout"}
{"time":"2026-06-08T11:08:21.7355727+08:00","level":"INFO","msg":"    Elapsed Processor Time : 0\r","component":"api","simulation_id":2,"stream":"stdout"}
{"time":"2026-06-08T11:08:21.7360941+08:00","level":"INFO","msg":"Initializing simulation.\r","component":"api","simulation_id":2,"stream":"stdout"}
{"time":"2026-06-08T11:08:21.7366185+08:00","level":"INFO","msg":"***** ERROR: wsf_event_gateway: Created pipe \\\\.\\pipe\\afsim_events successfully\r","component":"api","simulation_id":2,"stream":"stdout"}
{"time":"2026-06-08T11:08:21.7371721+08:00","level":"INFO","msg":"Initializing simulation complete.\r","component":"api","simulation_id":2,"stream":"stdout"}
{"time":"2026-06-08T11:08:21.7376909+08:00","level":"INFO","msg":"    Elapsed Wall Clock Time: 0.0070804\r","component":"api","simulation_id":2,"stream":"stdout"}
{"time":"2026-06-08T11:08:21.7382114+08:00","level":"INFO","msg":"    Elapsed Processor Time : 0\r","component":"api","simulation_id":2,"stream":"stdout"}
{"time":"2026-06-08T11:08:21.7387277+08:00","level":"INFO","msg":"Starting simulation.\r","component":"api","simulation_id":2,"stream":"stdout"}
{"time":"2026-06-08T11:08:21.7392452+08:00","level":"INFO","msg":"T = 0\r","component":"api","simulation_id":2,"stream":"stdout"}
{"time":"2026-06-08T11:08:23.5932008+08:00","level":"INFO","msg":"connected to named pipe","component":"api","simulation_id":2,"pipe":"events","path":"\\\\.\\pipe\\afsim_events","access":"read-only"}
{"time":"2026-06-08T11:08:23.5943273+08:00","level":"INFO","msg":"connected to named pipe","component":"api","simulation_id":2,"pipe":"control","path":"\\\\.\\pipe\\afsim_control","access":"write-only"}
{"time":"2026-06-08T11:08:23.5948325+08:00","level":"INFO","msg":"connected to both AFSIM pipes, starting event loop","component":"api","simulation_id":2}
{"time":"2026-06-08T11:08:31.735019+08:00","level":"INFO","msg":"T = 10.000\r","component":"api","simulation_id":2,"stream":"stdout"}
{"time":"2026-06-08T11:08:41.7402477+08:00","level":"INFO","msg":"T = 20.000\r","component":"api","simulation_id":2,"stream":"stdout"}
{"time":"2026-06-08T11:08:51.7351+08:00","level":"INFO","msg":"T = 30.000\r","component":"api","simulation_id":2,"stream":"stdout"}
{"time":"2026-06-08T11:09:01.7400665+08:00","level":"INFO","msg":"T = 40.000\r","component":"api","simulation_id":2,"stream":"stdout"}
{"time":"2026-06-08T11:09:11.7422931+08:00","level":"INFO","msg":"T = 50.000\r","component":"api","simulation_id":2,"stream":"stdout"}
{"time":"2026-06-08T11:09:21.7431064+08:00","level":"INFO","msg":"T = 60.000\r","component":"api","simulation_id":2,"stream":"stdout"}
{"time":"2026-06-08T11:09:31.7346808+08:00","level":"INFO","msg":"T = 70.000\r","component":"api","simulation_id":2,"stream":"stdout"}
{"time":"2026-06-08T11:09:41.7351469+08:00","level":"INFO","msg":"T = 80.000\r","component":"api","simulation_id":2,"stream":"stdout"}
{"time":"2026-06-08T11:09:45.8200162+08:00","level":"INFO","msg":"terminating mission.exe","component":"api","simulation_id":2}
{"time":"2026-06-08T11:09:45.8319225+08:00","level":"ERROR","msg":"failed to read from event pipe","component":"api","simulation_id":2,"error":"reading length prefix: The pipe has been ended."}
{"time":"2026-06-08T11:09:45.8319225+08:00","level":"ERROR","msg":"connector error","component":"api","simulation_id":2,"error":"event pipe read error: reading length prefix: The pipe has been ended."}
{"time":"2026-06-08T11:09:45.8365527+08:00","level":"INFO","msg":"mission.exe exited","component":"api","simulation_id":2,"error":"exit status 1"}
2026/06/08 11:09:45 [DESKTOP-2269V6M/0I7zd4hyWa-000022] "POST http://localhost:8080/api/simulations/2/terminate HTTP/1.1" from [::1]:65515 - 200 23B in 16.5365ms
2026/06/08 11:11:34 [DESKTOP-2269V6M/0I7zd4hyWa-000023] "GET http://localhost:8080/api/scenarios HTTP/1.1" from [::1]:49272 - 200 65B in 0s
2026/06/08 11:11:34 [DESKTOP-2269V6M/0I7zd4hyWa-000024] "GET http://localhost:8080/api/scenarios HTTP/1.1" from [::1]:49273 - 200 65B in 0s
{"time":"2026-06-08T11:11:40.8540755+08:00","level":"INFO","msg":"starting mission.exe","component":"api","simulation_id":3,"path":"e:\\AFsim\\afsimweb-master\\AFSim\\afsim-2.9.0-win64\\bin\\mission.exe","scenario":"scenarios\\test_gateway.scenario","mode":"realtime","args":["-rt","test_gateway.scenario"]}
2026/06/08 11:11:40 [DESKTOP-2269V6M/0I7zd4hyWa-000025] "POST http://localhost:8080/api/simulations HTTP/1.1" from [::1]:49285 - 201 142B in 3.1209ms
{"time":"2026-06-08T11:11:40.8571964+08:00","level":"INFO","msg":"pipe not available, retrying","component":"api","simulation_id":3,"pipe":"events","path":"\\\\.\\pipe\\afsim_events","error":"CreateFile pipe: The system cannot find the file specified.","retry_in":2000000000}
{"time":"2026-06-08T11:11:40.8603094+08:00","level":"INFO","msg":"WebSocket connection request","component":"api","simulation_id":"3"}
2026/06/08 11:11:40 [DESKTOP-2269V6M/0I7zd4hyWa-000026] "GET http://localhost:8080/api/simulations/3/ws HTTP/1.1" from [::1]:49286 - 000 0B in 256.1µs
{"time":"2026-06-08T11:11:40.9909331+08:00","level":"INFO","msg":"mission:\r","component":"api","simulation_id":3,"stream":"stdout"}
{"time":"2026-06-08T11:11:40.9909331+08:00","level":"INFO","msg":"    WSF Version: 2.9.0 02-25-2022\r","component":"api","simulation_id":3,"stream":"stdout"}
{"time":"2026-06-08T11:11:40.9914466+08:00","level":"INFO","msg":"    Built: Feb 25 2022 08:12:40\r","component":"api","simulation_id":3,"stream":"stdout"}
{"time":"2026-06-08T11:11:40.9919609+08:00","level":"INFO","msg":"Plugin API version info:\r","component":"api","simulation_id":3,"stream":"stdout"}
{"time":"2026-06-08T11:11:40.9929839+08:00","level":"INFO","msg":"    Version: 2.9\r","component":"api","simulation_id":3,"stream":"stdout"}
{"time":"2026-06-08T11:11:40.9934865+08:00","level":"INFO","msg":"    Compiler: win_1916_64bit_release-hwe\r","component":"api","simulation_id":3,"stream":"stdout"}
{"time":"2026-06-08T11:11:40.994053+08:00","level":"INFO","msg":"Plugins Loaded:\r","component":"api","simulation_id":3,"stream":"stdout"}
{"time":"2026-06-08T11:11:40.9940632+08:00","level":"INFO","msg":"    wsf_alternate_locations.dll, wsf_coverage.dll, wsf_iads_c2.dll, wsf_prompt.dll, wsf_scenario_analyzer.dll, wsf_scenario_analyzer_iads_c2.dll, wsf_air_combat.dll, wsf_annotation.dll, wsf_argo8.dll, wsf_brawler.dll, wsf_event_gateway.dll, wsf_fires.dll, wsf_multiresolution.dll, wsf_oms_uci.dll, wsf_p6dof.dll, wsf_six_dof.dll, wsf_sosm.dll\r","component":"api","simulation_id":3,"stream":"stdout"}
{"time":"2026-06-08T11:11:40.9950879+08:00","level":"INFO","msg":"Extensions Included: \r","component":"api","simulation_id":3,"stream":"stdout"}
{"time":"2026-06-08T11:11:40.9956015+08:00","level":"INFO","msg":"    sensor_plot_lib, wsf_cyber, wsf_grammar_check, wsf_l16, wsf_mil, wsf_mil_parser, wsf_mtt, wsf_nx, wsf_parser, wsf_ripr, wsf_space, wsf_weapon_server, wsf_simdis\r","component":"api","simulation_id":3,"stream":"stdout"}
{"time":"2026-06-08T11:11:40.9961157+08:00","level":"INFO","msg":"\r","component":"api","simulation_id":3,"stream":"stdout"}
{"time":"2026-06-08T11:11:40.9966276+08:00","level":"INFO","msg":"Loading simulation input.\r","component":"api","simulation_id":3,"stream":"stdout"}
{"time":"2026-06-08T11:11:40.9971385+08:00","level":"INFO","msg":"Loading simulation input complete.\r","component":"api","simulation_id":3,"stream":"stdout"}
{"time":"2026-06-08T11:11:40.9976525+08:00","level":"INFO","msg":"    Elapsed Wall Clock Time: 0.0028524\r","component":"api","simulation_id":3,"stream":"stdout"}
{"time":"2026-06-08T11:11:40.9981646+08:00","level":"INFO","msg":"    Elapsed Processor Time : 0\r","component":"api","simulation_id":3,"stream":"stdout"}
{"time":"2026-06-08T11:11:40.9986763+08:00","level":"INFO","msg":"Initializing simulation.\r","component":"api","simulation_id":3,"stream":"stdout"}
{"time":"2026-06-08T11:11:40.999185+08:00","level":"INFO","msg":"***** ERROR: wsf_event_gateway: Created pipe \\\\.\\pipe\\afsim_events successfully\r","component":"api","simulation_id":3,"stream":"stdout"}
{"time":"2026-06-08T11:11:40.9996956+08:00","level":"INFO","msg":"Initializing simulation complete.\r","component":"api","simulation_id":3,"stream":"stdout"}
{"time":"2026-06-08T11:11:41.0002116+08:00","level":"INFO","msg":"    Elapsed Wall Clock Time: 0.0060933\r","component":"api","simulation_id":3,"stream":"stdout"}
{"time":"2026-06-08T11:11:41.0012244+08:00","level":"INFO","msg":"    Elapsed Processor Time : 0\r","component":"api","simulation_id":3,"stream":"stdout"}
{"time":"2026-06-08T11:11:41.0017457+08:00","level":"INFO","msg":"Starting simulation.\r","component":"api","simulation_id":3,"stream":"stdout"}
{"time":"2026-06-08T11:11:41.0022581+08:00","level":"INFO","msg":"T = 0\r","component":"api","simulation_id":3,"stream":"stdout"}
{"time":"2026-06-08T11:11:42.8585809+08:00","level":"INFO","msg":"connected to named pipe","component":"api","simulation_id":3,"pipe":"events","path":"\\\\.\\pipe\\afsim_events","access":"read-only"}
{"time":"2026-06-08T11:11:42.8592942+08:00","level":"INFO","msg":"connected to named pipe","component":"api","simulation_id":3,"pipe":"control","path":"\\\\.\\pipe\\afsim_control","access":"write-only"}
{"time":"2026-06-08T11:11:42.8598165+08:00","level":"INFO","msg":"connected to both AFSIM pipes, starting event loop","component":"api","simulation_id":3}
{"time":"2026-06-08T11:11:51.0015064+08:00","level":"INFO","msg":"T = 10.000\r","component":"api","simulation_id":3,"stream":"stdout"}
{"time":"2026-06-08T11:12:00.999926+08:00","level":"INFO","msg":"T = 20.000\r","component":"api","simulation_id":3,"stream":"stdout"}
2026/06/08 11:12:04 [DESKTOP-2269V6M/0I7zd4hyWa-000027] "GET http://localhost:8080/api/scenarios HTTP/1.1" from [::1]:49327 - 200 65B in 0s
{"time":"2026-06-08T11:12:08.4998566+08:00","level":"INFO","msg":"terminating mission.exe","component":"api","simulation_id":3}
{"time":"2026-06-08T11:12:08.5093816+08:00","level":"ERROR","msg":"failed to read from event pipe","component":"api","simulation_id":3,"error":"reading length prefix: The pipe has been ended."}
{"time":"2026-06-08T11:12:08.5093816+08:00","level":"ERROR","msg":"connector error","component":"api","simulation_id":3,"error":"event pipe read error: reading length prefix: The pipe has been ended."}
{"time":"2026-06-08T11:12:08.5191063+08:00","level":"INFO","msg":"mission.exe exited","component":"api","simulation_id":3,"error":"exit status 1"}
2026/06/08 11:12:08 [DESKTOP-2269V6M/0I7zd4hyWa-000028] "POST http://localhost:8080/api/simulations/3/terminate HTTP/1.1" from [::1]:49334 - 200 23B in 19.8046ms
2026/06/08 11:12:10 [DESKTOP-2269V6M/0I7zd4hyWa-000029] "POST http://localhost:8080/api/simulations/3/terminate HTTP/1.1" from [::1]:49345 - 200 23B in 0s
2026/06/08 11:12:10 [DESKTOP-2269V6M/0I7zd4hyWa-000030] "POST http://localhost:8080/api/simulations/3/terminate HTTP/1.1" from [::1]:49347 - 200 23B in 0s
2026/06/08 11:12:10 [DESKTOP-2269V6M/0I7zd4hyWa-000031] "POST http://localhost:8080/api/simulations/3/terminate HTTP/1.1" from [::1]:49349 - 200 23B in 0s
2026/06/08 11:12:11 [DESKTOP-2269V6M/0I7zd4hyWa-000032] "POST http://localhost:8080/api/simulations/3/pause HTTP/1.1" from [::1]:49351 - 404 49B in 0s
2026/06/08 11:12:12 [DESKTOP-2269V6M/0I7zd4hyWa-000033] "POST http://localhost:8080/api/simulations/3/pause HTTP/1.1" from [::1]:49359 - 404 49B in 0s
2026/06/08 11:12:13 [DESKTOP-2269V6M/0I7zd4hyWa-000034] "POST http://localhost:8080/api/simulations/3/terminate HTTP/1.1" from [::1]:49364 - 200 23B in 0s
2026/06/08 11:12:14 [DESKTOP-2269V6M/0I7zd4hyWa-000035] "POST http://localhost:8080/api/simulations/3/pause HTTP/1.1" from [::1]:49366 - 404 49B in 0s
2026/06/08 11:12:17 [DESKTOP-2269V6M/0I7zd4hyWa-000036] "POST http://localhost:8080/api/simulations/3/step HTTP/1.1" from [::1]:49371 - 404 49B in 0s
2026/06/08 11:12:18 [DESKTOP-2269V6M/0I7zd4hyWa-000037] "POST http://localhost:8080/api/simulations/3/step HTTP/1.1" from [::1]:49373 - 404 49B in 0s
2026/06/08 11:12:18 [DESKTOP-2269V6M/0I7zd4hyWa-000038] "POST http://localhost:8080/api/simulations/3/pause HTTP/1.1" from [::1]:49375 - 404 49B in 0s
2026/06/08 11:12:18 [DESKTOP-2269V6M/0I7zd4hyWa-000039] "POST http://localhost:8080/api/simulations/3/step HTTP/1.1" from [::1]:49377 - 404 49B in 0s
2026/06/08 11:12:19 [DESKTOP-2269V6M/0I7zd4hyWa-000040] "POST http://localhost:8080/api/simulations/3/step HTTP/1.1" from [::1]:49382 - 404 49B in 0s
2026/06/08 11:12:20 [DESKTOP-2269V6M/0I7zd4hyWa-000041] "POST http://localhost:8080/api/simulations/3/step HTTP/1.1" from [::1]:49387 - 404 49B in 0s
2026/06/08 11:12:21 [DESKTOP-2269V6M/0I7zd4hyWa-000042] "POST http://localhost:8080/api/simulations/3/step HTTP/1.1" from [::1]:49389 - 404 49B in 0s
2026/06/08 11:12:24 [DESKTOP-2269V6M/0I7zd4hyWa-000043] "OPTIONS http://localhost:8080/api/v1/timeseries/replays HTTP/1.1" from [::1]:49393 - 204 0B in 0s
2026/06/08 11:12:24 [DESKTOP-2269V6M/0I7zd4hyWa-000044] "OPTIONS http://localhost:8080/api/v1/timeseries/replays HTTP/1.1" from [::1]:49394 - 204 0B in 0s
2026/06/08 11:12:24 [DESKTOP-2269V6M/0I7zd4hyWa-000045] "GET http://localhost:8080/api/v1/timeseries/replays HTTP/1.1" from [::1]:49393 - 404 19B in 0s
2026/06/08 11:12:24 [DESKTOP-2269V6M/0I7zd4hyWa-000046] "GET http://localhost:8080/api/v1/timeseries/replays HTTP/1.1" from [::1]:49393 - 404 19B in 0s
2026/06/08 11:12:24 [DESKTOP-2269V6M/0I7zd4hyWa-000047] "POST http://localhost:8080/api/simulations/3/step HTTP/1.1" from [::1]:49396 - 404 49B in 0s
2026/06/08 11:12:25 [DESKTOP-2269V6M/0I7zd4hyWa-000048] "POST http://localhost:8080/api/simulations/3/step HTTP/1.1" from [::1]:49398 - 404 49B in 0s
2026/06/08 11:14:38 [DESKTOP-2269V6M/0I7zd4hyWa-000049] "GET http://localhost:8080/api/scenarios HTTP/1.1" from [::1]:49540 - 200 65B in 0s
2026/06/08 11:14:38 [DESKTOP-2269V6M/0I7zd4hyWa-000050] "GET http://localhost:8080/api/scenarios HTTP/1.1" from [::1]:49542 - 200 65B in 0s
{"time":"2026-06-08T11:14:47.5457309+08:00","level":"INFO","msg":"uploaded scenario","component":"api","filename":"test1v1.zip.scenario","size":31853}
2026/06/08 11:14:47 [DESKTOP-2269V6M/0I7zd4hyWa-000051] "POST http://localhost:8080/api/scenarios HTTP/1.1" from [::1]:49554 - 201 63B in 1.019ms
2026/06/08 11:14:47 [DESKTOP-2269V6M/0I7zd4hyWa-000052] "GET http://localhost:8080/api/scenarios HTTP/1.1" from [::1]:49556 - 200 129B in 0s
2026/06/08 11:14:53 [DESKTOP-2269V6M/0I7zd4hyWa-000053] "POST http://localhost:8080/api/simulations/3/pause HTTP/1.1" from [::1]:49574 - 404 49B in 0s
2026/06/08 11:14:53 [DESKTOP-2269V6M/0I7zd4hyWa-000054] "POST http://localhost:8080/api/simulations/3/step HTTP/1.1" from [::1]:49576 - 404 49B in 0s
2026/06/08 11:14:54 [DESKTOP-2269V6M/0I7zd4hyWa-000055] "POST http://localhost:8080/api/simulations/3/pause HTTP/1.1" from [::1]:49578 - 404 49B in 0s
2026/06/08 11:14:54 [DESKTOP-2269V6M/0I7zd4hyWa-000056] "POST http://localhost:8080/api/simulations/3/step HTTP/1.1" from [::1]:49580 - 404 49B in 0s
2026/06/08 11:14:56 [DESKTOP-2269V6M/0I7zd4hyWa-000057] "POST http://localhost:8080/api/simulations/3/pause HTTP/1.1" from [::1]:49582 - 404 49B in 0s
2026/06/08 11:14:56 [DESKTOP-2269V6M/0I7zd4hyWa-000058] "POST http://localhost:8080/api/simulations/3/step HTTP/1.1" from [::1]:49584 - 404 49B in 0s
2026/06/08 11:14:58 [DESKTOP-2269V6M/0I7zd4hyWa-000059] "GET http://localhost:8080/api/scenarios HTTP/1.1" from [::1]:49586 - 200 129B in 0s
2026/06/08 11:15:00 [DESKTOP-2269V6M/0I7zd4hyWa-000060] "POST http://localhost:8080/api/simulations/3/pause HTTP/1.1" from [::1]:49595 - 404 49B in 0s
2026/06/08 11:15:00 [DESKTOP-2269V6M/0I7zd4hyWa-000061] "POST http://localhost:8080/api/simulations/3/step HTTP/1.1" from [::1]:49597 - 404 49B in 0s
2026/06/08 11:15:44 [DESKTOP-2269V6M/0I7zd4hyWa-000062] "GET http://localhost:8080/api/scenarios HTTP/1.1" from [::1]:49645 - 200 129B in 0s
2026/06/08 11:15:44 [DESKTOP-2269V6M/0I7zd4hyWa-000063] "GET http://localhost:8080/api/scenarios HTTP/1.1" from [::1]:49646 - 200 129B in 0s
{"time":"2026-06-08T11:15:47.6186143+08:00","level":"INFO","msg":"starting mission.exe","component":"api","simulation_id":4,"path":"e:\\AFsim\\afsimweb-master\\AFSim\\afsim-2.9.0-win64\\bin\\mission.exe","scenario":"scenarios\\test1v1.zip","mode":"realtime","args":["-rt","test1v1.zip"]}
2026/06/08 11:15:47 [DESKTOP-2269V6M/0I7zd4hyWa-000064] "POST http://localhost:8080/api/simulations HTTP/1.1" from [::1]:49652 - 201 141B in 3.6381ms
{"time":"2026-06-08T11:15:47.6222524+08:00","level":"INFO","msg":"pipe not available, retrying","component":"api","simulation_id":4,"pipe":"events","path":"\\\\.\\pipe\\afsim_events","error":"CreateFile pipe: The system cannot find the file specified.","retry_in":2000000000}
{"time":"2026-06-08T11:15:47.6255118+08:00","level":"INFO","msg":"WebSocket connection request","component":"api","simulation_id":"4"}
2026/06/08 11:15:47 [DESKTOP-2269V6M/0I7zd4hyWa-000065] "GET http://localhost:8080/api/simulations/4/ws HTTP/1.1" from [::1]:49653 - 000 0B in 608.7µs
{"time":"2026-06-08T11:15:47.8345627+08:00","level":"INFO","msg":"mission:\r","component":"api","simulation_id":4,"stream":"stdout"}
{"time":"2026-06-08T11:15:47.835735+08:00","level":"INFO","msg":"    WSF Version: 2.9.0 02-25-2022\r","component":"api","simulation_id":4,"stream":"stdout"}
{"time":"2026-06-08T11:15:47.838331+08:00","level":"INFO","msg":"    Built: Feb 25 2022 08:12:40\r","component":"api","simulation_id":4,"stream":"stdout"}
{"time":"2026-06-08T11:15:47.838843+08:00","level":"INFO","msg":"Plugin API version info:\r","component":"api","simulation_id":4,"stream":"stdout"}
{"time":"2026-06-08T11:15:47.838843+08:00","level":"INFO","msg":"    Version: 2.9\r","component":"api","simulation_id":4,"stream":"stdout"}
{"time":"2026-06-08T11:15:47.8393589+08:00","level":"INFO","msg":"    Compiler: win_1916_64bit_release-hwe\r","component":"api","simulation_id":4,"stream":"stdout"}
{"time":"2026-06-08T11:15:47.8393589+08:00","level":"INFO","msg":"Plugins Loaded:\r","component":"api","simulation_id":4,"stream":"stdout"}
{"time":"2026-06-08T11:15:47.8398777+08:00","level":"INFO","msg":"    wsf_alternate_locations.dll, wsf_coverage.dll, wsf_iads_c2.dll, wsf_prompt.dll, wsf_scenario_analyzer.dll, wsf_scenario_analyzer_iads_c2.dll, wsf_air_combat.dll, wsf_annotation.dll, wsf_argo8.dll, wsf_brawler.dll, wsf_event_gateway.dll, wsf_fires.dll, wsf_multiresolution.dll, wsf_oms_uci.dll, wsf_p6dof.dll, wsf_six_dof.dll, wsf_sosm.dll\r","component":"api","simulation_id":4,"stream":"stdout"}
{"time":"2026-06-08T11:15:47.8398777+08:00","level":"INFO","msg":"Extensions Included: \r","component":"api","simulation_id":4,"stream":"stdout"}
{"time":"2026-06-08T11:15:47.8398777+08:00","level":"INFO","msg":"    sensor_plot_lib, wsf_cyber, wsf_grammar_check, wsf_l16, wsf_mil, wsf_mil_parser, wsf_mtt, wsf_nx, wsf_parser, wsf_ripr, wsf_space, wsf_weapon_server, wsf_simdis\r","component":"api","simulation_id":4,"stream":"stdout"}
{"time":"2026-06-08T11:15:47.8403928+08:00","level":"INFO","msg":"\r","component":"api","simulation_id":4,"stream":"stdout"}
{"time":"2026-06-08T11:15:47.8403928+08:00","level":"INFO","msg":"Loading simulation input.\r","component":"api","simulation_id":4,"stream":"stdout"}
{"time":"2026-06-08T11:15:47.8414344+08:00","level":"INFO","msg":"\r","component":"api","simulation_id":4,"stream":"stdout"}
{"time":"2026-06-08T11:15:47.8424748+08:00","level":"INFO","msg":"Loading simulation input complete.\r","component":"api","simulation_id":4,"stream":"stdout"}
{"time":"2026-06-08T11:15:47.8435111+08:00","level":"INFO","msg":"    Elapsed Wall Clock Time: 0.0910918\r","component":"api","simulation_id":4,"stream":"stdout"}
{"time":"2026-06-08T11:15:47.8440296+08:00","level":"INFO","msg":"    Elapsed Processor Time : 0.0625\r","component":"api","simulation_id":4,"stream":"stdout"}
{"time":"2026-06-08T11:15:47.8450791+08:00","level":"INFO","msg":"***** FATAL: Could not process input files.\r","component":"api","simulation_id":4,"stream":"stdout"}
{"time":"2026-06-08T11:15:47.8456019+08:00","level":"INFO","msg":"    ***** ERROR: Unknown command: PK\u0003\u0004\u0014\r","component":"api","simulation_id":4,"stream":"stdout"}
{"time":"2026-06-08T11:15:47.8466373+08:00","level":"INFO","msg":"             'test1v1.zip', line 1, near column 6\r","component":"api","simulation_id":4,"stream":"stdout"}
{"time":"2026-06-08T11:15:47.8476797+08:00","level":"INFO","msg":"\r","component":"api","simulation_id":4,"stream":"stdout"}
{"time":"2026-06-08T11:15:47.8481996+08:00","level":"INFO","msg":"Reading of simulation input failed\r","component":"api","simulation_id":4,"stream":"stdout"}
{"time":"2026-06-08T11:15:47.8559705+08:00","level":"ERROR","msg":"mission.exe exited with error","component":"api","simulation_id":4,"error":"exit status 1"}
{"time":"2026-06-08T11:15:49.6241313+08:00","level":"INFO","msg":"pipe not available, retrying","component":"api","simulation_id":4,"pipe":"events","path":"\\\\.\\pipe\\afsim_events","error":"CreateFile pipe: The system cannot find the file specified.","retry_in":2000000000}
{"time":"2026-06-08T11:15:51.625972+08:00","level":"INFO","msg":"pipe not available, retrying","component":"api","simulation_id":4,"pipe":"events","path":"\\\\.\\pipe\\afsim_events","error":"CreateFile pipe: The system cannot find the file specified.","retry_in":2000000000}
2026/06/08 11:15:53 [DESKTOP-2269V6M/0I7zd4hyWa-000066] "POST http://localhost:8080/api/simulations/4/pause HTTP/1.1" from [::1]:49660 - 500 68B in 0s
{"time":"2026-06-08T11:15:53.6286179+08:00","level":"INFO","msg":"pipe not available, retrying","component":"api","simulation_id":4,"pipe":"events","path":"\\\\.\\pipe\\afsim_events","error":"CreateFile pipe: The system cannot find the file specified.","retry_in":2000000000}
2026/06/08 11:15:54 [DESKTOP-2269V6M/0I7zd4hyWa-000067] "POST http://localhost:8080/api/simulations/4/step HTTP/1.1" from [::1]:49661 - 500 67B in 0s
2026/06/08 11:15:54 [DESKTOP-2269V6M/0I7zd4hyWa-000068] "POST http://localhost:8080/api/simulations/4/pause HTTP/1.1" from [::1]:49662 - 500 68B in 0s
2026/06/08 11:15:55 [DESKTOP-2269V6M/0I7zd4hyWa-000069] "POST http://localhost:8080/api/simulations/4/step HTTP/1.1" from [::1]:49670 - 500 67B in 0s
2026/06/08 11:15:55 [DESKTOP-2269V6M/0I7zd4hyWa-000070] "POST http://localhost:8080/api/simulations/4/step HTTP/1.1" from [::1]:49671 - 500 67B in 0s
{"time":"2026-06-08T11:15:55.6291632+08:00","level":"INFO","msg":"pipe not available, retrying","component":"api","simulation_id":4,"pipe":"events","path":"\\\\.\\pipe\\afsim_events","error":"CreateFile pipe: The system cannot find the file specified.","retry_in":2000000000}
2026/06/08 11:15:56 [DESKTOP-2269V6M/0I7zd4hyWa-000071] "POST http://localhost:8080/api/simulations/4/step HTTP/1.1" from [::1]:49673 - 500 67B in 0s
2026/06/08 11:15:56 [DESKTOP-2269V6M/0I7zd4hyWa-000072] "POST http://localhost:8080/api/simulations/4/pause HTTP/1.1" from [::1]:49675 - 500 68B in 0s
2026/06/08 11:15:57 [DESKTOP-2269V6M/0I7zd4hyWa-000073] "POST http://localhost:8080/api/simulations/4/step HTTP/1.1" from [::1]:49677 - 500 67B in 0s
2026/06/08 11:15:57 [DESKTOP-2269V6M/0I7zd4hyWa-000074] "POST http://localhost:8080/api/simulations/4/clock-rate HTTP/1.1" from [::1]:49679 - 400 33B in 0s
{"time":"2026-06-08T11:15:57.6302177+08:00","level":"INFO","msg":"pipe not available, retrying","component":"api","simulation_id":4,"pipe":"events","path":"\\\\.\\pipe\\afsim_events","error":"CreateFile pipe: The system cannot find the file specified.","retry_in":2000000000}
2026/06/08 11:15:57 [DESKTOP-2269V6M/0I7zd4hyWa-000075] "POST http://localhost:8080/api/simulations/4/clock-rate HTTP/1.1" from [::1]:49681 - 400 33B in 0s
2026/06/08 11:15:58 [DESKTOP-2269V6M/0I7zd4hyWa-000076] "POST http://localhost:8080/api/simulations/4/step HTTP/1.1" from [::1]:49683 - 500 67B in 528.8µs
2026/06/08 11:15:58 [DESKTOP-2269V6M/0I7zd4hyWa-000077] "POST http://localhost:8080/api/simulations/4/clock-rate HTTP/1.1" from [::1]:49685 - 400 33B in 0s
2026/06/08 11:15:58 [DESKTOP-2269V6M/0I7zd4hyWa-000078] "POST http://localhost:8080/api/simulations/4/clock-rate HTTP/1.1" from [::1]:49687 - 400 33B in 0s
2026/06/08 11:15:58 [DESKTOP-2269V6M/0I7zd4hyWa-000079] "POST http://localhost:8080/api/simulations/4/clock-rate HTTP/1.1" from [::1]:49689 - 400 33B in 0s
2026/06/08 11:15:58 [DESKTOP-2269V6M/0I7zd4hyWa-000080] "POST http://localhost:8080/api/simulations/4/clock-rate HTTP/1.1" from [::1]:49691 - 400 33B in 0s
2026/06/08 11:15:59 [DESKTOP-2269V6M/0I7zd4hyWa-000081] "POST http://localhost:8080/api/simulations/4/clock-rate HTTP/1.1" from [::1]:49693 - 400 33B in 0s
{"time":"2026-06-08T11:15:59.6307657+08:00","level":"INFO","msg":"pipe not available, retrying","component":"api","simulation_id":4,"pipe":"events","path":"\\\\.\\pipe\\afsim_events","error":"CreateFile pipe: The system cannot find the file specified.","retry_in":2000000000}
2026/06/08 11:15:59 [DESKTOP-2269V6M/0I7zd4hyWa-000082] "POST http://localhost:8080/api/simulations/4/clock-rate HTTP/1.1" from [::1]:49695 - 400 33B in 0s
2026/06/08 11:16:00 [DESKTOP-2269V6M/0I7zd4hyWa-000083] "POST http://localhost:8080/api/simulations/4/clock-rate HTTP/1.1" from [::1]:49697 - 400 33B in 0s
2026/06/08 11:16:00 [DESKTOP-2269V6M/0I7zd4hyWa-000084] "POST http://localhost:8080/api/simulations/4/pause HTTP/1.1" from [::1]:49699 - 500 68B in 0s
2026/06/08 11:16:00 [DESKTOP-2269V6M/0I7zd4hyWa-000085] "POST http://localhost:8080/api/simulations/4/clock-rate HTTP/1.1" from [::1]:49701 - 400 33B in 0s
2026/06/08 11:16:01 [DESKTOP-2269V6M/0I7zd4hyWa-000086] "POST http://localhost:8080/api/simulations/4/clock-rate HTTP/1.1" from [::1]:49703 - 400 33B in 0s
2026/06/08 11:16:01 [DESKTOP-2269V6M/0I7zd4hyWa-000087] "POST http://localhost:8080/api/simulations/4/step HTTP/1.1" from [::1]:49705 - 500 67B in 0s
{"time":"2026-06-08T11:16:01.6314759+08:00","level":"INFO","msg":"pipe not available, retrying","component":"api","simulation_id":4,"pipe":"events","path":"\\\\.\\pipe\\afsim_events","error":"CreateFile pipe: The system cannot find the file specified.","retry_in":2000000000}
2026/06/08 11:16:01 [DESKTOP-2269V6M/0I7zd4hyWa-000088] "POST http://localhost:8080/api/simulations/4/clock-rate HTTP/1.1" from [::1]:49707 - 400 33B in 0s
2026/06/08 11:16:02 [DESKTOP-2269V6M/0I7zd4hyWa-000089] "POST http://localhost:8080/api/simulations/4/step HTTP/1.1" from [::1]:49709 - 500 67B in 20.8µs
{"time":"2026-06-08T11:16:03.6329851+08:00","level":"INFO","msg":"pipe not available, retrying","component":"api","simulation_id":4,"pipe":"events","path":"\\\\.\\pipe\\afsim_events","error":"CreateFile pipe: The system cannot find the file specified.","retry_in":2000000000}
2026/06/08 11:16:04 [DESKTOP-2269V6M/0I7zd4hyWa-000090] "POST http://localhost:8080/api/simulations/4/clock-rate HTTP/1.1" from [::1]:49711 - 400 33B in 0s
2026/06/08 11:16:04 [DESKTOP-2269V6M/0I7zd4hyWa-000091] "POST http://localhost:8080/api/simulations/4/clock-rate HTTP/1.1" from [::1]:49716 - 400 33B in 0s
2026/06/08 11:16:05 [DESKTOP-2269V6M/0I7zd4hyWa-000092] "POST http://localhost:8080/api/simulations/4/clock-rate HTTP/1.1" from [::1]:49718 - 400 33B in 0s
{"time":"2026-06-08T11:16:05.6337923+08:00","level":"INFO","msg":"pipe not available, retrying","component":"api","simulation_id":4,"pipe":"events","path":"\\\\.\\pipe\\afsim_events","error":"CreateFile pipe: The system cannot find the file specified.","retry_in":2000000000}
2026/06/08 11:16:05 [DESKTOP-2269V6M/0I7zd4hyWa-000093] "POST http://localhost:8080/api/simulations/4/clock-rate HTTP/1.1" from [::1]:49720 - 400 33B in 0s
{"time":"2026-06-08T11:16:07.6348069+08:00","level":"INFO","msg":"pipe not available, retrying","component":"api","simulation_id":4,"pipe":"events","path":"\\\\.\\pipe\\afsim_events","error":"CreateFile pipe: The system cannot find the file specified.","retry_in":2000000000}
{"time":"2026-06-08T11:16:09.6362216+08:00","level":"INFO","msg":"pipe not available, retrying","component":"api","simulation_id":4,"pipe":"events","path":"\\\\.\\pipe\\afsim_events","error":"CreateFile pipe: The system cannot find the file specified.","retry_in":2000000000}
{"time":"2026-06-08T11:16:11.6378652+08:00","level":"INFO","msg":"pipe not available, retrying","component":"api","simulation_id":4,"pipe":"events","path":"\\\\.\\pipe\\afsim_events","error":"CreateFile pipe: The system cannot find the file specified.","retry_in":2000000000}
{"time":"2026-06-08T11:16:13.6478796+08:00","level":"INFO","msg":"pipe not available, retrying","component":"api","simulation_id":4,"pipe":"events","path":"\\\\.\\pipe\\afsim_events","error":"CreateFile pipe: The system cannot find the file specified.","retry_in":2000000000}
{"time":"2026-06-08T11:16:15.6489824+08:00","level":"INFO","msg":"pipe not available, retrying","component":"api","simulation_id":4,"pipe":"events","path":"\\\\.\\pipe\\afsim_events","error":"CreateFile pipe: The system cannot find the file specified.","retry_in":2000000000}
{"time":"2026-06-08T11:16:17.6501864+08:00","level":"INFO","msg":"pipe not available, retrying","component":"api","simulation_id":4,"pipe":"events","path":"\\\\.\\pipe\\afsim_events","error":"CreateFile pipe: The system cannot find the file specified.","retry_in":2000000000}
{"time":"2026-06-08T11:16:19.6521767+08:00","level":"INFO","msg":"pipe not available, retrying","component":"api","simulation_id":4,"pipe":"events","path":"\\\\.\\pipe\\afsim_events","error":"CreateFile pipe: The system cannot find the file specified.","retry_in":2000000000}
{"time":"2026-06-08T11:16:21.6532721+08:00","level":"INFO","msg":"pipe not available, retrying","component":"api","simulation_id":4,"pipe":"events","path":"\\\\.\\pipe\\afsim_events","error":"CreateFile pipe: The system cannot find the file specified.","retry_in":2000000000}
{"time":"2026-06-08T11:16:23.6540669+08:00","level":"INFO","msg":"pipe not available, retrying","component":"api","simulation_id":4,"pipe":"events","path":"\\\\.\\pipe\\afsim_events","error":"CreateFile pipe: The system cannot find the file specified.","retry_in":2000000000}
{"time":"2026-06-08T11:16:25.656078+08:00","level":"INFO","msg":"pipe not available, retrying","component":"api","simulation_id":4,"pipe":"events","path":"\\\\.\\pipe\\afsim_events","error":"CreateFile pipe: The system cannot find the file specified.","retry_in":2000000000}
{"time":"2026-06-08T11:16:27.6568473+08:00","level":"INFO","msg":"pipe not available, retrying","component":"api","simulation_id":4,"pipe":"events","path":"\\\\.\\pipe\\afsim_events","error":"CreateFile pipe: The system cannot find the file specified.","retry_in":2000000000}
{"time":"2026-06-08T11:16:29.6579691+08:00","level":"INFO","msg":"pipe not available, retrying","component":"api","simulation_id":4,"pipe":"events","path":"\\\\.\\pipe\\afsim_events","error":"CreateFile pipe: The system cannot find the file specified.","retry_in":2000000000}
{"time":"2026-06-08T11:16:31.6590703+08:00","level":"INFO","msg":"pipe not available, retrying","component":"api","simulation_id":4,"pipe":"events","path":"\\\\.\\pipe\\afsim_events","error":"CreateFile pipe: The system cannot find the file specified.","retry_in":2000000000}
{"time":"2026-06-08T11:16:33.6602474+08:00","level":"INFO","msg":"pipe not available, retrying","component":"api","simulation_id":4,"pipe":"events","path":"\\\\.\\pipe\\afsim_events","error":"CreateFile pipe: The system cannot find the file specified.","retry_in":2000000000}
{"time":"2026-06-08T11:16:35.6621009+08:00","level":"INFO","msg":"pipe not available, retrying","component":"api","simulation_id":4,"pipe":"events","path":"\\\\.\\pipe\\afsim_events","error":"CreateFile pipe: The system cannot find the file specified.","retry_in":2000000000}
{"time":"2026-06-08T11:16:37.6640548+08:00","level":"INFO","msg":"pipe not available, retrying","component":"api","simulation_id":4,"pipe":"events","path":"\\\\.\\pipe\\afsim_events","error":"CreateFile pipe: The system cannot find the file specified.","retry_in":2000000000}
{"time":"2026-06-08T11:16:39.6658687+08:00","level":"INFO","msg":"pipe not available, retrying","component":"api","simulation_id":4,"pipe":"events","path":"\\\\.\\pipe\\afsim_events","error":"CreateFile pipe: The system cannot find the file specified.","retry_in":2000000000}
{"time":"2026-06-08T11:16:41.6668131+08:00","level":"INFO","msg":"pipe not available, retrying","component":"api","simulation_id":4,"pipe":"events","path":"\\\\.\\pipe\\afsim_events","error":"CreateFile pipe: The system cannot find the file specified.","retry_in":2000000000}
{"time":"2026-06-08T11:16:43.6677079+08:00","level":"INFO","msg":"pipe not available, retrying","component":"api","simulation_id":4,"pipe":"events","path":"\\\\.\\pipe\\afsim_events","error":"CreateFile pipe: The system cannot find the file specified.","retry_in":2000000000}
{"time":"2026-06-08T11:16:45.6692504+08:00","level":"INFO","msg":"pipe not available, retrying","component":"api","simulation_id":4,"pipe":"events","path":"\\\\.\\pipe\\afsim_events","error":"CreateFile pipe: The system cannot find the file specified.","retry_in":2000000000}
{"time":"2026-06-08T11:16:47.6705196+08:00","level":"INFO","msg":"pipe not available, retrying","component":"api","simulation_id":4,"pipe":"events","path":"\\\\.\\pipe\\afsim_events","error":"CreateFile pipe: The system cannot find the file specified.","retry_in":2000000000}
{"time":"2026-06-08T11:16:49.6722459+08:00","level":"INFO","msg":"pipe not available, retrying","component":"api","simulation_id":4,"pipe":"events","path":"\\\\.\\pipe\\afsim_events","error":"CreateFile pipe: The system cannot find the file specified.","retry_in":2000000000}
{"time":"2026-06-08T11:16:51.6738862+08:00","level":"INFO","msg":"pipe not available, retrying","component":"api","simulation_id":4,"pipe":"events","path":"\\\\.\\pipe\\afsim_events","error":"CreateFile pipe: The system cannot find the file specified.","retry_in":2000000000}
{"time":"2026-06-08T11:16:53.6751387+08:00","level":"INFO","msg":"pipe not available, retrying","component":"api","simulation_id":4,"pipe":"events","path":"\\\\.\\pipe\\afsim_events","error":"CreateFile pipe: The system cannot find the file specified.","retry_in":2000000000}
{"time":"2026-06-08T11:16:55.676973+08:00","level":"INFO","msg":"pipe not available, retrying","component":"api","simulation_id":4,"pipe":"events","path":"\\\\.\\pipe\\afsim_events","error":"CreateFile pipe: The system cannot find the file specified.","retry_in":2000000000}
{"time":"2026-06-08T11:16:57.6786827+08:00","level":"INFO","msg":"pipe not available, retrying","component":"api","simulation_id":4,"pipe":"events","path":"\\\\.\\pipe\\afsim_events","error":"CreateFile pipe: The system cannot find the file specified.","retry_in":2000000000}
2026/06/08 11:16:59 [DESKTOP-2269V6M/0I7zd4hyWa-000094] "GET http://localhost:8080/api/simulations HTTP/1.1" from [::1]:49765 - 405 0B in 0s
{"time":"2026-06-08T11:16:59.6800935+08:00","level":"INFO","msg":"pipe not available, retrying","component":"api","simulation_id":4,"pipe":"events","path":"\\\\.\\pipe\\afsim_events","error":"CreateFile pipe: The system cannot find the file specified.","retry_in":2000000000}
{"time":"2026-06-08T11:17:01.6807432+08:00","level":"INFO","msg":"pipe not available, retrying","component":"api","simulation_id":4,"pipe":"events","path":"\\\\.\\pipe\\afsim_events","error":"CreateFile pipe: The system cannot find the file specified.","retry_in":2000000000}
{"time":"2026-06-08T11:17:03.6818511+08:00","level":"INFO","msg":"pipe not available, retrying","component":"api","simulation_id":4,"pipe":"events","path":"\\\\.\\pipe\\afsim_events","error":"CreateFile pipe: The system cannot find the file specified.","retry_in":2000000000}
{"time":"2026-06-08T11:17:05.6828298+08:00","level":"INFO","msg":"pipe not available, retrying","component":"api","simulation_id":4,"pipe":"events","path":"\\\\.\\pipe\\afsim_events","error":"CreateFile pipe: The system cannot find the file specified.","retry_in":2000000000}
2026/06/08 11:17:05 [DESKTOP-2269V6M/0I7zd4hyWa-000095] "GET http://localhost:8080/api/simulations HTTP/1.1" from [::1]:49769 - 405 0B in 999.5µs
{"time":"2026-06-08T11:17:07.6839251+08:00","level":"INFO","msg":"pipe not available, retrying","component":"api","simulation_id":4,"pipe":"events","path":"\\\\.\\pipe\\afsim_events","error":"CreateFile pipe: The system cannot find the file specified.","retry_in":2000000000}
{"time":"2026-06-08T11:17:09.6855033+08:00","level":"INFO","msg":"pipe not available, retrying","component":"api","simulation_id":4,"pipe":"events","path":"\\\\.\\pipe\\afsim_events","error":"CreateFile pipe: The system cannot find the file specified.","retry_in":2000000000}
{"time":"2026-06-08T11:17:11.6871001+08:00","level":"INFO","msg":"pipe not available, retrying","component":"api","simulation_id":4,"pipe":"events","path":"\\\\.\\pipe\\afsim_events","error":"CreateFile pipe: The system cannot find the file specified.","retry_in":2000000000}
{"time":"2026-06-08T11:17:13.6887094+08:00","level":"INFO","msg":"pipe not available, retrying","component":"api","simulation_id":4,"pipe":"events","path":"\\\\.\\pipe\\afsim_events","error":"CreateFile pipe: The system cannot find the file specified.","retry_in":2000000000}
{"time":"2026-06-08T11:17:15.689691+08:00","level":"INFO","msg":"pipe not available, retrying","component":"api","simulation_id":4,"pipe":"events","path":"\\\\.\\pipe\\afsim_events","error":"CreateFile pipe: The system cannot find the file specified.","retry_in":2000000000}
{"time":"2026-06-08T11:17:17.6916373+08:00","level":"INFO","msg":"pipe not available, retrying","component":"api","simulation_id":4,"pipe":"events","path":"\\\\.\\pipe\\afsim_events","error":"CreateFile pipe: The system cannot find the file specified.","retry_in":2000000000}
2026/06/08 11:17:19 [DESKTOP-2269V6M/0I7zd4hyWa-000096] "GET http://localhost:8080/api/simulations?status=running HTTP/1.1" from [::1]:49797 - 405 0B in 0s
2026/06/08 11:17:19 [DESKTOP-2269V6M/0I7zd4hyWa-000097] "GET http://localhost:8080/health HTTP/1.1" from [::1]:49798 - 200 88B in 0s
{"time":"2026-06-08T11:17:19.6926927+08:00","level":"INFO","msg":"pipe not available, retrying","component":"api","simulation_id":4,"pipe":"events","path":"\\\\.\\pipe\\afsim_events","error":"CreateFile pipe: The system cannot find the file specified.","retry_in":2000000000}
{"time":"2026-06-08T11:17:21.6944775+08:00","level":"INFO","msg":"pipe not available, retrying","component":"api","simulation_id":4,"pipe":"events","path":"\\\\.\\pipe\\afsim_events","error":"CreateFile pipe: The system cannot find the file specified.","retry_in":2000000000}
{"time":"2026-06-08T11:17:23.6958779+08:00","level":"INFO","msg":"pipe not available, retrying","component":"api","simulation_id":4,"pipe":"events","path":"\\\\.\\pipe\\afsim_events","error":"CreateFile pipe: The system cannot find the file specified.","retry_in":2000000000}
{"time":"2026-06-08T11:17:25.6979944+08:00","level":"INFO","msg":"pipe not available, retrying","component":"api","simulation_id":4,"pipe":"events","path":"\\\\.\\pipe\\afsim_events","error":"CreateFile pipe: The system cannot find the file specified.","retry_in":2000000000}
{"time":"2026-06-08T11:17:27.6992974+08:00","level":"INFO","msg":"pipe not available, retrying","component":"api","simulation_id":4,"pipe":"events","path":"\\\\.\\pipe\\afsim_events","error":"CreateFile pipe: The system cannot find the file specified.","retry_in":2000000000}
{"time":"2026-06-08T11:17:29.7003647+08:00","level":"INFO","msg":"pipe not available, retrying","component":"api","simulation_id":4,"pipe":"events","path":"\\\\.\\pipe\\afsim_events","error":"CreateFile pipe: The system cannot find the file specified.","retry_in":2000000000}
{"time":"2026-06-08T11:17:31.7022436+08:00","level":"INFO","msg":"pipe not available, retrying","component":"api","simulation_id":4,"pipe":"events","path":"\\\\.\\pipe\\afsim_events","error":"CreateFile pipe: The system cannot find the file specified.","retry_in":2000000000}
{"time":"2026-06-08T11:17:33.7035723+08:00","level":"INFO","msg":"pipe not available, retrying","component":"api","simulation_id":4,"pipe":"events","path":"\\\\.\\pipe\\afsim_events","error":"CreateFile pipe: The system cannot find the file specified.","retry_in":2000000000}
{"time":"2026-06-08T11:17:35.7049174+08:00","level":"INFO","msg":"pipe not available, retrying","component":"api","simulation_id":4,"pipe":"events","path":"\\\\.\\pipe\\afsim_events","error":"CreateFile pipe: The system cannot find the file specified.","retry_in":2000000000}
{"time":"2026-06-08T11:17:37.7067265+08:00","level":"INFO","msg":"pipe not available, retrying","component":"api","simulation_id":4,"pipe":"events","path":"\\\\.\\pipe\\afsim_events","error":"CreateFile pipe: The system cannot find the file specified.","retry_in":2000000000}
{"time":"2026-06-08T11:17:40.4087462+08:00","level":"INFO","msg":"pipe not available, retrying","component":"api","simulation_id":4,"pipe":"events","path":"\\\\.\\pipe\\afsim_events","error":"CreateFile pipe: The system cannot find the file specified.","retry_in":2000000000}
{"time":"2026-06-08T11:17:42.4098081+08:00","level":"INFO","msg":"pipe not available, retrying","component":"api","simulation_id":4,"pipe":"events","path":"\\\\.\\pipe\\afsim_events","error":"CreateFile pipe: The system cannot find the file specified.","retry_in":2000000000}
{"time":"2026-06-08T11:17:44.4241742+08:00","level":"INFO","msg":"pipe not available, retrying","component":"api","simulation_id":4,"pipe":"events","path":"\\\\.\\pipe\\afsim_events","error":"CreateFile pipe: The system cannot find the file specified.","retry_in":2000000000}
{"time":"2026-06-08T11:17:46.577358+08:00","level":"INFO","msg":"pipe not available, retrying","component":"api","simulation_id":4,"pipe":"events","path":"\\\\.\\pipe\\afsim_events","error":"CreateFile pipe: The system cannot find the file specified.","retry_in":2000000000}
{"time":"2026-06-08T11:17:48.5953026+08:00","level":"INFO","msg":"pipe not available, retrying","component":"api","simulation_id":4,"pipe":"events","path":"\\\\.\\pipe\\afsim_events","error":"CreateFile pipe: The system cannot find the file specified.","retry_in":2000000000}
{"time":"2026-06-08T11:17:50.7127677+08:00","level":"INFO","msg":"pipe not available, retrying","component":"api","simulation_id":4,"pipe":"events","path":"\\\\.\\pipe\\afsim_events","error":"CreateFile pipe: The system cannot find the file specified.","retry_in":2000000000}
{"time":"2026-06-08T11:17:52.7148426+08:00","level":"INFO","msg":"pipe not available, retrying","component":"api","simulation_id":4,"pipe":"events","path":"\\\\.\\pipe\\afsim_events","error":"CreateFile pipe: The system cannot find the file specified.","retry_in":2000000000}
{"time":"2026-06-08T11:17:54.7163149+08:00","level":"INFO","msg":"pipe not available, retrying","component":"api","simulation_id":4,"pipe":"events","path":"\\\\.\\pipe\\afsim_events","error":"CreateFile pipe: The system cannot find the file specified.","retry_in":2000000000}
{"time":"2026-06-08T11:17:56.7169875+08:00","level":"INFO","msg":"pipe not available, retrying","component":"api","simulation_id":4,"pipe":"events","path":"\\\\.\\pipe\\afsim_events","error":"CreateFile pipe: The system cannot find the file specified.","retry_in":2000000000}
2026/06/08 11:17:58 [DESKTOP-2269V6M/0I7zd4hyWa-000098] "GET http://localhost:8080/api/simulations/2 HTTP/1.1" from [::1]:49854 - 404 32B in 0s
{"time":"2026-06-08T11:17:58.717924+08:00","level":"INFO","msg":"pipe not available, retrying","component":"api","simulation_id":4,"pipe":"events","path":"\\\\.\\pipe\\afsim_events","error":"CreateFile pipe: The system cannot find the file specified.","retry_in":2000000000}
{"time":"2026-06-08T11:18:00.7189461+08:00","level":"INFO","msg":"pipe not available, retrying","component":"api","simulation_id":4,"pipe":"events","path":"\\\\.\\pipe\\afsim_events","error":"CreateFile pipe: The system cannot find the file specified.","retry_in":2000000000}
{"time":"2026-06-08T11:18:02.7199133+08:00","level":"INFO","msg":"pipe not available, retrying","component":"api","simulation_id":4,"pipe":"events","path":"\\\\.\\pipe\\afsim_events","error":"CreateFile pipe: The system cannot find the file specified.","retry_in":2000000000}
{"time":"2026-06-08T11:18:04.721094+08:00","level":"INFO","msg":"pipe not available, retrying","component":"api","simulation_id":4,"pipe":"events","path":"\\\\.\\pipe\\afsim_events","error":"CreateFile pipe: The system cannot find the file specified.","retry_in":2000000000}
{"time":"2026-06-08T11:18:06.7222562+08:00","level":"INFO","msg":"pipe not available, retrying","component":"api","simulation_id":4,"pipe":"events","path":"\\\\.\\pipe\\afsim_events","error":"CreateFile pipe: The system cannot find the file specified.","retry_in":2000000000}
{"time":"2026-06-08T11:18:08.7236278+08:00","level":"INFO","msg":"pipe not available, retrying","component":"api","simulation_id":4,"pipe":"events","path":"\\\\.\\pipe\\afsim_events","error":"CreateFile pipe: The system cannot find the file specified.","retry_in":2000000000}
{"time":"2026-06-08T11:18:10.7252944+08:00","level":"INFO","msg":"pipe not available, retrying","component":"api","simulation_id":4,"pipe":"events","path":"\\\\.\\pipe\\afsim_events","error":"CreateFile pipe: The system cannot find the file specified.","retry_in":2000000000}
{"time":"2026-06-08T11:18:12.7270757+08:00","level":"INFO","msg":"pipe not available, retrying","component":"api","simulation_id":4,"pipe":"events","path":"\\\\.\\pipe\\afsim_events","error":"CreateFile pipe: The system cannot find the file specified.","retry_in":2000000000}
{"time":"2026-06-08T11:18:14.7277264+08:00","level":"INFO","msg":"pipe not available, retrying","component":"api","simulation_id":4,"pipe":"events","path":"\\\\.\\pipe\\afsim_events","error":"CreateFile pipe: The system cannot find the file specified.","retry_in":2000000000}
{"time":"2026-06-08T11:18:16.7292506+08:00","level":"INFO","msg":"pipe not available, retrying","component":"api","simulation_id":4,"pipe":"events","path":"\\\\.\\pipe\\afsim_events","error":"CreateFile pipe: The system cannot find the file specified.","retry_in":2000000000}
{"time":"2026-06-08T11:18:18.7303746+08:00","level":"INFO","msg":"pipe not available, retrying","component":"api","simulation_id":4,"pipe":"events","path":"\\\\.\\pipe\\afsim_events","error":"CreateFile pipe: The system cannot find the file specified.","retry_in":2000000000}
{"time":"2026-06-08T11:18:20.731549+08:00","level":"INFO","msg":"pipe not available, retrying","component":"api","simulation_id":4,"pipe":"events","path":"\\\\.\\pipe\\afsim_events","error":"CreateFile pipe: The system cannot find the file specified.","retry_in":2000000000}
{"time":"2026-06-08T11:18:22.733196+08:00","level":"INFO","msg":"pipe not available, retrying","component":"api","simulation_id":4,"pipe":"events","path":"\\\\.\\pipe\\afsim_events","error":"CreateFile pipe: The system cannot find the file specified.","retry_in":2000000000}
{"time":"2026-06-08T11:18:24.7348926+08:00","level":"INFO","msg":"pipe not available, retrying","component":"api","simulation_id":4,"pipe":"events","path":"\\\\.\\pipe\\afsim_events","error":"CreateFile pipe: The system cannot find the file specified.","retry_in":2000000000}
{"time":"2026-06-08T11:18:26.7453165+08:00","level":"INFO","msg":"pipe not available, retrying","component":"api","simulation_id":4,"pipe":"events","path":"\\\\.\\pipe\\afsim_events","error":"CreateFile pipe: The system cannot find the file specified.","retry_in":2000000000}
{"time":"2026-06-08T11:18:28.7463662+08:00","level":"INFO","msg":"pipe not available, retrying","component":"api","simulation_id":4,"pipe":"events","path":"\\\\.\\pipe\\afsim_events","error":"CreateFile pipe: The system cannot find the file specified.","retry_in":2000000000}
{"time":"2026-06-08T11:18:30.747748+08:00","level":"INFO","msg":"pipe not available, retrying","component":"api","simulation_id":4,"pipe":"events","path":"\\\\.\\pipe\\afsim_events","error":"CreateFile pipe: The system cannot find the file specified.","retry_in":2000000000}
{"time":"2026-06-08T11:18:32.7489444+08:00","level":"INFO","msg":"pipe not available, retrying","component":"api","simulation_id":4,"pipe":"events","path":"\\\\.\\pipe\\afsim_events","error":"CreateFile pipe: The system cannot find the file specified.","retry_in":2000000000}
{"time":"2026-06-08T11:18:34.7509494+08:00","level":"INFO","msg":"pipe not available, retrying","component":"api","simulation_id":4,"pipe":"events","path":"\\\\.\\pipe\\afsim_events","error":"CreateFile pipe: The system cannot find the file specified.","retry_in":2000000000}
{"time":"2026-06-08T11:18:36.7519346+08:00","level":"INFO","msg":"pipe not available, retrying","component":"api","simulation_id":4,"pipe":"events","path":"\\\\.\\pipe\\afsim_events","error":"CreateFile pipe: The system cannot find the file specified.","retry_in":2000000000}
{"time":"2026-06-08T11:18:38.7536301+08:00","level":"INFO","msg":"pipe not available, retrying","component":"api","simulation_id":4,"pipe":"events","path":"\\\\.\\pipe\\afsim_events","error":"CreateFile pipe: The system cannot find the file specified.","retry_in":2000000000}
{"time":"2026-06-08T11:18:40.7547626+08:00","level":"INFO","msg":"pipe not available, retrying","component":"api","simulation_id":4,"pipe":"events","path":"\\\\.\\pipe\\afsim_events","error":"CreateFile pipe: The system cannot find the file specified.","retry_in":2000000000}
{"time":"2026-06-08T11:18:42.7568488+08:00","level":"INFO","msg":"pipe not available, retrying","component":"api","simulation_id":4,"pipe":"events","path":"\\\\.\\pipe\\afsim_events","error":"CreateFile pipe: The system cannot find the file specified.","retry_in":2000000000}
{"time":"2026-06-08T11:18:44.7584716+08:00","level":"INFO","msg":"pipe not available, retrying","component":"api","simulation_id":4,"pipe":"events","path":"\\\\.\\pipe\\afsim_events","error":"CreateFile pipe: The system cannot find the file specified.","retry_in":2000000000}
{"time":"2026-06-08T11:18:46.7591143+08:00","level":"INFO","msg":"pipe not available, retrying","component":"api","simulation_id":4,"pipe":"events","path":"\\\\.\\pipe\\afsim_events","error":"CreateFile pipe: The system cannot find the file specified.","retry_in":2000000000}
{"time":"2026-06-08T11:18:48.7613668+08:00","level":"INFO","msg":"pipe not available, retrying","component":"api","simulation_id":4,"pipe":"events","path":"\\\\.\\pipe\\afsim_events","error":"CreateFile pipe: The system cannot find the file specified.","retry_in":2000000000}
{"time":"2026-06-08T11:18:50.7632652+08:00","level":"INFO","msg":"pipe not available, retrying","component":"api","simulation_id":4,"pipe":"events","path":"\\\\.\\pipe\\afsim_events","error":"CreateFile pipe: The system cannot find the file specified.","retry_in":2000000000}
{"time":"2026-06-08T11:18:52.7645655+08:00","level":"INFO","msg":"pipe not available, retrying","component":"api","simulation_id":4,"pipe":"events","path":"\\\\.\\pipe\\afsim_events","error":"CreateFile pipe: The system cannot find the file specified.","retry_in":2000000000}
{"time":"2026-06-08T11:18:54.7660069+08:00","level":"INFO","msg":"pipe not available, retrying","component":"api","simulation_id":4,"pipe":"events","path":"\\\\.\\pipe\\afsim_events","error":"CreateFile pipe: The system cannot find the file specified.","retry_in":2000000000}
{"time":"2026-06-08T11:18:56.7981423+08:00","level":"INFO","msg":"pipe not available, retrying","component":"api","simulation_id":4,"pipe":"events","path":"\\\\.\\pipe\\afsim_events","error":"CreateFile pipe: The system cannot find the file specified.","retry_in":2000000000}
{"time":"2026-06-08T11:18:58.7999255+08:00","level":"INFO","msg":"pipe not available, retrying","component":"api","simulation_id":4,"pipe":"events","path":"\\\\.\\pipe\\afsim_events","error":"CreateFile pipe: The system cannot find the file specified.","retry_in":2000000000}
{"time":"2026-06-08T11:19:00.8015826+08:00","level":"INFO","msg":"pipe not available, retrying","component":"api","simulation_id":4,"pipe":"events","path":"\\\\.\\pipe\\afsim_events","error":"CreateFile pipe: The system cannot find the file specified.","retry_in":2000000000}
{"time":"2026-06-08T11:19:02.8035125+08:00","level":"INFO","msg":"pipe not available, retrying","component":"api","simulation_id":4,"pipe":"events","path":"\\\\.\\pipe\\afsim_events","error":"CreateFile pipe: The system cannot find the file specified.","retry_in":2000000000}
{"time":"2026-06-08T11:19:04.8049489+08:00","level":"INFO","msg":"pipe not available, retrying","component":"api","simulation_id":4,"pipe":"events","path":"\\\\.\\pipe\\afsim_events","error":"CreateFile pipe: The system cannot find the file specified.","retry_in":2000000000}
{"time":"2026-06-08T11:19:06.8071287+08:00","level":"INFO","msg":"pipe not available, retrying","component":"api","simulation_id":4,"pipe":"events","path":"\\\\.\\pipe\\afsim_events","error":"CreateFile pipe: The system cannot find the file specified.","retry_in":2000000000}
{"time":"2026-06-08T11:19:08.8089619+08:00","level":"INFO","msg":"pipe not available, retrying","component":"api","simulation_id":4,"pipe":"events","path":"\\\\.\\pipe\\afsim_events","error":"CreateFile pipe: The system cannot find the file specified.","retry_in":2000000000}
{"time":"2026-06-08T11:19:10.8104447+08:00","level":"INFO","msg":"pipe not available, retrying","component":"api","simulation_id":4,"pipe":"events","path":"\\\\.\\pipe\\afsim_events","error":"CreateFile pipe: The system cannot find the file specified.","retry_in":2000000000}
{"time":"2026-06-08T11:19:12.8124724+08:00","level":"INFO","msg":"pipe not available, retrying","component":"api","simulation_id":4,"pipe":"events","path":"\\\\.\\pipe\\afsim_events","error":"CreateFile pipe: The system cannot find the file specified.","retry_in":2000000000}
{"time":"2026-06-08T11:19:14.8135446+08:00","level":"INFO","msg":"pipe not available, retrying","component":"api","simulation_id":4,"pipe":"events","path":"\\\\.\\pipe\\afsim_events","error":"CreateFile pipe: The system cannot find the file specified.","retry_in":2000000000}
{"time":"2026-06-08T11:19:16.8151982+08:00","level":"INFO","msg":"pipe not available, retrying","component":"api","simulation_id":4,"pipe":"events","path":"\\\\.\\pipe\\afsim_events","error":"CreateFile pipe: The system cannot find the file specified.","retry_in":2000000000}
{"time":"2026-06-08T11:19:18.816674+08:00","level":"INFO","msg":"pipe not available, retrying","component":"api","simulation_id":4,"pipe":"events","path":"\\\\.\\pipe\\afsim_events","error":"CreateFile pipe: The system cannot find the file specified.","retry_in":2000000000}
{"time":"2026-06-08T11:19:20.8184413+08:00","level":"INFO","msg":"pipe not available, retrying","component":"api","simulation_id":4,"pipe":"events","path":"\\\\.\\pipe\\afsim_events","error":"CreateFile pipe: The system cannot find the file specified.","retry_in":2000000000}
{"time":"2026-06-08T11:19:22.8197127+08:00","level":"INFO","msg":"pipe not available, retrying","component":"api","simulation_id":4,"pipe":"events","path":"\\\\.\\pipe\\afsim_events","error":"CreateFile pipe: The system cannot find the file specified.","retry_in":2000000000}
{"time":"2026-06-08T11:19:24.820895+08:00","level":"INFO","msg":"pipe not available, retrying","component":"api","simulation_id":4,"pipe":"events","path":"\\\\.\\pipe\\afsim_events","error":"CreateFile pipe: The system cannot find the file specified.","retry_in":2000000000}
{"time":"2026-06-08T11:19:26.8222698+08:00","level":"INFO","msg":"pipe not available, retrying","component":"api","simulation_id":4,"pipe":"events","path":"\\\\.\\pipe\\afsim_events","error":"CreateFile pipe: The system cannot find the file specified.","retry_in":2000000000}
{"time":"2026-06-08T11:19:28.8233712+08:00","level":"INFO","msg":"pipe not available, retrying","component":"api","simulation_id":4,"pipe":"events","path":"\\\\.\\pipe\\afsim_events","error":"CreateFile pipe: The system cannot find the file specified.","retry_in":2000000000}
{"time":"2026-06-08T11:19:30.8248998+08:00","level":"INFO","msg":"pipe not available, retrying","component":"api","simulation_id":4,"pipe":"events","path":"\\\\.\\pipe\\afsim_events","error":"CreateFile pipe: The system cannot find the file specified.","retry_in":2000000000}
{"time":"2026-06-08T11:19:32.8266339+08:00","level":"INFO","msg":"pipe not available, retrying","component":"api","simulation_id":4,"pipe":"events","path":"\\\\.\\pipe\\afsim_events","error":"CreateFile pipe: The system cannot find the file specified.","retry_in":2000000000}
{"time":"2026-06-08T11:19:34.8282913+08:00","level":"INFO","msg":"pipe not available, retrying","component":"api","simulation_id":4,"pipe":"events","path":"\\\\.\\pipe\\afsim_events","error":"CreateFile pipe: The system cannot find the file specified.","retry_in":2000000000}
{"time":"2026-06-08T11:19:36.8295822+08:00","level":"INFO","msg":"pipe not available, retrying","component":"api","simulation_id":4,"pipe":"events","path":"\\\\.\\pipe\\afsim_events","error":"CreateFile pipe: The system cannot find the file specified.","retry_in":2000000000}
{"time":"2026-06-08T11:19:38.8316838+08:00","level":"INFO","msg":"pipe not available, retrying","component":"api","simulation_id":4,"pipe":"events","path":"\\\\.\\pipe\\afsim_events","error":"CreateFile pipe: The system cannot find the file specified.","retry_in":2000000000}
{"time":"2026-06-08T11:19:40.8329123+08:00","level":"INFO","msg":"pipe not available, retrying","component":"api","simulation_id":4,"pipe":"events","path":"\\\\.\\pipe\\afsim_events","error":"CreateFile pipe: The system cannot find the file specified.","retry_in":2000000000}
{"time":"2026-06-08T11:19:42.8336652+08:00","level":"INFO","msg":"pipe not available, retrying","component":"api","simulation_id":4,"pipe":"events","path":"\\\\.\\pipe\\afsim_events","error":"CreateFile pipe: The system cannot find the file specified.","retry_in":2000000000}
{"time":"2026-06-08T11:19:44.8346075+08:00","level":"INFO","msg":"pipe not available, retrying","component":"api","simulation_id":4,"pipe":"events","path":"\\\\.\\pipe\\afsim_events","error":"CreateFile pipe: The system cannot find the file specified.","retry_in":2000000000}
2026/06/08 11:19:46 [DESKTOP-2269V6M/0I7zd4hyWa-000099] "GET http://localhost:8080/api/scenarios HTTP/1.1" from [::1]:49991 - 200 129B in 0s
2026/06/08 11:19:46 [DESKTOP-2269V6M/0I7zd4hyWa-000100] "GET http://localhost:8080/api/scenarios HTTP/1.1" from [::1]:49992 - 200 129B in 0s
{"time":"2026-06-08T11:19:46.8348543+08:00","level":"INFO","msg":"pipe not available, retrying","component":"api","simulation_id":4,"pipe":"events","path":"\\\\.\\pipe\\afsim_events","error":"CreateFile pipe: The system cannot find the file specified.","retry_in":2000000000}
{"time":"2026-06-08T11:19:48.8359403+08:00","level":"INFO","msg":"pipe not available, retrying","component":"api","simulation_id":4,"pipe":"events","path":"\\\\.\\pipe\\afsim_events","error":"CreateFile pipe: The system cannot find the file specified.","retry_in":2000000000}
{"time":"2026-06-08T11:19:50.8378753+08:00","level":"INFO","msg":"pipe not available, retrying","component":"api","simulation_id":4,"pipe":"events","path":"\\\\.\\pipe\\afsim_events","error":"CreateFile pipe: The system cannot find the file specified.","retry_in":2000000000}
{"time":"2026-06-08T11:19:52.8384669+08:00","level":"INFO","msg":"pipe not available, retrying","component":"api","simulation_id":4,"pipe":"events","path":"\\\\.\\pipe\\afsim_events","error":"CreateFile pipe: The system cannot find the file specified.","retry_in":2000000000}
{"time":"2026-06-08T11:19:54.8398522+08:00","level":"INFO","msg":"pipe not available, retrying","component":"api","simulation_id":4,"pipe":"events","path":"\\\\.\\pipe\\afsim_events","error":"CreateFile pipe: The system cannot find the file specified.","retry_in":2000000000}
{"time":"2026-06-08T11:19:56.8403852+08:00","level":"INFO","msg":"pipe not available, retrying","component":"api","simulation_id":4,"pipe":"events","path":"\\\\.\\pipe\\afsim_events","error":"CreateFile pipe: The system cannot find the file specified.","retry_in":2000000000}
{"time":"2026-06-08T11:19:58.8411891+08:00","level":"INFO","msg":"pipe not available, retrying","component":"api","simulation_id":4,"pipe":"events","path":"\\\\.\\pipe\\afsim_events","error":"CreateFile pipe: The system cannot find the file specified.","retry_in":2000000000}
{"time":"2026-06-08T11:20:00.8432755+08:00","level":"INFO","msg":"pipe not available, retrying","component":"api","simulation_id":4,"pipe":"events","path":"\\\\.\\pipe\\afsim_events","error":"CreateFile pipe: The system cannot find the file specified.","retry_in":2000000000}
{"time":"2026-06-08T11:20:02.8439266+08:00","level":"INFO","msg":"pipe not available, retrying","component":"api","simulation_id":4,"pipe":"events","path":"\\\\.\\pipe\\afsim_events","error":"CreateFile pipe: The system cannot find the file specified.","retry_in":2000000000}
{"time":"2026-06-08T11:20:04.8454645+08:00","level":"INFO","msg":"pipe not available, retrying","component":"api","simulation_id":4,"pipe":"events","path":"\\\\.\\pipe\\afsim_events","error":"CreateFile pipe: The system cannot find the file specified.","retry_in":2000000000}
{"time":"2026-06-08T11:20:06.8469586+08:00","level":"INFO","msg":"pipe not available, retrying","component":"api","simulation_id":4,"pipe":"events","path":"\\\\.\\pipe\\afsim_events","error":"CreateFile pipe: The system cannot find the file specified.","retry_in":2000000000}
{"time":"2026-06-08T11:20:08.8482093+08:00","level":"INFO","msg":"pipe not available, retrying","component":"api","simulation_id":4,"pipe":"events","path":"\\\\.\\pipe\\afsim_events","error":"CreateFile pipe: The system cannot find the file specified.","retry_in":2000000000}
{"time":"2026-06-08T11:20:10.8497502+08:00","level":"INFO","msg":"pipe not available, retrying","component":"api","simulation_id":4,"pipe":"events","path":"\\\\.\\pipe\\afsim_events","error":"CreateFile pipe: The system cannot find the file specified.","retry_in":2000000000}
{"time":"2026-06-08T11:20:12.8511048+08:00","level":"INFO","msg":"pipe not available, retrying","component":"api","simulation_id":4,"pipe":"events","path":"\\\\.\\pipe\\afsim_events","error":"CreateFile pipe: The system cannot find the file specified.","retry_in":2000000000}
{"time":"2026-06-08T11:20:14.8523213+08:00","level":"INFO","msg":"pipe not available, retrying","component":"api","simulation_id":4,"pipe":"events","path":"\\\\.\\pipe\\afsim_events","error":"CreateFile pipe: The system cannot find the file specified.","retry_in":2000000000}
{"time":"2026-06-08T11:20:16.8542061+08:00","level":"INFO","msg":"pipe not available, retrying","component":"api","simulation_id":4,"pipe":"events","path":"\\\\.\\pipe\\afsim_events","error":"CreateFile pipe: The system cannot find the file specified.","retry_in":2000000000}
{"time":"2026-06-08T11:20:18.8562583+08:00","level":"INFO","msg":"pipe not available, retrying","component":"api","simulation_id":4,"pipe":"events","path":"\\\\.\\pipe\\afsim_events","error":"CreateFile pipe: The system cannot find the file specified.","retry_in":2000000000}
{"time":"2026-06-08T11:20:20.8582864+08:00","level":"INFO","msg":"pipe not available, retrying","component":"api","simulation_id":4,"pipe":"events","path":"\\\\.\\pipe\\afsim_events","error":"CreateFile pipe: The system cannot find the file specified.","retry_in":2000000000}
{"time":"2026-06-08T11:20:22.8604788+08:00","level":"INFO","msg":"pipe not available, retrying","component":"api","simulation_id":4,"pipe":"events","path":"\\\\.\\pipe\\afsim_events","error":"CreateFile pipe: The system cannot find the file specified.","retry_in":2000000000}
{"time":"2026-06-08T11:20:24.8615737+08:00","level":"INFO","msg":"pipe not available, retrying","component":"api","simulation_id":4,"pipe":"events","path":"\\\\.\\pipe\\afsim_events","error":"CreateFile pipe: The system cannot find the file specified.","retry_in":2000000000}
{"time":"2026-06-08T11:20:26.8631286+08:00","level":"INFO","msg":"pipe not available, retrying","component":"api","simulation_id":4,"pipe":"events","path":"\\\\.\\pipe\\afsim_events","error":"CreateFile pipe: The system cannot find the file specified.","retry_in":2000000000}
{"time":"2026-06-08T11:20:28.8645666+08:00","level":"INFO","msg":"pipe not available, retrying","component":"api","simulation_id":4,"pipe":"events","path":"\\\\.\\pipe\\afsim_events","error":"CreateFile pipe: The system cannot find the file specified.","retry_in":2000000000}
{"time":"2026-06-08T11:20:30.866177+08:00","level":"INFO","msg":"pipe not available, retrying","component":"api","simulation_id":4,"pipe":"events","path":"\\\\.\\pipe\\afsim_events","error":"CreateFile pipe: The system cannot find the file specified.","retry_in":2000000000}
{"time":"2026-06-08T11:20:32.867433+08:00","level":"INFO","msg":"pipe not available, retrying","component":"api","simulation_id":4,"pipe":"events","path":"\\\\.\\pipe\\afsim_events","error":"CreateFile pipe: The system cannot find the file specified.","retry_in":2000000000}
{"time":"2026-06-08T11:20:34.8693387+08:00","level":"INFO","msg":"pipe not available, retrying","component":"api","simulation_id":4,"pipe":"events","path":"\\\\.\\pipe\\afsim_events","error":"CreateFile pipe: The system cannot find the file specified.","retry_in":2000000000}
{"time":"2026-06-08T11:20:36.8705749+08:00","level":"INFO","msg":"pipe not available, retrying","component":"api","simulation_id":4,"pipe":"events","path":"\\\\.\\pipe\\afsim_events","error":"CreateFile pipe: The system cannot find the file specified.","retry_in":2000000000}
{"time":"2026-06-08T11:20:38.8715508+08:00","level":"INFO","msg":"pipe not available, retrying","component":"api","simulation_id":4,"pipe":"events","path":"\\\\.\\pipe\\afsim_events","error":"CreateFile pipe: The system cannot find the file specified.","retry_in":2000000000}
{"time":"2026-06-08T11:20:40.8728563+08:00","level":"INFO","msg":"pipe not available, retrying","component":"api","simulation_id":4,"pipe":"events","path":"\\\\.\\pipe\\afsim_events","error":"CreateFile pipe: The system cannot find the file specified.","retry_in":2000000000}
{"time":"2026-06-08T11:20:42.8744413+08:00","level":"INFO","msg":"pipe not available, retrying","component":"api","simulation_id":4,"pipe":"events","path":"\\\\.\\pipe\\afsim_events","error":"CreateFile pipe: The system cannot find the file specified.","retry_in":2000000000}
{"time":"2026-06-08T11:20:44.8764777+08:00","level":"INFO","msg":"pipe not available, retrying","component":"api","simulation_id":4,"pipe":"events","path":"\\\\.\\pipe\\afsim_events","error":"CreateFile pipe: The system cannot find the file specified.","retry_in":2000000000}
{"time":"2026-06-08T11:20:46.8776877+08:00","level":"INFO","msg":"pipe not available, retrying","component":"api","simulation_id":4,"pipe":"events","path":"\\\\.\\pipe\\afsim_events","error":"CreateFile pipe: The system cannot find the file specified.","retry_in":2000000000}
{"time":"2026-06-08T11:20:48.878442+08:00","level":"INFO","msg":"pipe not available, retrying","component":"api","simulation_id":4,"pipe":"events","path":"\\\\.\\pipe\\afsim_events","error":"CreateFile pipe: The system cannot find the file specified.","retry_in":2000000000}
{"time":"2026-06-08T11:20:50.8798986+08:00","level":"INFO","msg":"pipe not available, retrying","component":"api","simulation_id":4,"pipe":"events","path":"\\\\.\\pipe\\afsim_events","error":"CreateFile pipe: The system cannot find the file specified.","retry_in":2000000000}
{"time":"2026-06-08T11:20:52.8811306+08:00","level":"INFO","msg":"pipe not available, retrying","component":"api","simulation_id":4,"pipe":"events","path":"\\\\.\\pipe\\afsim_events","error":"CreateFile pipe: The system cannot find the file specified.","retry_in":2000000000}
{"time":"2026-06-08T11:20:54.8828663+08:00","level":"INFO","msg":"pipe not available, retrying","component":"api","simulation_id":4,"pipe":"events","path":"\\\\.\\pipe\\afsim_events","error":"CreateFile pipe: The system cannot find the file specified.","retry_in":2000000000}
{"time":"2026-06-08T11:20:56.8847614+08:00","level":"INFO","msg":"pipe not available, retrying","component":"api","simulation_id":4,"pipe":"events","path":"\\\\.\\pipe\\afsim_events","error":"CreateFile pipe: The system cannot find the file specified.","retry_in":2000000000}
{"time":"2026-06-08T11:20:58.8855613+08:00","level":"INFO","msg":"pipe not available, retrying","component":"api","simulation_id":4,"pipe":"events","path":"\\\\.\\pipe\\afsim_events","error":"CreateFile pipe: The system cannot find the file specified.","retry_in":2000000000}
{"time":"2026-06-08T11:21:00.8874673+08:00","level":"INFO","msg":"pipe not available, retrying","component":"api","simulation_id":4,"pipe":"events","path":"\\\\.\\pipe\\afsim_events","error":"CreateFile pipe: The system cannot find the file specified.","retry_in":2000000000}
{"time":"2026-06-08T11:21:02.8886259+08:00","level":"INFO","msg":"pipe not available, retrying","component":"api","simulation_id":4,"pipe":"events","path":"\\\\.\\pipe\\afsim_events","error":"CreateFile pipe: The system cannot find the file specified.","retry_in":2000000000}
{"time":"2026-06-08T11:21:04.8901233+08:00","level":"INFO","msg":"pipe not available, retrying","component":"api","simulation_id":4,"pipe":"events","path":"\\\\.\\pipe\\afsim_events","error":"CreateFile pipe: The system cannot find the file specified.","retry_in":2000000000}
{"time":"2026-06-08T11:21:06.891249+08:00","level":"INFO","msg":"pipe not available, retrying","component":"api","simulation_id":4,"pipe":"events","path":"\\\\.\\pipe\\afsim_events","error":"CreateFile pipe: The system cannot find the file specified.","retry_in":2000000000}
{"time":"2026-06-08T11:21:08.8921247+08:00","level":"INFO","msg":"pipe not available, retrying","component":"api","simulation_id":4,"pipe":"events","path":"\\\\.\\pipe\\afsim_events","error":"CreateFile pipe: The system cannot find the file specified.","retry_in":2000000000}
{"time":"2026-06-08T11:21:10.8932538+08:00","level":"INFO","msg":"pipe not available, retrying","component":"api","simulation_id":4,"pipe":"events","path":"\\\\.\\pipe\\afsim_events","error":"CreateFile pipe: The system cannot find the file specified.","retry_in":2000000000}
{"time":"2026-06-08T11:21:12.8946945+08:00","level":"INFO","msg":"pipe not available, retrying","component":"api","simulation_id":4,"pipe":"events","path":"\\\\.\\pipe\\afsim_events","error":"CreateFile pipe: The system cannot find the file specified.","retry_in":2000000000}
{"time":"2026-06-08T11:21:14.8960985+08:00","level":"INFO","msg":"pipe not available, retrying","component":"api","simulation_id":4,"pipe":"events","path":"\\\\.\\pipe\\afsim_events","error":"CreateFile pipe: The system cannot find the file specified.","retry_in":2000000000}
{"time":"2026-06-08T11:21:16.8981228+08:00","level":"INFO","msg":"pipe not available, retrying","component":"api","simulation_id":4,"pipe":"events","path":"\\\\.\\pipe\\afsim_events","error":"CreateFile pipe: The system cannot find the file specified.","retry_in":2000000000}
{"time":"2026-06-08T11:21:18.8983319+08:00","level":"INFO","msg":"pipe not available, retrying","component":"api","simulation_id":4,"pipe":"events","path":"\\\\.\\pipe\\afsim_events","error":"CreateFile pipe: The system cannot find the file specified.","retry_in":2000000000}
{"time":"2026-06-08T11:21:20.8997757+08:00","level":"INFO","msg":"pipe not available, retrying","component":"api","simulation_id":4,"pipe":"events","path":"\\\\.\\pipe\\afsim_events","error":"CreateFile pipe: The system cannot find the file specified.","retry_in":2000000000}
{"time":"2026-06-08T11:21:22.9013663+08:00","level":"INFO","msg":"pipe not available, retrying","component":"api","simulation_id":4,"pipe":"events","path":"\\\\.\\pipe\\afsim_events","error":"CreateFile pipe: The system cannot find the file specified.","retry_in":2000000000}
{"time":"2026-06-08T11:21:24.9025921+08:00","level":"INFO","msg":"pipe not available, retrying","component":"api","simulation_id":4,"pipe":"events","path":"\\\\.\\pipe\\afsim_events","error":"CreateFile pipe: The system cannot find the file specified.","retry_in":2000000000}
{"time":"2026-06-08T11:21:26.9043667+08:00","level":"INFO","msg":"pipe not available, retrying","component":"api","simulation_id":4,"pipe":"events","path":"\\\\.\\pipe\\afsim_events","error":"CreateFile pipe: The system cannot find the file specified.","retry_in":2000000000}
{"time":"2026-06-08T11:21:28.9061275+08:00","level":"INFO","msg":"pipe not available, retrying","component":"api","simulation_id":4,"pipe":"events","path":"\\\\.\\pipe\\afsim_events","error":"CreateFile pipe: The system cannot find the file specified.","retry_in":2000000000}
{"time":"2026-06-08T11:21:30.9109848+08:00","level":"INFO","msg":"pipe not available, retrying","component":"api","simulation_id":4,"pipe":"events","path":"\\\\.\\pipe\\afsim_events","error":"CreateFile pipe: The system cannot find the file specified.","retry_in":2000000000}
{"time":"2026-06-08T11:21:32.9124944+08:00","level":"INFO","msg":"pipe not available, retrying","component":"api","simulation_id":4,"pipe":"events","path":"\\\\.\\pipe\\afsim_events","error":"CreateFile pipe: The system cannot find the file specified.","retry_in":2000000000}
{"time":"2026-06-08T11:21:34.9140126+08:00","level":"INFO","msg":"pipe not available, retrying","component":"api","simulation_id":4,"pipe":"events","path":"\\\\.\\pipe\\afsim_events","error":"CreateFile pipe: The system cannot find the file specified.","retry_in":2000000000}
{"time":"2026-06-08T11:21:36.9149589+08:00","level":"INFO","msg":"pipe not available, retrying","component":"api","simulation_id":4,"pipe":"events","path":"\\\\.\\pipe\\afsim_events","error":"CreateFile pipe: The system cannot find the file specified.","retry_in":2000000000}
{"time":"2026-06-08T11:21:38.9166606+08:00","level":"INFO","msg":"pipe not available, retrying","component":"api","simulation_id":4,"pipe":"events","path":"\\\\.\\pipe\\afsim_events","error":"CreateFile pipe: The system cannot find the file specified.","retry_in":2000000000}
{"time":"2026-06-08T11:21:40.918335+08:00","level":"INFO","msg":"pipe not available, retrying","component":"api","simulation_id":4,"pipe":"events","path":"\\\\.\\pipe\\afsim_events","error":"CreateFile pipe: The system cannot find the file specified.","retry_in":2000000000}
{"time":"2026-06-08T11:21:42.9200911+08:00","level":"INFO","msg":"pipe not available, retrying","component":"api","simulation_id":4,"pipe":"events","path":"\\\\.\\pipe\\afsim_events","error":"CreateFile pipe: The system cannot find the file specified.","retry_in":2000000000}
{"time":"2026-06-08T11:21:44.9221734+08:00","level":"INFO","msg":"pipe not available, retrying","component":"api","simulation_id":4,"pipe":"events","path":"\\\\.\\pipe\\afsim_events","error":"CreateFile pipe: The system cannot find the file specified.","retry_in":2000000000}
{"time":"2026-06-08T11:21:46.9234063+08:00","level":"INFO","msg":"pipe not available, retrying","component":"api","simulation_id":4,"pipe":"events","path":"\\\\.\\pipe\\afsim_events","error":"CreateFile pipe: The system cannot find the file specified.","retry_in":2000000000}
{"time":"2026-06-08T11:21:48.9252261+08:00","level":"INFO","msg":"pipe not available, retrying","component":"api","simulation_id":4,"pipe":"events","path":"\\\\.\\pipe\\afsim_events","error":"CreateFile pipe: The system cannot find the file specified.","retry_in":2000000000}
{"time":"2026-06-08T11:21:50.9265117+08:00","level":"INFO","msg":"pipe not available, retrying","component":"api","simulation_id":4,"pipe":"events","path":"\\\\.\\pipe\\afsim_events","error":"CreateFile pipe: The system cannot find the file specified.","retry_in":2000000000}
{"time":"2026-06-08T11:21:52.9276535+08:00","level":"INFO","msg":"pipe not available, retrying","component":"api","simulation_id":4,"pipe":"events","path":"\\\\.\\pipe\\afsim_events","error":"CreateFile pipe: The system cannot find the file specified.","retry_in":2000000000}
{"time":"2026-06-08T11:21:54.9290266+08:00","level":"INFO","msg":"pipe not available, retrying","component":"api","simulation_id":4,"pipe":"events","path":"\\\\.\\pipe\\afsim_events","error":"CreateFile pipe: The system cannot find the file specified.","retry_in":2000000000}
{"time":"2026-06-08T11:21:56.9305742+08:00","level":"INFO","msg":"pipe not available, retrying","component":"api","simulation_id":4,"pipe":"events","path":"\\\\.\\pipe\\afsim_events","error":"CreateFile pipe: The system cannot find the file specified.","retry_in":2000000000}
{"time":"2026-06-08T11:21:58.93098+08:00","level":"INFO","msg":"pipe not available, retrying","component":"api","simulation_id":4,"pipe":"events","path":"\\\\.\\pipe\\afsim_events","error":"CreateFile pipe: The system cannot find the file specified.","retry_in":2000000000}
{"time":"2026-06-08T11:22:00.9324993+08:00","level":"INFO","msg":"pipe not available, retrying","component":"api","simulation_id":4,"pipe":"events","path":"\\\\.\\pipe\\afsim_events","error":"CreateFile pipe: The system cannot find the file specified.","retry_in":2000000000}
{"time":"2026-06-08T11:22:02.9340164+08:00","level":"INFO","msg":"pipe not available, retrying","component":"api","simulation_id":4,"pipe":"events","path":"\\\\.\\pipe\\afsim_events","error":"CreateFile pipe: The system cannot find the file specified.","retry_in":2000000000}
{"time":"2026-06-08T11:22:04.9356024+08:00","level":"INFO","msg":"pipe not available, retrying","component":"api","simulation_id":4,"pipe":"events","path":"\\\\.\\pipe\\afsim_events","error":"CreateFile pipe: The system cannot find the file specified.","retry_in":2000000000}
{"time":"2026-06-08T11:22:06.9374888+08:00","level":"INFO","msg":"pipe not available, retrying","component":"api","simulation_id":4,"pipe":"events","path":"\\\\.\\pipe\\afsim_events","error":"CreateFile pipe: The system cannot find the file specified.","retry_in":2000000000}
{"time":"2026-06-08T11:22:08.9390837+08:00","level":"INFO","msg":"pipe not available, retrying","component":"api","simulation_id":4,"pipe":"events","path":"\\\\.\\pipe\\afsim_events","error":"CreateFile pipe: The system cannot find the file specified.","retry_in":2000000000}
{"time":"2026-06-08T11:22:10.9402801+08:00","level":"INFO","msg":"pipe not available, retrying","component":"api","simulation_id":4,"pipe":"events","path":"\\\\.\\pipe\\afsim_events","error":"CreateFile pipe: The system cannot find the file specified.","retry_in":2000000000}
{"time":"2026-06-08T11:22:12.9415628+08:00","level":"INFO","msg":"pipe not available, retrying","component":"api","simulation_id":4,"pipe":"events","path":"\\\\.\\pipe\\afsim_events","error":"CreateFile pipe: The system cannot find the file specified.","retry_in":2000000000}
{"time":"2026-06-08T11:22:14.9430389+08:00","level":"INFO","msg":"pipe not available, retrying","component":"api","simulation_id":4,"pipe":"events","path":"\\\\.\\pipe\\afsim_events","error":"CreateFile pipe: The system cannot find the file specified.","retry_in":2000000000}
{"time":"2026-06-08T11:22:16.9444231+08:00","level":"INFO","msg":"pipe not available, retrying","component":"api","simulation_id":4,"pipe":"events","path":"\\\\.\\pipe\\afsim_events","error":"CreateFile pipe: The system cannot find the file specified.","retry_in":2000000000}
{"time":"2026-06-08T11:22:18.945482+08:00","level":"INFO","msg":"pipe not available, retrying","component":"api","simulation_id":4,"pipe":"events","path":"\\\\.\\pipe\\afsim_events","error":"CreateFile pipe: The system cannot find the file specified.","retry_in":2000000000}
{"time":"2026-06-08T11:22:20.9472527+08:00","level":"INFO","msg":"pipe not available, retrying","component":"api","simulation_id":4,"pipe":"events","path":"\\\\.\\pipe\\afsim_events","error":"CreateFile pipe: The system cannot find the file specified.","retry_in":2000000000}
{"time":"2026-06-08T11:22:22.9484581+08:00","level":"INFO","msg":"pipe not available, retrying","component":"api","simulation_id":4,"pipe":"events","path":"\\\\.\\pipe\\afsim_events","error":"CreateFile pipe: The system cannot find the file specified.","retry_in":2000000000}
{"time":"2026-06-08T11:22:24.9498716+08:00","level":"INFO","msg":"pipe not available, retrying","component":"api","simulation_id":4,"pipe":"events","path":"\\\\.\\pipe\\afsim_events","error":"CreateFile pipe: The system cannot find the file specified.","retry_in":2000000000}
{"time":"2026-06-08T11:22:26.9515658+08:00","level":"INFO","msg":"pipe not available, retrying","component":"api","simulation_id":4,"pipe":"events","path":"\\\\.\\pipe\\afsim_events","error":"CreateFile pipe: The system cannot find the file specified.","retry_in":2000000000}
{"time":"2026-06-08T11:22:28.9532463+08:00","level":"INFO","msg":"pipe not available, retrying","component":"api","simulation_id":4,"pipe":"events","path":"\\\\.\\pipe\\afsim_events","error":"CreateFile pipe: The system cannot find the file specified.","retry_in":2000000000}
{"time":"2026-06-08T11:22:30.9549474+08:00","level":"INFO","msg":"pipe not available, retrying","component":"api","simulation_id":4,"pipe":"events","path":"\\\\.\\pipe\\afsim_events","error":"CreateFile pipe: The system cannot find the file specified.","retry_in":2000000000}
{"time":"2026-06-08T11:22:32.9568331+08:00","level":"INFO","msg":"pipe not available, retrying","component":"api","simulation_id":4,"pipe":"events","path":"\\\\.\\pipe\\afsim_events","error":"CreateFile pipe: The system cannot find the file specified.","retry_in":2000000000}
{"time":"2026-06-08T11:22:34.9579793+08:00","level":"INFO","msg":"pipe not available, retrying","component":"api","simulation_id":4,"pipe":"events","path":"\\\\.\\pipe\\afsim_events","error":"CreateFile pipe: The system cannot find the file specified.","retry_in":2000000000}
{"time":"2026-06-08T11:22:36.9596786+08:00","level":"INFO","msg":"pipe not available, retrying","component":"api","simulation_id":4,"pipe":"events","path":"\\\\.\\pipe\\afsim_events","error":"CreateFile pipe: The system cannot find the file specified.","retry_in":2000000000}
{"time":"2026-06-08T11:22:38.9601448+08:00","level":"INFO","msg":"pipe not available, retrying","component":"api","simulation_id":4,"pipe":"events","path":"\\\\.\\pipe\\afsim_events","error":"CreateFile pipe: The system cannot find the file specified.","retry_in":2000000000}
{"time":"2026-06-08T11:22:40.9621924+08:00","level":"INFO","msg":"pipe not available, retrying","component":"api","simulation_id":4,"pipe":"events","path":"\\\\.\\pipe\\afsim_events","error":"CreateFile pipe: The system cannot find the file specified.","retry_in":2000000000}
{"time":"2026-06-08T11:22:42.9637927+08:00","level":"INFO","msg":"pipe not available, retrying","component":"api","simulation_id":4,"pipe":"events","path":"\\\\.\\pipe\\afsim_events","error":"CreateFile pipe: The system cannot find the file specified.","retry_in":2000000000}
{"time":"2026-06-08T11:22:44.964385+08:00","level":"INFO","msg":"pipe not available, retrying","component":"api","simulation_id":4,"pipe":"events","path":"\\\\.\\pipe\\afsim_events","error":"CreateFile pipe: The system cannot find the file specified.","retry_in":2000000000}
{"time":"2026-06-08T11:22:46.9657292+08:00","level":"INFO","msg":"pipe not available, retrying","component":"api","simulation_id":4,"pipe":"events","path":"\\\\.\\pipe\\afsim_events","error":"CreateFile pipe: The system cannot find the file specified.","retry_in":2000000000}
{"time":"2026-06-08T11:22:48.9670871+08:00","level":"INFO","msg":"pipe not available, retrying","component":"api","simulation_id":4,"pipe":"events","path":"\\\\.\\pipe\\afsim_events","error":"CreateFile pipe: The system cannot find the file specified.","retry_in":2000000000}
{"time":"2026-06-08T11:22:50.9687682+08:00","level":"INFO","msg":"pipe not available, retrying","component":"api","simulation_id":4,"pipe":"events","path":"\\\\.\\pipe\\afsim_events","error":"CreateFile pipe: The system cannot find the file specified.","retry_in":2000000000}
{"time":"2026-06-08T11:22:52.9693008+08:00","level":"INFO","msg":"pipe not available, retrying","component":"api","simulation_id":4,"pipe":"events","path":"\\\\.\\pipe\\afsim_events","error":"CreateFile pipe: The system cannot find the file specified.","retry_in":2000000000}
2026/06/08 11:22:53 [DESKTOP-2269V6M/0I7zd4hyWa-000101] "GET http://localhost:8080/api/scenarios HTTP/1.1" from [::1]:50350 - 200 129B in 0s
2026/06/08 11:22:53 [DESKTOP-2269V6M/0I7zd4hyWa-000102] "GET http://localhost:8080/api/scenarios HTTP/1.1" from [::1]:50351 - 200 129B in 0s
{"time":"2026-06-08T11:22:54.9711322+08:00","level":"INFO","msg":"pipe not available, retrying","component":"api","simulation_id":4,"pipe":"events","path":"\\\\.\\pipe\\afsim_events","error":"CreateFile pipe: The system cannot find the file specified.","retry_in":2000000000}
{"time":"2026-06-08T11:22:56.9720526+08:00","level":"INFO","msg":"pipe not available, retrying","component":"api","simulation_id":4,"pipe":"events","path":"\\\\.\\pipe\\afsim_events","error":"CreateFile pipe: The system cannot find the file specified.","retry_in":2000000000}
{"time":"2026-06-08T11:22:58.9728374+08:00","level":"INFO","msg":"pipe not available, retrying","component":"api","simulation_id":4,"pipe":"events","path":"\\\\.\\pipe\\afsim_events","error":"CreateFile pipe: The system cannot find the file specified.","retry_in":2000000000}
{"time":"2026-06-08T11:23:00.9746787+08:00","level":"INFO","msg":"pipe not available, retrying","component":"api","simulation_id":4,"pipe":"events","path":"\\\\.\\pipe\\afsim_events","error":"CreateFile pipe: The system cannot find the file specified.","retry_in":2000000000}
{"time":"2026-06-08T11:23:02.9759998+08:00","level":"INFO","msg":"pipe not available, retrying","component":"api","simulation_id":4,"pipe":"events","path":"\\\\.\\pipe\\afsim_events","error":"CreateFile pipe: The system cannot find the file specified.","retry_in":2000000000}
{"time":"2026-06-08T11:23:04.9771295+08:00","level":"INFO","msg":"pipe not available, retrying","component":"api","simulation_id":4,"pipe":"events","path":"\\\\.\\pipe\\afsim_events","error":"CreateFile pipe: The system cannot find the file specified.","retry_in":2000000000}
{"time":"2026-06-08T11:23:06.9778349+08:00","level":"INFO","msg":"pipe not available, retrying","component":"api","simulation_id":4,"pipe":"events","path":"\\\\.\\pipe\\afsim_events","error":"CreateFile pipe: The system cannot find the file specified.","retry_in":2000000000}
{"time":"2026-06-08T11:23:08.9781824+08:00","level":"INFO","msg":"pipe not available, retrying","component":"api","simulation_id":4,"pipe":"events","path":"\\\\.\\pipe\\afsim_events","error":"CreateFile pipe: The system cannot find the file specified.","retry_in":2000000000}
{"time":"2026-06-08T11:23:10.9793318+08:00","level":"INFO","msg":"pipe not available, retrying","component":"api","simulation_id":4,"pipe":"events","path":"\\\\.\\pipe\\afsim_events","error":"CreateFile pipe: The system cannot find the file specified.","retry_in":2000000000}
{"time":"2026-06-08T11:23:12.9809037+08:00","level":"INFO","msg":"pipe not available, retrying","component":"api","simulation_id":4,"pipe":"events","path":"\\\\.\\pipe\\afsim_events","error":"CreateFile pipe: The system cannot find the file specified.","retry_in":2000000000}
{"time":"2026-06-08T11:23:14.9823637+08:00","level":"INFO","msg":"pipe not available, retrying","component":"api","simulation_id":4,"pipe":"events","path":"\\\\.\\pipe\\afsim_events","error":"CreateFile pipe: The system cannot find the file specified.","retry_in":2000000000}
{"time":"2026-06-08T11:23:16.9836419+08:00","level":"INFO","msg":"pipe not available, retrying","component":"api","simulation_id":4,"pipe":"events","path":"\\\\.\\pipe\\afsim_events","error":"CreateFile pipe: The system cannot find the file specified.","retry_in":2000000000}
{"time":"2026-06-08T11:23:18.984601+08:00","level":"INFO","msg":"pipe not available, retrying","component":"api","simulation_id":4,"pipe":"events","path":"\\\\.\\pipe\\afsim_events","error":"CreateFile pipe: The system cannot find the file specified.","retry_in":2000000000}
{"time":"2026-06-08T11:23:20.9861162+08:00","level":"INFO","msg":"pipe not available, retrying","component":"api","simulation_id":4,"pipe":"events","path":"\\\\.\\pipe\\afsim_events","error":"CreateFile pipe: The system cannot find the file specified.","retry_in":2000000000}
{"time":"2026-06-08T11:23:22.9876158+08:00","level":"INFO","msg":"pipe not available, retrying","component":"api","simulation_id":4,"pipe":"events","path":"\\\\.\\pipe\\afsim_events","error":"CreateFile pipe: The system cannot find the file specified.","retry_in":2000000000}
{"time":"2026-06-08T11:23:24.9893967+08:00","level":"INFO","msg":"pipe not available, retrying","component":"api","simulation_id":4,"pipe":"events","path":"\\\\.\\pipe\\afsim_events","error":"CreateFile pipe: The system cannot find the file specified.","retry_in":2000000000}
{"time":"2026-06-08T11:23:26.9907065+08:00","level":"INFO","msg":"pipe not available, retrying","component":"api","simulation_id":4,"pipe":"events","path":"\\\\.\\pipe\\afsim_events","error":"CreateFile pipe: The system cannot find the file specified.","retry_in":2000000000}
{"time":"2026-06-08T11:23:28.9922488+08:00","level":"INFO","msg":"pipe not available, retrying","component":"api","simulation_id":4,"pipe":"events","path":"\\\\.\\pipe\\afsim_events","error":"CreateFile pipe: The system cannot find the file specified.","retry_in":2000000000}
{"time":"2026-06-08T11:23:30.994382+08:00","level":"INFO","msg":"pipe not available, retrying","component":"api","simulation_id":4,"pipe":"events","path":"\\\\.\\pipe\\afsim_events","error":"CreateFile pipe: The system cannot find the file specified.","retry_in":2000000000}
2026/06/08 11:23:32 [DESKTOP-2269V6M/0I7zd4hyWa-000103] "GET http://localhost:8080/api/simulations HTTP/1.1" from [::1]:50450 - 405 0B in 0s
2026/06/08 11:23:32 [DESKTOP-2269V6M/0I7zd4hyWa-000104] "GET http://localhost:8080/api/scenarios HTTP/1.1" from [::1]:50451 - 200 129B in 0s
{"time":"2026-06-08T11:23:32.9956453+08:00","level":"INFO","msg":"pipe not available, retrying","component":"api","simulation_id":4,"pipe":"events","path":"\\\\.\\pipe\\afsim_events","error":"CreateFile pipe: The system cannot find the file specified.","retry_in":2000000000}
{"time":"2026-06-08T11:23:34.9972398+08:00","level":"INFO","msg":"pipe not available, retrying","component":"api","simulation_id":4,"pipe":"events","path":"\\\\.\\pipe\\afsim_events","error":"CreateFile pipe: The system cannot find the file specified.","retry_in":2000000000}
{"time":"2026-06-08T11:23:36.9989989+08:00","level":"INFO","msg":"pipe not available, retrying","component":"api","simulation_id":4,"pipe":"events","path":"\\\\.\\pipe\\afsim_events","error":"CreateFile pipe: The system cannot find the file specified.","retry_in":2000000000}
{"time":"2026-06-08T11:23:39.0005609+08:00","level":"INFO","msg":"pipe not available, retrying","component":"api","simulation_id":4,"pipe":"events","path":"\\\\.\\pipe\\afsim_events","error":"CreateFile pipe: The system cannot find the file specified.","retry_in":2000000000}
{"time":"2026-06-08T11:23:41.0021217+08:00","level":"INFO","msg":"pipe not available, retrying","component":"api","simulation_id":4,"pipe":"events","path":"\\\\.\\pipe\\afsim_events","error":"CreateFile pipe: The system cannot find the file specified.","retry_in":2000000000}
{"time":"2026-06-08T11:23:43.0033356+08:00","level":"INFO","msg":"pipe not available, retrying","component":"api","simulation_id":4,"pipe":"events","path":"\\\\.\\pipe\\afsim_events","error":"CreateFile pipe: The system cannot find the file specified.","retry_in":2000000000}
{"time":"2026-06-08T11:23:45.0054233+08:00","level":"INFO","msg":"pipe not available, retrying","component":"api","simulation_id":4,"pipe":"events","path":"\\\\.\\pipe\\afsim_events","error":"CreateFile pipe: The system cannot find the file specified.","retry_in":2000000000}
{"time":"2026-06-08T11:23:47.0065806+08:00","level":"INFO","msg":"pipe not available, retrying","component":"api","simulation_id":4,"pipe":"events","path":"\\\\.\\pipe\\afsim_events","error":"CreateFile pipe: The system cannot find the file specified.","retry_in":2000000000}
{"time":"2026-06-08T11:23:49.0074246+08:00","level":"INFO","msg":"pipe not available, retrying","component":"api","simulation_id":4,"pipe":"events","path":"\\\\.\\pipe\\afsim_events","error":"CreateFile pipe: The system cannot find the file specified.","retry_in":2000000000}
{"time":"2026-06-08T11:23:51.0091571+08:00","level":"INFO","msg":"pipe not available, retrying","component":"api","simulation_id":4,"pipe":"events","path":"\\\\.\\pipe\\afsim_events","error":"CreateFile pipe: The system cannot find the file specified.","retry_in":2000000000}
{"time":"2026-06-08T11:23:53.010608+08:00","level":"INFO","msg":"pipe not available, retrying","component":"api","simulation_id":4,"pipe":"events","path":"\\\\.\\pipe\\afsim_events","error":"CreateFile pipe: The system cannot find the file specified.","retry_in":2000000000}
{"time":"2026-06-08T11:23:55.0114804+08:00","level":"INFO","msg":"pipe not available, retrying","component":"api","simulation_id":4,"pipe":"events","path":"\\\\.\\pipe\\afsim_events","error":"CreateFile pipe: The system cannot find the file specified.","retry_in":2000000000}
{"time":"2026-06-08T11:23:57.012948+08:00","level":"INFO","msg":"pipe not available, retrying","component":"api","simulation_id":4,"pipe":"events","path":"\\\\.\\pipe\\afsim_events","error":"CreateFile pipe: The system cannot find the file specified.","retry_in":2000000000}
{"time":"2026-06-08T11:23:59.0142827+08:00","level":"INFO","msg":"pipe not available, retrying","component":"api","simulation_id":4,"pipe":"events","path":"\\\\.\\pipe\\afsim_events","error":"CreateFile pipe: The system cannot find the file specified.","retry_in":2000000000}
{"time":"2026-06-08T11:24:01.0157639+08:00","level":"INFO","msg":"pipe not available, retrying","component":"api","simulation_id":4,"pipe":"events","path":"\\\\.\\pipe\\afsim_events","error":"CreateFile pipe: The system cannot find the file specified.","retry_in":2000000000}
{"time":"2026-06-08T11:24:03.016907+08:00","level":"INFO","msg":"pipe not available, retrying","component":"api","simulation_id":4,"pipe":"events","path":"\\\\.\\pipe\\afsim_events","error":"CreateFile pipe: The system cannot find the file specified.","retry_in":2000000000}
{"time":"2026-06-08T11:24:05.0188994+08:00","level":"INFO","msg":"pipe not available, retrying","component":"api","simulation_id":4,"pipe":"events","path":"\\\\.\\pipe\\afsim_events","error":"CreateFile pipe: The system cannot find the file specified.","retry_in":2000000000}
{"time":"2026-06-08T11:24:07.0201027+08:00","level":"INFO","msg":"pipe not available, retrying","component":"api","simulation_id":4,"pipe":"events","path":"\\\\.\\pipe\\afsim_events","error":"CreateFile pipe: The system cannot find the file specified.","retry_in":2000000000}
2026/06/08 11:24:07 [DESKTOP-2269V6M/0I7zd4hyWa-000105] "POST http://localhost:8080/api/simulations/4/terminate HTTP/1.1" from [::1]:50541 - 200 23B in 0s
{"time":"2026-06-08T11:24:07.3468759+08:00","level":"ERROR","msg":"connector error","component":"api","simulation_id":4,"error":"failed to connect to event pipe: pipe dial cancelled: context canceled"}
2026/06/08 11:27:24 [DESKTOP-2269V6M/0I7zd4hyWa-000106] "GET http://localhost:8080/api/scenarios HTTP/1.1" from [::1]:52004 - 200 129B in 0s
2026/06/08 11:27:24 [DESKTOP-2269V6M/0I7zd4hyWa-000107] "GET http://localhost:8080/api/scenarios HTTP/1.1" from [::1]:52005 - 200 129B in 0s
2026/06/08 11:29:26 [DESKTOP-2269V6M/0I7zd4hyWa-000108] "GET http://localhost:8080/api/scenarios HTTP/1.1" from [::1]:52205 - 200 129B in 0s
2026/06/08 11:29:26 [DESKTOP-2269V6M/0I7zd4hyWa-000109] "GET http://localhost:8080/api/scenarios HTTP/1.1" from [::1]:52207 - 200 129B in 0s
2026/06/08 11:31:59 [DESKTOP-2269V6M/0I7zd4hyWa-000110] "GET http://localhost:8080/api/scenarios HTTP/1.1" from [::1]:52534 - 200 129B in 0s
2026/06/08 11:31:59 [DESKTOP-2269V6M/0I7zd4hyWa-000111] "GET http://localhost:8080/api/scenarios HTTP/1.1" from [::1]:52535 - 200 129B in 0s
{"time":"2026-06-08T11:32:30.4324507+08:00","level":"INFO","msg":"starting mission.exe","component":"api","simulation_id":5,"path":"e:\\AFsim\\afsimweb-master\\AFSim\\afsim-2.9.0-win64\\bin\\mission.exe","scenario":"scenarios\\test_gateway.scenario","mode":"realtime","args":["-rt","test_gateway.scenario"]}
2026/06/08 11:32:30 [DESKTOP-2269V6M/0I7zd4hyWa-000112] "POST http://localhost:8080/api/simulations HTTP/1.1" from [::1]:52583 - 201 142B in 3.1756ms
{"time":"2026-06-08T11:32:30.4356263+08:00","level":"INFO","msg":"pipe not available, retrying","component":"api","simulation_id":5,"pipe":"events","path":"\\\\.\\pipe\\afsim_events","error":"CreateFile pipe: The system cannot find the file specified.","retry_in":2000000000}
{"time":"2026-06-08T11:32:30.4389125+08:00","level":"INFO","msg":"WebSocket connection request","component":"api","simulation_id":"5"}
2026/06/08 11:32:30 [DESKTOP-2269V6M/0I7zd4hyWa-000113] "GET http://localhost:8080/api/simulations/5/ws HTTP/1.1" from [::1]:52584 - 000 0B in 528.9µs
{"time":"2026-06-08T11:32:30.5652724+08:00","level":"INFO","msg":"mission:\r","component":"api","simulation_id":5,"stream":"stdout"}
{"time":"2026-06-08T11:32:30.5663597+08:00","level":"INFO","msg":"    WSF Version: 2.9.0 02-25-2022\r","component":"api","simulation_id":5,"stream":"stdout"}
{"time":"2026-06-08T11:32:30.5668814+08:00","level":"INFO","msg":"    Built: Feb 25 2022 08:12:40\r","component":"api","simulation_id":5,"stream":"stdout"}
{"time":"2026-06-08T11:32:30.5674057+08:00","level":"INFO","msg":"Plugin API version info:\r","component":"api","simulation_id":5,"stream":"stdout"}
{"time":"2026-06-08T11:32:30.5679303+08:00","level":"INFO","msg":"    Version: 2.9\r","component":"api","simulation_id":5,"stream":"stdout"}
{"time":"2026-06-08T11:32:30.5690446+08:00","level":"INFO","msg":"    Compiler: win_1916_64bit_release-hwe\r","component":"api","simulation_id":5,"stream":"stdout"}
{"time":"2026-06-08T11:32:30.5695638+08:00","level":"INFO","msg":"Plugins Loaded:\r","component":"api","simulation_id":5,"stream":"stdout"}
{"time":"2026-06-08T11:32:30.5700833+08:00","level":"INFO","msg":"    wsf_alternate_locations.dll, wsf_coverage.dll, wsf_iads_c2.dll, wsf_prompt.dll, wsf_scenario_analyzer.dll, wsf_scenario_analyzer_iads_c2.dll, wsf_air_combat.dll, wsf_annotation.dll, wsf_argo8.dll, wsf_brawler.dll, wsf_event_gateway.dll, wsf_fires.dll, wsf_multiresolution.dll, wsf_oms_uci.dll, wsf_p6dof.dll, wsf_six_dof.dll, wsf_sosm.dll\r","component":"api","simulation_id":5,"stream":"stdout"}
{"time":"2026-06-08T11:32:30.5706013+08:00","level":"INFO","msg":"Extensions Included: \r","component":"api","simulation_id":5,"stream":"stdout"}
{"time":"2026-06-08T11:32:30.5716402+08:00","level":"INFO","msg":"    sensor_plot_lib, wsf_cyber, wsf_grammar_check, wsf_l16, wsf_mil, wsf_mil_parser, wsf_mtt, wsf_nx, wsf_parser, wsf_ripr, wsf_space, wsf_weapon_server, wsf_simdis\r","component":"api","simulation_id":5,"stream":"stdout"}
{"time":"2026-06-08T11:32:30.5721592+08:00","level":"INFO","msg":"\r","component":"api","simulation_id":5,"stream":"stdout"}
{"time":"2026-06-08T11:32:30.5726808+08:00","level":"INFO","msg":"Loading simulation input.\r","component":"api","simulation_id":5,"stream":"stdout"}
{"time":"2026-06-08T11:32:30.573713+08:00","level":"INFO","msg":"Loading simulation input complete.\r","component":"api","simulation_id":5,"stream":"stdout"}
{"time":"2026-06-08T11:32:30.5742274+08:00","level":"INFO","msg":"    Elapsed Wall Clock Time: 0.0026698\r","component":"api","simulation_id":5,"stream":"stdout"}
{"time":"2026-06-08T11:32:30.5752646+08:00","level":"INFO","msg":"    Elapsed Processor Time : 0.015625\r","component":"api","simulation_id":5,"stream":"stdout"}
{"time":"2026-06-08T11:32:30.5757803+08:00","level":"INFO","msg":"Initializing simulation.\r","component":"api","simulation_id":5,"stream":"stdout"}
{"time":"2026-06-08T11:32:30.5762958+08:00","level":"INFO","msg":"***** ERROR: wsf_event_gateway: Created pipe \\\\.\\pipe\\afsim_events successfully\r","component":"api","simulation_id":5,"stream":"stdout"}
{"time":"2026-06-08T11:32:30.5773285+08:00","level":"INFO","msg":"Initializing simulation complete.\r","component":"api","simulation_id":5,"stream":"stdout"}
{"time":"2026-06-08T11:32:30.5778477+08:00","level":"INFO","msg":"    Elapsed Wall Clock Time: 0.0068694\r","component":"api","simulation_id":5,"stream":"stdout"}
{"time":"2026-06-08T11:32:30.5788791+08:00","level":"INFO","msg":"    Elapsed Processor Time : 0\r","component":"api","simulation_id":5,"stream":"stdout"}
{"time":"2026-06-08T11:32:30.5793996+08:00","level":"INFO","msg":"Starting simulation.\r","component":"api","simulation_id":5,"stream":"stdout"}
{"time":"2026-06-08T11:32:30.5799148+08:00","level":"INFO","msg":"T = 0\r","component":"api","simulation_id":5,"stream":"stdout"}
{"time":"2026-06-08T11:32:32.4374471+08:00","level":"INFO","msg":"connected to named pipe","component":"api","simulation_id":5,"pipe":"events","path":"\\\\.\\pipe\\afsim_events","access":"read-only"}
{"time":"2026-06-08T11:32:32.4385865+08:00","level":"INFO","msg":"connected to named pipe","component":"api","simulation_id":5,"pipe":"control","path":"\\\\.\\pipe\\afsim_control","access":"write-only"}
{"time":"2026-06-08T11:32:32.4391022+08:00","level":"INFO","msg":"connected to both AFSIM pipes, starting event loop","component":"api","simulation_id":5}
{"time":"2026-06-08T11:32:40.5753781+08:00","level":"INFO","msg":"T = 10.000\r","component":"api","simulation_id":5,"stream":"stdout"}
{"time":"2026-06-08T11:32:45.8092715+08:00","level":"INFO","msg":"terminating mission.exe","component":"api","simulation_id":5}
{"time":"2026-06-08T11:32:45.811444+08:00","level":"ERROR","msg":"failed to read from event pipe","component":"api","simulation_id":5,"error":"reading length prefix: The pipe has been ended."}
{"time":"2026-06-08T11:32:45.8119618+08:00","level":"ERROR","msg":"connector error","component":"api","simulation_id":5,"error":"event pipe read error: reading length prefix: The pipe has been ended."}
{"time":"2026-06-08T11:32:45.8313029+08:00","level":"INFO","msg":"mission.exe exited","component":"api","simulation_id":5,"error":"exit status 1"}
2026/06/08 11:32:45 [DESKTOP-2269V6M/0I7zd4hyWa-000114] "POST http://localhost:8080/api/simulations/5/terminate HTTP/1.1" from [::1]:52595 - 200 23B in 22.5491ms
2026/06/08 11:32:46 [DESKTOP-2269V6M/0I7zd4hyWa-000115] "POST http://localhost:8080/api/simulations/5/terminate HTTP/1.1" from [::1]:52597 - 200 23B in 0s
2026/06/08 11:32:47 [DESKTOP-2269V6M/0I7zd4hyWa-000116] "POST http://localhost:8080/api/simulations/5/terminate HTTP/1.1" from [::1]:52599 - 200 23B in 0s
2026/06/08 11:32:47 [DESKTOP-2269V6M/0I7zd4hyWa-000117] "POST http://localhost:8080/api/simulations/5/terminate HTTP/1.1" from [::1]:52601 - 200 23B in 0s
2026/06/08 11:32:48 [DESKTOP-2269V6M/0I7zd4hyWa-000118] "POST http://localhost:8080/api/simulations/5/terminate HTTP/1.1" from [::1]:52603 - 200 23B in 0s
2026/06/08 11:32:52 [DESKTOP-2269V6M/0I7zd4hyWa-000119] "POST http://localhost:8080/api/simulations/5/terminate HTTP/1.1" from [::1]:52608 - 200 23B in 0s
2026/06/08 11:32:53 [DESKTOP-2269V6M/0I7zd4hyWa-000120] "POST http://localhost:8080/api/simulations/5/terminate HTTP/1.1" from [::1]:52610 - 200 23B in 0s
2026/06/08 11:32:54 [DESKTOP-2269V6M/0I7zd4hyWa-000121] "POST http://localhost:8080/api/simulations/5/terminate HTTP/1.1" from [::1]:52612 - 200 23B in 0s
2026/06/08 11:32:54 [DESKTOP-2269V6M/0I7zd4hyWa-000122] "POST http://localhost:8080/api/simulations/5/terminate HTTP/1.1" from [::1]:52614 - 200 23B in 0s
2026/06/08 11:32:54 [DESKTOP-2269V6M/0I7zd4hyWa-000123] "POST http://localhost:8080/api/simulations/5/terminate HTTP/1.1" from [::1]:52616 - 200 23B in 0s
2026/06/08 11:32:55 [DESKTOP-2269V6M/0I7zd4hyWa-000124] "POST http://localhost:8080/api/simulations/5/pause HTTP/1.1" from [::1]:52621 - 404 49B in 0s
2026/06/08 11:32:56 [DESKTOP-2269V6M/0I7zd4hyWa-000125] "POST http://localhost:8080/api/simulations/5/pause HTTP/1.1" from [::1]:52623 - 404 49B in 0s
2026/06/08 11:32:56 [DESKTOP-2269V6M/0I7zd4hyWa-000126] "POST http://localhost:8080/api/simulations/5/step HTTP/1.1" from [::1]:52625 - 404 49B in 0s
2026/06/08 11:32:57 [DESKTOP-2269V6M/0I7zd4hyWa-000127] "POST http://localhost:8080/api/simulations/5/terminate HTTP/1.1" from [::1]:52627 - 200 23B in 0s
2026/06/08 11:32:57 [DESKTOP-2269V6M/0I7zd4hyWa-000128] "POST http://localhost:8080/api/simulations/5/terminate HTTP/1.1" from [::1]:52629 - 200 23B in 0s
2026/06/08 11:32:57 [DESKTOP-2269V6M/0I7zd4hyWa-000129] "POST http://localhost:8080/api/simulations/5/terminate HTTP/1.1" from [::1]:52631 - 200 23B in 0s
2026/06/08 11:32:57 [DESKTOP-2269V6M/0I7zd4hyWa-000130] "POST http://localhost:8080/api/simulations/5/step HTTP/1.1" from [::1]:52633 - 404 49B in 0s
2026/06/08 11:32:57 [DESKTOP-2269V6M/0I7zd4hyWa-000131] "POST http://localhost:8080/api/simulations/5/terminate HTTP/1.1" from [::1]:52635 - 200 23B in 0s
2026/06/08 11:32:58 [DESKTOP-2269V6M/0I7zd4hyWa-000132] "POST http://localhost:8080/api/simulations/5/terminate HTTP/1.1" from [::1]:52637 - 200 23B in 0s
2026/06/08 11:32:58 [DESKTOP-2269V6M/0I7zd4hyWa-000133] "POST http://localhost:8080/api/simulations/5/pause HTTP/1.1" from [::1]:52639 - 404 49B in 0s
2026/06/08 11:32:59 [DESKTOP-2269V6M/0I7zd4hyWa-000134] "POST http://localhost:8080/api/simulations/5/step HTTP/1.1" from [::1]:52643 - 404 49B in 0s
2026/06/08 11:33:03 [DESKTOP-2269V6M/0I7zd4hyWa-000135] "GET http://localhost:8080/api/scenarios HTTP/1.1" from [::1]:52654 - 200 129B in 0s
2026/06/08 11:33:03 [DESKTOP-2269V6M/0I7zd4hyWa-000136] "GET http://localhost:8080/api/scenarios HTTP/1.1" from [::1]:52655 - 200 129B in 0s
{"time":"2026-06-08T11:33:06.1093897+08:00","level":"INFO","msg":"starting mission.exe","component":"api","simulation_id":6,"path":"e:\\AFsim\\afsimweb-master\\AFSim\\afsim-2.9.0-win64\\bin\\mission.exe","scenario":"scenarios\\test1v1.zip","mode":"realtime","args":["-rt","test1v1.zip"]}
2026/06/08 11:33:06 [DESKTOP-2269V6M/0I7zd4hyWa-000137] "POST http://localhost:8080/api/simulations HTTP/1.1" from [::1]:52673 - 201 141B in 3.0898ms
{"time":"2026-06-08T11:33:06.1124795+08:00","level":"INFO","msg":"pipe not available, retrying","component":"api","simulation_id":6,"pipe":"events","path":"\\\\.\\pipe\\afsim_events","error":"CreateFile pipe: The system cannot find the file specified.","retry_in":2000000000}
{"time":"2026-06-08T11:33:06.1156102+08:00","level":"INFO","msg":"WebSocket connection request","component":"api","simulation_id":"6"}
2026/06/08 11:33:06 [DESKTOP-2269V6M/0I7zd4hyWa-000138] "GET http://localhost:8080/api/simulations/6/ws HTTP/1.1" from [::1]:52674 - 000 0B in 1.3459ms
{"time":"2026-06-08T11:33:06.2901293+08:00","level":"INFO","msg":"mission:\r","component":"api","simulation_id":6,"stream":"stdout"}
{"time":"2026-06-08T11:33:06.2906322+08:00","level":"INFO","msg":"    WSF Version: 2.9.0 02-25-2022\r","component":"api","simulation_id":6,"stream":"stdout"}
{"time":"2026-06-08T11:33:06.2911598+08:00","level":"INFO","msg":"    Built: Feb 25 2022 08:12:40\r","component":"api","simulation_id":6,"stream":"stdout"}
{"time":"2026-06-08T11:33:06.2916765+08:00","level":"INFO","msg":"Plugin API version info:\r","component":"api","simulation_id":6,"stream":"stdout"}
{"time":"2026-06-08T11:33:06.292192+08:00","level":"INFO","msg":"    Version: 2.9\r","component":"api","simulation_id":6,"stream":"stdout"}
{"time":"2026-06-08T11:33:06.2927055+08:00","level":"INFO","msg":"    Compiler: win_1916_64bit_release-hwe\r","component":"api","simulation_id":6,"stream":"stdout"}
{"time":"2026-06-08T11:33:06.2932185+08:00","level":"INFO","msg":"Plugins Loaded:\r","component":"api","simulation_id":6,"stream":"stdout"}
{"time":"2026-06-08T11:33:06.2937846+08:00","level":"INFO","msg":"    wsf_alternate_locations.dll, wsf_coverage.dll, wsf_iads_c2.dll, wsf_prompt.dll, wsf_scenario_analyzer.dll, wsf_scenario_analyzer_iads_c2.dll, wsf_air_combat.dll, wsf_annotation.dll, wsf_argo8.dll, wsf_brawler.dll, wsf_event_gateway.dll, wsf_fires.dll, wsf_multiresolution.dll, wsf_oms_uci.dll, wsf_p6dof.dll, wsf_six_dof.dll, wsf_sosm.dll\r","component":"api","simulation_id":6,"stream":"stdout"}
{"time":"2026-06-08T11:33:06.2943031+08:00","level":"INFO","msg":"Extensions Included: \r","component":"api","simulation_id":6,"stream":"stdout"}
{"time":"2026-06-08T11:33:06.2953425+08:00","level":"INFO","msg":"    sensor_plot_lib, wsf_cyber, wsf_grammar_check, wsf_l16, wsf_mil, wsf_mil_parser, wsf_mtt, wsf_nx, wsf_parser, wsf_ripr, wsf_space, wsf_weapon_server, wsf_simdis\r","component":"api","simulation_id":6,"stream":"stdout"}
{"time":"2026-06-08T11:33:06.2958604+08:00","level":"INFO","msg":"\r","component":"api","simulation_id":6,"stream":"stdout"}
{"time":"2026-06-08T11:33:06.2963771+08:00","level":"INFO","msg":"Loading simulation input.\r","component":"api","simulation_id":6,"stream":"stdout"}
{"time":"2026-06-08T11:33:06.2968925+08:00","level":"INFO","msg":"\r","component":"api","simulation_id":6,"stream":"stdout"}
{"time":"2026-06-08T11:33:06.2974114+08:00","level":"INFO","msg":"Loading simulation input complete.\r","component":"api","simulation_id":6,"stream":"stdout"}
{"time":"2026-06-08T11:33:06.2979248+08:00","level":"INFO","msg":"    Elapsed Wall Clock Time: 0.0528995\r","component":"api","simulation_id":6,"stream":"stdout"}
{"time":"2026-06-08T11:33:06.2984356+08:00","level":"INFO","msg":"    Elapsed Processor Time : 0.046875\r","component":"api","simulation_id":6,"stream":"stdout"}
{"time":"2026-06-08T11:33:06.2994586+08:00","level":"INFO","msg":"***** FATAL: Could not process input files.\r","component":"api","simulation_id":6,"stream":"stdout"}
{"time":"2026-06-08T11:33:06.2999689+08:00","level":"INFO","msg":"    ***** ERROR: Unknown command: PK\u0003\u0004\u0014\r","component":"api","simulation_id":6,"stream":"stdout"}
{"time":"2026-06-08T11:33:06.3004801+08:00","level":"INFO","msg":"             'test1v1.zip', line 1, near column 6\r","component":"api","simulation_id":6,"stream":"stdout"}
{"time":"2026-06-08T11:33:06.300992+08:00","level":"INFO","msg":"\r","component":"api","simulation_id":6,"stream":"stdout"}
{"time":"2026-06-08T11:33:06.3020284+08:00","level":"INFO","msg":"Reading of simulation input failed\r","component":"api","simulation_id":6,"stream":"stdout"}
{"time":"2026-06-08T11:33:06.3051287+08:00","level":"ERROR","msg":"mission.exe exited with error","component":"api","simulation_id":6,"error":"exit status 1"}
{"time":"2026-06-08T11:33:08.1140832+08:00","level":"INFO","msg":"pipe not available, retrying","component":"api","simulation_id":6,"pipe":"events","path":"\\\\.\\pipe\\afsim_events","error":"CreateFile pipe: The system cannot find the file specified.","retry_in":2000000000}
{"time":"2026-06-08T11:33:10.115232+08:00","level":"INFO","msg":"pipe not available, retrying","component":"api","simulation_id":6,"pipe":"events","path":"\\\\.\\pipe\\afsim_events","error":"CreateFile pipe: The system cannot find the file specified.","retry_in":2000000000}
{"time":"2026-06-08T11:33:12.1164173+08:00","level":"INFO","msg":"pipe not available, retrying","component":"api","simulation_id":6,"pipe":"events","path":"\\\\.\\pipe\\afsim_events","error":"CreateFile pipe: The system cannot find the file specified.","retry_in":2000000000}
{"time":"2026-06-08T11:33:14.1179567+08:00","level":"INFO","msg":"pipe not available, retrying","component":"api","simulation_id":6,"pipe":"events","path":"\\\\.\\pipe\\afsim_events","error":"CreateFile pipe: The system cannot find the file specified.","retry_in":2000000000}
2026/06/08 11:33:16 [DESKTOP-2269V6M/0I7zd4hyWa-000139] "POST http://localhost:8080/api/simulations/6/pause HTTP/1.1" from [::1]:52691 - 500 68B in 0s
{"time":"2026-06-08T11:33:16.1182667+08:00","level":"INFO","msg":"pipe not available, retrying","component":"api","simulation_id":6,"pipe":"events","path":"\\\\.\\pipe\\afsim_events","error":"CreateFile pipe: The system cannot find the file specified.","retry_in":2000000000}
2026/06/08 11:33:16 [DESKTOP-2269V6M/0I7zd4hyWa-000140] "POST http://localhost:8080/api/simulations/6/pause HTTP/1.1" from [::1]:52693 - 500 68B in 0s
2026/06/08 11:33:17 [DESKTOP-2269V6M/0I7zd4hyWa-000141] "POST http://localhost:8080/api/simulations/6/pause HTTP/1.1" from [::1]:52695 - 500 68B in 0s
2026/06/08 11:33:17 [DESKTOP-2269V6M/0I7zd4hyWa-000142] "POST http://localhost:8080/api/simulations/6/pause HTTP/1.1" from [::1]:52697 - 500 68B in 0s
{"time":"2026-06-08T11:33:18.1196125+08:00","level":"INFO","msg":"pipe not available, retrying","component":"api","simulation_id":6,"pipe":"events","path":"\\\\.\\pipe\\afsim_events","error":"CreateFile pipe: The system cannot find the file specified.","retry_in":2000000000}
2026/06/08 11:33:18 [DESKTOP-2269V6M/0I7zd4hyWa-000143] "POST http://localhost:8080/api/simulations/6/step HTTP/1.1" from [::1]:52699 - 500 67B in 0s
2026/06/08 11:33:18 [DESKTOP-2269V6M/0I7zd4hyWa-000144] "POST http://localhost:8080/api/simulations/6/step HTTP/1.1" from [::1]:52701 - 500 67B in 0s
2026/06/08 11:33:18 [DESKTOP-2269V6M/0I7zd4hyWa-000145] "POST http://localhost:8080/api/simulations/6/step HTTP/1.1" from [::1]:52706 - 500 67B in 0s
2026/06/08 11:33:19 [DESKTOP-2269V6M/0I7zd4hyWa-000146] "POST http://localhost:8080/api/simulations/6/pause HTTP/1.1" from [::1]:52708 - 500 68B in 0s
2026/06/08 11:33:19 [DESKTOP-2269V6M/0I7zd4hyWa-000147] "POST http://localhost:8080/api/simulations/6/step HTTP/1.1" from [::1]:52710 - 500 67B in 0s
2026/06/08 11:33:19 [DESKTOP-2269V6M/0I7zd4hyWa-000148] "POST http://localhost:8080/api/simulations/6/pause HTTP/1.1" from [::1]:52712 - 500 68B in 0s
2026/06/08 11:33:19 [DESKTOP-2269V6M/0I7zd4hyWa-000149] "POST http://localhost:8080/api/simulations/6/step HTTP/1.1" from [::1]:52714 - 500 67B in 0s
2026/06/08 11:33:20 [DESKTOP-2269V6M/0I7zd4hyWa-000150] "POST http://localhost:8080/api/simulations/6/step HTTP/1.1" from [::1]:52716 - 500 67B in 0s
{"time":"2026-06-08T11:33:20.1209036+08:00","level":"INFO","msg":"pipe not available, retrying","component":"api","simulation_id":6,"pipe":"events","path":"\\\\.\\pipe\\afsim_events","error":"CreateFile pipe: The system cannot find the file specified.","retry_in":2000000000}
2026/06/08 11:33:21 [DESKTOP-2269V6M/0I7zd4hyWa-000151] "POST http://localhost:8080/api/simulations/6/step HTTP/1.1" from [::1]:52719 - 500 67B in 0s
2026/06/08 11:33:21 [DESKTOP-2269V6M/0I7zd4hyWa-000152] "POST http://localhost:8080/api/simulations/6/step HTTP/1.1" from [::1]:52721 - 500 67B in 0s
2026/06/08 11:33:22 [DESKTOP-2269V6M/0I7zd4hyWa-000153] "POST http://localhost:8080/api/simulations/6/step HTTP/1.1" from [::1]:52723 - 500 67B in 0s
{"time":"2026-06-08T11:33:22.1220885+08:00","level":"INFO","msg":"pipe not available, retrying","component":"api","simulation_id":6,"pipe":"events","path":"\\\\.\\pipe\\afsim_events","error":"CreateFile pipe: The system cannot find the file specified.","retry_in":2000000000}
2026/06/08 11:33:23 [DESKTOP-2269V6M/0I7zd4hyWa-000154] "POST http://localhost:8080/api/simulations/6/pause HTTP/1.1" from [::1]:52725 - 500 68B in 0s
2026/06/08 11:33:23 [DESKTOP-2269V6M/0I7zd4hyWa-000155] "POST http://localhost:8080/api/simulations/6/pause HTTP/1.1" from [::1]:52727 - 500 68B in 0s
{"time":"2026-06-08T11:33:24.123246+08:00","level":"INFO","msg":"pipe not available, retrying","component":"api","simulation_id":6,"pipe":"events","path":"\\\\.\\pipe\\afsim_events","error":"CreateFile pipe: The system cannot find the file specified.","retry_in":2000000000}
2026/06/08 11:33:24 [DESKTOP-2269V6M/0I7zd4hyWa-000156] "OPTIONS http://localhost:8080/api/v1/timeseries/replays HTTP/1.1" from [::1]:52728 - 204 0B in 0s
2026/06/08 11:33:24 [DESKTOP-2269V6M/0I7zd4hyWa-000157] "OPTIONS http://localhost:8080/api/v1/timeseries/replays HTTP/1.1" from [::1]:52729 - 204 0B in 0s
2026/06/08 11:33:24 [DESKTOP-2269V6M/0I7zd4hyWa-000158] "GET http://localhost:8080/api/v1/timeseries/replays HTTP/1.1" from [::1]:52728 - 404 19B in 0s
2026/06/08 11:33:24 [DESKTOP-2269V6M/0I7zd4hyWa-000159] "GET http://localhost:8080/api/v1/timeseries/replays HTTP/1.1" from [::1]:52728 - 404 19B in 0s
2026/06/08 11:33:25 [DESKTOP-2269V6M/0I7zd4hyWa-000160] "POST http://localhost:8080/api/simulations/6/step HTTP/1.1" from [::1]:52737 - 500 67B in 0s
2026/06/08 11:33:25 [DESKTOP-2269V6M/0I7zd4hyWa-000161] "POST http://localhost:8080/api/simulations/6/step HTTP/1.1" from [::1]:52739 - 500 67B in 0s
2026/06/08 11:33:26 [DESKTOP-2269V6M/0I7zd4hyWa-000162] "POST http://localhost:8080/api/simulations/6/step HTTP/1.1" from [::1]:52741 - 500 67B in 0s
{"time":"2026-06-08T11:33:26.1248499+08:00","level":"INFO","msg":"pipe not available, retrying","component":"api","simulation_id":6,"pipe":"events","path":"\\\\.\\pipe\\afsim_events","error":"CreateFile pipe: The system cannot find the file specified.","retry_in":2000000000}
2026/06/08 11:33:27 [DESKTOP-2269V6M/0I7zd4hyWa-000163] "OPTIONS http://localhost:8080/api/v1/timeseries/stats/6 HTTP/1.1" from [::1]:52728 - 204 0B in 0s
2026/06/08 11:33:27 [DESKTOP-2269V6M/0I7zd4hyWa-000164] "OPTIONS http://localhost:8080/api/v1/timeseries/stats/6 HTTP/1.1" from [::1]:52729 - 204 0B in 0s
2026/06/08 11:33:27 [DESKTOP-2269V6M/0I7zd4hyWa-000165] "GET http://localhost:8080/api/v1/timeseries/stats/6 HTTP/1.1" from [::1]:52729 - 404 19B in 0s
2026/06/08 11:33:27 [DESKTOP-2269V6M/0I7zd4hyWa-000166] "GET http://localhost:8080/api/v1/timeseries/stats/6 HTTP/1.1" from [::1]:52729 - 404 19B in 0s
{"time":"2026-06-08T11:33:28.1264483+08:00","level":"INFO","msg":"pipe not available, retrying","component":"api","simulation_id":6,"pipe":"events","path":"\\\\.\\pipe\\afsim_events","error":"CreateFile pipe: The system cannot find the file specified.","retry_in":2000000000}
{"time":"2026-06-08T11:33:30.1278876+08:00","level":"INFO","msg":"pipe not available, retrying","component":"api","simulation_id":6,"pipe":"events","path":"\\\\.\\pipe\\afsim_events","error":"CreateFile pipe: The system cannot find the file specified.","retry_in":2000000000}
2026/06/08 11:33:30 [DESKTOP-2269V6M/0I7zd4hyWa-000167] "GET http://localhost:8080/api/scenarios HTTP/1.1" from [::1]:52744 - 200 129B in 0s
2026/06/08 11:33:31 [DESKTOP-2269V6M/0I7zd4hyWa-000168] "GET http://localhost:8080/api/scenarios HTTP/1.1" from [::1]:52746 - 200 129B in 0s
2026/06/08 11:33:32 [DESKTOP-2269V6M/0I7zd4hyWa-000169] "GET http://localhost:8080/api/scenarios HTTP/1.1" from [::1]:52748 - 200 129B in 0s
{"time":"2026-06-08T11:33:32.1293357+08:00","level":"INFO","msg":"pipe not available, retrying","component":"api","simulation_id":6,"pipe":"events","path":"\\\\.\\pipe\\afsim_events","error":"CreateFile pipe: The system cannot find the file specified.","retry_in":2000000000}
{"time":"2026-06-08T11:33:34.1308836+08:00","level":"INFO","msg":"pipe not available, retrying","component":"api","simulation_id":6,"pipe":"events","path":"\\\\.\\pipe\\afsim_events","error":"CreateFile pipe: The system cannot find the file specified.","retry_in":2000000000}
{"time":"2026-06-08T11:33:36.1320927+08:00","level":"INFO","msg":"pipe not available, retrying","component":"api","simulation_id":6,"pipe":"events","path":"\\\\.\\pipe\\afsim_events","error":"CreateFile pipe: The system cannot find the file specified.","retry_in":2000000000}
{"time":"2026-06-08T11:33:38.1334297+08:00","level":"INFO","msg":"pipe not available, retrying","component":"api","simulation_id":6,"pipe":"events","path":"\\\\.\\pipe\\afsim_events","error":"CreateFile pipe: The system cannot find the file specified.","retry_in":2000000000}
{"time":"2026-06-08T11:33:40.1349702+08:00","level":"INFO","msg":"pipe not available, retrying","component":"api","simulation_id":6,"pipe":"events","path":"\\\\.\\pipe\\afsim_events","error":"CreateFile pipe: The system cannot find the file specified.","retry_in":2000000000}
{"time":"2026-06-08T11:33:42.1367266+08:00","level":"INFO","msg":"pipe not available, retrying","component":"api","simulation_id":6,"pipe":"events","path":"\\\\.\\pipe\\afsim_events","error":"CreateFile pipe: The system cannot find the file specified.","retry_in":2000000000}
{"time":"2026-06-08T11:33:44.1380094+08:00","level":"INFO","msg":"pipe not available, retrying","component":"api","simulation_id":6,"pipe":"events","path":"\\\\.\\pipe\\afsim_events","error":"CreateFile pipe: The system cannot find the file specified.","retry_in":2000000000}
{"time":"2026-06-08T11:33:46.1392702+08:00","level":"INFO","msg":"pipe not available, retrying","component":"api","simulation_id":6,"pipe":"events","path":"\\\\.\\pipe\\afsim_events","error":"CreateFile pipe: The system cannot find the file specified.","retry_in":2000000000}
{"time":"2026-06-08T11:33:48.1402629+08:00","level":"INFO","msg":"pipe not available, retrying","component":"api","simulation_id":6,"pipe":"events","path":"\\\\.\\pipe\\afsim_events","error":"CreateFile pipe: The system cannot find the file specified.","retry_in":2000000000}
{"time":"2026-06-08T11:33:50.1414504+08:00","level":"INFO","msg":"pipe not available, retrying","component":"api","simulation_id":6,"pipe":"events","path":"\\\\.\\pipe\\afsim_events","error":"CreateFile pipe: The system cannot find the file specified.","retry_in":2000000000}
{"time":"2026-06-08T11:33:52.1428097+08:00","level":"INFO","msg":"pipe not available, retrying","component":"api","simulation_id":6,"pipe":"events","path":"\\\\.\\pipe\\afsim_events","error":"CreateFile pipe: The system cannot find the file specified.","retry_in":2000000000}
{"time":"2026-06-08T11:33:54.1442971+08:00","level":"INFO","msg":"pipe not available, retrying","component":"api","simulation_id":6,"pipe":"events","path":"\\\\.\\pipe\\afsim_events","error":"CreateFile pipe: The system cannot find the file specified.","retry_in":2000000000}
{"time":"2026-06-08T11:33:56.1454557+08:00","level":"INFO","msg":"pipe not available, retrying","component":"api","simulation_id":6,"pipe":"events","path":"\\\\.\\pipe\\afsim_events","error":"CreateFile pipe: The system cannot find the file specified.","retry_in":2000000000}
{"time":"2026-06-08T11:33:58.1470187+08:00","level":"INFO","msg":"pipe not available, retrying","component":"api","simulation_id":6,"pipe":"events","path":"\\\\.\\pipe\\afsim_events","error":"CreateFile pipe: The system cannot find the file specified.","retry_in":2000000000}
{"time":"2026-06-08T11:34:00.1487126+08:00","level":"INFO","msg":"pipe not available, retrying","component":"api","simulation_id":6,"pipe":"events","path":"\\\\.\\pipe\\afsim_events","error":"CreateFile pipe: The system cannot find the file specified.","retry_in":2000000000}
{"time":"2026-06-08T11:34:02.1502123+08:00","level":"INFO","msg":"pipe not available, retrying","component":"api","simulation_id":6,"pipe":"events","path":"\\\\.\\pipe\\afsim_events","error":"CreateFile pipe: The system cannot find the file specified.","retry_in":2000000000}
{"time":"2026-06-08T11:34:04.1514337+08:00","level":"INFO","msg":"pipe not available, retrying","component":"api","simulation_id":6,"pipe":"events","path":"\\\\.\\pipe\\afsim_events","error":"CreateFile pipe: The system cannot find the file specified.","retry_in":2000000000}
{"time":"2026-06-08T11:34:06.1535305+08:00","level":"INFO","msg":"pipe not available, retrying","component":"api","simulation_id":6,"pipe":"events","path":"\\\\.\\pipe\\afsim_events","error":"CreateFile pipe: The system cannot find the file specified.","retry_in":2000000000}
{"time":"2026-06-08T11:34:08.1548522+08:00","level":"INFO","msg":"pipe not available, retrying","component":"api","simulation_id":6,"pipe":"events","path":"\\\\.\\pipe\\afsim_events","error":"CreateFile pipe: The system cannot find the file specified.","retry_in":2000000000}
{"time":"2026-06-08T11:34:10.1567188+08:00","level":"INFO","msg":"pipe not available, retrying","component":"api","simulation_id":6,"pipe":"events","path":"\\\\.\\pipe\\afsim_events","error":"CreateFile pipe: The system cannot find the file specified.","retry_in":2000000000}
{"time":"2026-06-08T11:34:12.1578329+08:00","level":"INFO","msg":"pipe not available, retrying","component":"api","simulation_id":6,"pipe":"events","path":"\\\\.\\pipe\\afsim_events","error":"CreateFile pipe: The system cannot find the file specified.","retry_in":2000000000}
{"time":"2026-06-08T11:34:14.1593165+08:00","level":"INFO","msg":"pipe not available, retrying","component":"api","simulation_id":6,"pipe":"events","path":"\\\\.\\pipe\\afsim_events","error":"CreateFile pipe: The system cannot find the file specified.","retry_in":2000000000}
{"time":"2026-06-08T11:34:16.1604202+08:00","level":"INFO","msg":"pipe not available, retrying","component":"api","simulation_id":6,"pipe":"events","path":"\\\\.\\pipe\\afsim_events","error":"CreateFile pipe: The system cannot find the file specified.","retry_in":2000000000}
2026/06/08 11:34:16 [DESKTOP-2269V6M/0I7zd4hyWa-000170] "GET http://localhost:8080/api/scenarios HTTP/1.1" from [::1]:52798 - 200 129B in 0s
2026/06/08 11:34:16 [DESKTOP-2269V6M/0I7zd4hyWa-000171] "GET http://localhost:8080/api/scenarios HTTP/1.1" from [::1]:52799 - 200 129B in 0s
{"time":"2026-06-08T11:34:18.1609916+08:00","level":"INFO","msg":"pipe not available, retrying","component":"api","simulation_id":6,"pipe":"events","path":"\\\\.\\pipe\\afsim_events","error":"CreateFile pipe: The system cannot find the file specified.","retry_in":2000000000}
{"time":"2026-06-08T11:34:20.1618336+08:00","level":"INFO","msg":"pipe not available, retrying","component":"api","simulation_id":6,"pipe":"events","path":"\\\\.\\pipe\\afsim_events","error":"CreateFile pipe: The system cannot find the file specified.","retry_in":2000000000}
{"time":"2026-06-08T11:34:22.1634759+08:00","level":"INFO","msg":"pipe not available, retrying","component":"api","simulation_id":6,"pipe":"events","path":"\\\\.\\pipe\\afsim_events","error":"CreateFile pipe: The system cannot find the file specified.","retry_in":2000000000}
{"time":"2026-06-08T11:34:24.1646388+08:00","level":"INFO","msg":"pipe not available, retrying","component":"api","simulation_id":6,"pipe":"events","path":"\\\\.\\pipe\\afsim_events","error":"CreateFile pipe: The system cannot find the file specified.","retry_in":2000000000}
{"time":"2026-06-08T11:34:26.1671751+08:00","level":"INFO","msg":"pipe not available, retrying","component":"api","simulation_id":6,"pipe":"events","path":"\\\\.\\pipe\\afsim_events","error":"CreateFile pipe: The system cannot find the file specified.","retry_in":2000000000}
{"time":"2026-06-08T11:34:28.1686469+08:00","level":"INFO","msg":"pipe not available, retrying","component":"api","simulation_id":6,"pipe":"events","path":"\\\\.\\pipe\\afsim_events","error":"CreateFile pipe: The system cannot find the file specified.","retry_in":2000000000}
{"time":"2026-06-08T11:34:30.1701153+08:00","level":"INFO","msg":"pipe not available, retrying","component":"api","simulation_id":6,"pipe":"events","path":"\\\\.\\pipe\\afsim_events","error":"CreateFile pipe: The system cannot find the file specified.","retry_in":2000000000}
{"time":"2026-06-08T11:34:32.1714388+08:00","level":"INFO","msg":"pipe not available, retrying","component":"api","simulation_id":6,"pipe":"events","path":"\\\\.\\pipe\\afsim_events","error":"CreateFile pipe: The system cannot find the file specified.","retry_in":2000000000}
{"time":"2026-06-08T11:34:34.172552+08:00","level":"INFO","msg":"pipe not available, retrying","component":"api","simulation_id":6,"pipe":"events","path":"\\\\.\\pipe\\afsim_events","error":"CreateFile pipe: The system cannot find the file specified.","retry_in":2000000000}
{"time":"2026-06-08T11:34:36.1738184+08:00","level":"INFO","msg":"pipe not available, retrying","component":"api","simulation_id":6,"pipe":"events","path":"\\\\.\\pipe\\afsim_events","error":"CreateFile pipe: The system cannot find the file specified.","retry_in":2000000000}
{"time":"2026-06-08T11:34:38.1756159+08:00","level":"INFO","msg":"pipe not available, retrying","component":"api","simulation_id":6,"pipe":"events","path":"\\\\.\\pipe\\afsim_events","error":"CreateFile pipe: The system cannot find the file specified.","retry_in":2000000000}
{"time":"2026-06-08T11:34:40.1776372+08:00","level":"INFO","msg":"pipe not available, retrying","component":"api","simulation_id":6,"pipe":"events","path":"\\\\.\\pipe\\afsim_events","error":"CreateFile pipe: The system cannot find the file specified.","retry_in":2000000000}
{"time":"2026-06-08T11:34:42.1796106+08:00","level":"INFO","msg":"pipe not available, retrying","component":"api","simulation_id":6,"pipe":"events","path":"\\\\.\\pipe\\afsim_events","error":"CreateFile pipe: The system cannot find the file specified.","retry_in":2000000000}
{"time":"2026-06-08T11:34:44.180771+08:00","level":"INFO","msg":"pipe not available, retrying","component":"api","simulation_id":6,"pipe":"events","path":"\\\\.\\pipe\\afsim_events","error":"CreateFile pipe: The system cannot find the file specified.","retry_in":2000000000}
{"time":"2026-06-08T11:34:46.1821584+08:00","level":"INFO","msg":"pipe not available, retrying","component":"api","simulation_id":6,"pipe":"events","path":"\\\\.\\pipe\\afsim_events","error":"CreateFile pipe: The system cannot find the file specified.","retry_in":2000000000}
{"time":"2026-06-08T11:34:48.1836424+08:00","level":"INFO","msg":"pipe not available, retrying","component":"api","simulation_id":6,"pipe":"events","path":"\\\\.\\pipe\\afsim_events","error":"CreateFile pipe: The system cannot find the file specified.","retry_in":2000000000}
{"time":"2026-06-08T11:34:50.1852987+08:00","level":"INFO","msg":"pipe not available, retrying","component":"api","simulation_id":6,"pipe":"events","path":"\\\\.\\pipe\\afsim_events","error":"CreateFile pipe: The system cannot find the file specified.","retry_in":2000000000}
{"time":"2026-06-08T11:34:52.1866288+08:00","level":"INFO","msg":"pipe not available, retrying","component":"api","simulation_id":6,"pipe":"events","path":"\\\\.\\pipe\\afsim_events","error":"CreateFile pipe: The system cannot find the file specified.","retry_in":2000000000}
{"time":"2026-06-08T11:34:54.1881297+08:00","level":"INFO","msg":"pipe not available, retrying","component":"api","simulation_id":6,"pipe":"events","path":"\\\\.\\pipe\\afsim_events","error":"CreateFile pipe: The system cannot find the file specified.","retry_in":2000000000}
{"time":"2026-06-08T11:34:56.1895942+08:00","level":"INFO","msg":"pipe not available, retrying","component":"api","simulation_id":6,"pipe":"events","path":"\\\\.\\pipe\\afsim_events","error":"CreateFile pipe: The system cannot find the file specified.","retry_in":2000000000}
{"time":"2026-06-08T11:34:58.1906397+08:00","level":"INFO","msg":"pipe not available, retrying","component":"api","simulation_id":6,"pipe":"events","path":"\\\\.\\pipe\\afsim_events","error":"CreateFile pipe: The system cannot find the file specified.","retry_in":2000000000}
{"time":"2026-06-08T11:35:00.1925405+08:00","level":"INFO","msg":"pipe not available, retrying","component":"api","simulation_id":6,"pipe":"events","path":"\\\\.\\pipe\\afsim_events","error":"CreateFile pipe: The system cannot find the file specified.","retry_in":2000000000}
{"time":"2026-06-08T11:35:02.1941183+08:00","level":"INFO","msg":"pipe not available, retrying","component":"api","simulation_id":6,"pipe":"events","path":"\\\\.\\pipe\\afsim_events","error":"CreateFile pipe: The system cannot find the file specified.","retry_in":2000000000}
{"time":"2026-06-08T11:35:04.1958151+08:00","level":"INFO","msg":"pipe not available, retrying","component":"api","simulation_id":6,"pipe":"events","path":"\\\\.\\pipe\\afsim_events","error":"CreateFile pipe: The system cannot find the file specified.","retry_in":2000000000}
{"time":"2026-06-08T11:35:06.1966546+08:00","level":"INFO","msg":"pipe not available, retrying","component":"api","simulation_id":6,"pipe":"events","path":"\\\\.\\pipe\\afsim_events","error":"CreateFile pipe: The system cannot find the file specified.","retry_in":2000000000}
{"time":"2026-06-08T11:35:08.1979374+08:00","level":"INFO","msg":"pipe not available, retrying","component":"api","simulation_id":6,"pipe":"events","path":"\\\\.\\pipe\\afsim_events","error":"CreateFile pipe: The system cannot find the file specified.","retry_in":2000000000}
{"time":"2026-06-08T11:35:10.1993462+08:00","level":"INFO","msg":"pipe not available, retrying","component":"api","simulation_id":6,"pipe":"events","path":"\\\\.\\pipe\\afsim_events","error":"CreateFile pipe: The system cannot find the file specified.","retry_in":2000000000}
{"time":"2026-06-08T11:35:12.2006858+08:00","level":"INFO","msg":"pipe not available, retrying","component":"api","simulation_id":6,"pipe":"events","path":"\\\\.\\pipe\\afsim_events","error":"CreateFile pipe: The system cannot find the file specified.","retry_in":2000000000}
{"time":"2026-06-08T11:35:14.202529+08:00","level":"INFO","msg":"pipe not available, retrying","component":"api","simulation_id":6,"pipe":"events","path":"\\\\.\\pipe\\afsim_events","error":"CreateFile pipe: The system cannot find the file specified.","retry_in":2000000000}
{"time":"2026-06-08T11:35:16.2037412+08:00","level":"INFO","msg":"pipe not available, retrying","component":"api","simulation_id":6,"pipe":"events","path":"\\\\.\\pipe\\afsim_events","error":"CreateFile pipe: The system cannot find the file specified.","retry_in":2000000000}
{"time":"2026-06-08T11:35:18.2048828+08:00","level":"INFO","msg":"pipe not available, retrying","component":"api","simulation_id":6,"pipe":"events","path":"\\\\.\\pipe\\afsim_events","error":"CreateFile pipe: The system cannot find the file specified.","retry_in":2000000000}
{"time":"2026-06-08T11:35:20.206597+08:00","level":"INFO","msg":"pipe not available, retrying","component":"api","simulation_id":6,"pipe":"events","path":"\\\\.\\pipe\\afsim_events","error":"CreateFile pipe: The system cannot find the file specified.","retry_in":2000000000}
{"time":"2026-06-08T11:35:22.2083049+08:00","level":"INFO","msg":"pipe not available, retrying","component":"api","simulation_id":6,"pipe":"events","path":"\\\\.\\pipe\\afsim_events","error":"CreateFile pipe: The system cannot find the file specified.","retry_in":2000000000}
{"time":"2026-06-08T11:35:24.2097343+08:00","level":"INFO","msg":"pipe not available, retrying","component":"api","simulation_id":6,"pipe":"events","path":"\\\\.\\pipe\\afsim_events","error":"CreateFile pipe: The system cannot find the file specified.","retry_in":2000000000}
{"time":"2026-06-08T11:35:26.2115242+08:00","level":"INFO","msg":"pipe not available, retrying","component":"api","simulation_id":6,"pipe":"events","path":"\\\\.\\pipe\\afsim_events","error":"CreateFile pipe: The system cannot find the file specified.","retry_in":2000000000}
{"time":"2026-06-08T11:35:28.2130743+08:00","level":"INFO","msg":"pipe not available, retrying","component":"api","simulation_id":6,"pipe":"events","path":"\\\\.\\pipe\\afsim_events","error":"CreateFile pipe: The system cannot find the file specified.","retry_in":2000000000}
{"time":"2026-06-08T11:35:30.2146414+08:00","level":"INFO","msg":"pipe not available, retrying","component":"api","simulation_id":6,"pipe":"events","path":"\\\\.\\pipe\\afsim_events","error":"CreateFile pipe: The system cannot find the file specified.","retry_in":2000000000}
{"time":"2026-06-08T11:35:32.2158297+08:00","level":"INFO","msg":"pipe not available, retrying","component":"api","simulation_id":6,"pipe":"events","path":"\\\\.\\pipe\\afsim_events","error":"CreateFile pipe: The system cannot find the file specified.","retry_in":2000000000}
{"time":"2026-06-08T11:35:34.2173869+08:00","level":"INFO","msg":"pipe not available, retrying","component":"api","simulation_id":6,"pipe":"events","path":"\\\\.\\pipe\\afsim_events","error":"CreateFile pipe: The system cannot find the file specified.","retry_in":2000000000}
{"time":"2026-06-08T11:35:36.2192255+08:00","level":"INFO","msg":"pipe not available, retrying","component":"api","simulation_id":6,"pipe":"events","path":"\\\\.\\pipe\\afsim_events","error":"CreateFile pipe: The system cannot find the file specified.","retry_in":2000000000}
{"time":"2026-06-08T11:35:38.2209107+08:00","level":"INFO","msg":"pipe not available, retrying","component":"api","simulation_id":6,"pipe":"events","path":"\\\\.\\pipe\\afsim_events","error":"CreateFile pipe: The system cannot find the file specified.","retry_in":2000000000}
{"time":"2026-06-08T11:35:40.2221784+08:00","level":"INFO","msg":"pipe not available, retrying","component":"api","simulation_id":6,"pipe":"events","path":"\\\\.\\pipe\\afsim_events","error":"CreateFile pipe: The system cannot find the file specified.","retry_in":2000000000}
{"time":"2026-06-08T11:35:42.2235403+08:00","level":"INFO","msg":"pipe not available, retrying","component":"api","simulation_id":6,"pipe":"events","path":"\\\\.\\pipe\\afsim_events","error":"CreateFile pipe: The system cannot find the file specified.","retry_in":2000000000}
{"time":"2026-06-08T11:35:44.2245123+08:00","level":"INFO","msg":"pipe not available, retrying","component":"api","simulation_id":6,"pipe":"events","path":"\\\\.\\pipe\\afsim_events","error":"CreateFile pipe: The system cannot find the file specified.","retry_in":2000000000}
{"time":"2026-06-08T11:35:46.2256307+08:00","level":"INFO","msg":"pipe not available, retrying","component":"api","simulation_id":6,"pipe":"events","path":"\\\\.\\pipe\\afsim_events","error":"CreateFile pipe: The system cannot find the file specified.","retry_in":2000000000}
{"time":"2026-06-08T11:35:48.2275531+08:00","level":"INFO","msg":"pipe not available, retrying","component":"api","simulation_id":6,"pipe":"events","path":"\\\\.\\pipe\\afsim_events","error":"CreateFile pipe: The system cannot find the file specified.","retry_in":2000000000}
{"time":"2026-06-08T11:35:50.2288262+08:00","level":"INFO","msg":"pipe not available, retrying","component":"api","simulation_id":6,"pipe":"events","path":"\\\\.\\pipe\\afsim_events","error":"CreateFile pipe: The system cannot find the file specified.","retry_in":2000000000}
{"time":"2026-06-08T11:35:52.229427+08:00","level":"INFO","msg":"pipe not available, retrying","component":"api","simulation_id":6,"pipe":"events","path":"\\\\.\\pipe\\afsim_events","error":"CreateFile pipe: The system cannot find the file specified.","retry_in":2000000000}
{"time":"2026-06-08T11:35:54.2327165+08:00","level":"INFO","msg":"pipe not available, retrying","component":"api","simulation_id":6,"pipe":"events","path":"\\\\.\\pipe\\afsim_events","error":"CreateFile pipe: The system cannot find the file specified.","retry_in":2000000000}
{"time":"2026-06-08T11:35:56.2387881+08:00","level":"INFO","msg":"pipe not available, retrying","component":"api","simulation_id":6,"pipe":"events","path":"\\\\.\\pipe\\afsim_events","error":"CreateFile pipe: The system cannot find the file specified.","retry_in":2000000000}
{"time":"2026-06-08T11:35:58.2392264+08:00","level":"INFO","msg":"pipe not available, retrying","component":"api","simulation_id":6,"pipe":"events","path":"\\\\.\\pipe\\afsim_events","error":"CreateFile pipe: The system cannot find the file specified.","retry_in":2000000000}
{"time":"2026-06-08T11:36:00.2399644+08:00","level":"INFO","msg":"pipe not available, retrying","component":"api","simulation_id":6,"pipe":"events","path":"\\\\.\\pipe\\afsim_events","error":"CreateFile pipe: The system cannot find the file specified.","retry_in":2000000000}
{"time":"2026-06-08T11:36:02.2407761+08:00","level":"INFO","msg":"pipe not available, retrying","component":"api","simulation_id":6,"pipe":"events","path":"\\\\.\\pipe\\afsim_events","error":"CreateFile pipe: The system cannot find the file specified.","retry_in":2000000000}
{"time":"2026-06-08T11:36:04.2423844+08:00","level":"INFO","msg":"pipe not available, retrying","component":"api","simulation_id":6,"pipe":"events","path":"\\\\.\\pipe\\afsim_events","error":"CreateFile pipe: The system cannot find the file specified.","retry_in":2000000000}
{"time":"2026-06-08T11:36:06.3194278+08:00","level":"INFO","msg":"pipe not available, retrying","component":"api","simulation_id":6,"pipe":"events","path":"\\\\.\\pipe\\afsim_events","error":"CreateFile pipe: The system cannot find the file specified.","retry_in":2000000000}
{"time":"2026-06-08T11:36:08.3275717+08:00","level":"INFO","msg":"pipe not available, retrying","component":"api","simulation_id":6,"pipe":"events","path":"\\\\.\\pipe\\afsim_events","error":"CreateFile pipe: The system cannot find the file specified.","retry_in":2000000000}
{"time":"2026-06-08T11:36:10.3335036+08:00","level":"INFO","msg":"pipe not available, retrying","component":"api","simulation_id":6,"pipe":"events","path":"\\\\.\\pipe\\afsim_events","error":"CreateFile pipe: The system cannot find the file specified.","retry_in":2000000000}
{"time":"2026-06-08T11:36:12.3390127+08:00","level":"INFO","msg":"pipe not available, retrying","component":"api","simulation_id":6,"pipe":"events","path":"\\\\.\\pipe\\afsim_events","error":"CreateFile pipe: The system cannot find the file specified.","retry_in":2000000000}
{"time":"2026-06-08T11:36:14.339993+08:00","level":"INFO","msg":"pipe not available, retrying","component":"api","simulation_id":6,"pipe":"events","path":"\\\\.\\pipe\\afsim_events","error":"CreateFile pipe: The system cannot find the file specified.","retry_in":2000000000}
{"time":"2026-06-08T11:36:16.3412451+08:00","level":"INFO","msg":"pipe not available, retrying","component":"api","simulation_id":6,"pipe":"events","path":"\\\\.\\pipe\\afsim_events","error":"CreateFile pipe: The system cannot find the file specified.","retry_in":2000000000}
{"time":"2026-06-08T11:36:18.3424286+08:00","level":"INFO","msg":"pipe not available, retrying","component":"api","simulation_id":6,"pipe":"events","path":"\\\\.\\pipe\\afsim_events","error":"CreateFile pipe: The system cannot find the file specified.","retry_in":2000000000}
{"time":"2026-06-08T11:36:20.3436015+08:00","level":"INFO","msg":"pipe not available, retrying","component":"api","simulation_id":6,"pipe":"events","path":"\\\\.\\pipe\\afsim_events","error":"CreateFile pipe: The system cannot find the file specified.","retry_in":2000000000}
{"time":"2026-06-08T11:36:22.3453741+08:00","level":"INFO","msg":"pipe not available, retrying","component":"api","simulation_id":6,"pipe":"events","path":"\\\\.\\pipe\\afsim_events","error":"CreateFile pipe: The system cannot find the file specified.","retry_in":2000000000}
{"time":"2026-06-08T11:36:24.3464208+08:00","level":"INFO","msg":"pipe not available, retrying","component":"api","simulation_id":6,"pipe":"events","path":"\\\\.\\pipe\\afsim_events","error":"CreateFile pipe: The system cannot find the file specified.","retry_in":2000000000}
{"time":"2026-06-08T11:36:26.3476665+08:00","level":"INFO","msg":"pipe not available, retrying","component":"api","simulation_id":6,"pipe":"events","path":"\\\\.\\pipe\\afsim_events","error":"CreateFile pipe: The system cannot find the file specified.","retry_in":2000000000}
{"time":"2026-06-08T11:36:28.3488451+08:00","level":"INFO","msg":"pipe not available, retrying","component":"api","simulation_id":6,"pipe":"events","path":"\\\\.\\pipe\\afsim_events","error":"CreateFile pipe: The system cannot find the file specified.","retry_in":2000000000}
{"time":"2026-06-08T11:36:30.3509272+08:00","level":"INFO","msg":"pipe not available, retrying","component":"api","simulation_id":6,"pipe":"events","path":"\\\\.\\pipe\\afsim_events","error":"CreateFile pipe: The system cannot find the file specified.","retry_in":2000000000}
{"time":"2026-06-08T11:36:32.3521391+08:00","level":"INFO","msg":"pipe not available, retrying","component":"api","simulation_id":6,"pipe":"events","path":"\\\\.\\pipe\\afsim_events","error":"CreateFile pipe: The system cannot find the file specified.","retry_in":2000000000}
{"time":"2026-06-08T11:36:34.3537049+08:00","level":"INFO","msg":"pipe not available, retrying","component":"api","simulation_id":6,"pipe":"events","path":"\\\\.\\pipe\\afsim_events","error":"CreateFile pipe: The system cannot find the file specified.","retry_in":2000000000}
{"time":"2026-06-08T11:36:36.3550582+08:00","level":"INFO","msg":"pipe not available, retrying","component":"api","simulation_id":6,"pipe":"events","path":"\\\\.\\pipe\\afsim_events","error":"CreateFile pipe: The system cannot find the file specified.","retry_in":2000000000}
{"time":"2026-06-08T11:36:38.3564344+08:00","level":"INFO","msg":"pipe not available, retrying","component":"api","simulation_id":6,"pipe":"events","path":"\\\\.\\pipe\\afsim_events","error":"CreateFile pipe: The system cannot find the file specified.","retry_in":2000000000}
{"time":"2026-06-08T11:36:40.3576846+08:00","level":"INFO","msg":"pipe not available, retrying","component":"api","simulation_id":6,"pipe":"events","path":"\\\\.\\pipe\\afsim_events","error":"CreateFile pipe: The system cannot find the file specified.","retry_in":2000000000}
{"time":"2026-06-08T11:36:42.3601077+08:00","level":"INFO","msg":"pipe not available, retrying","component":"api","simulation_id":6,"pipe":"events","path":"\\\\.\\pipe\\afsim_events","error":"CreateFile pipe: The system cannot find the file specified.","retry_in":2000000000}
{"time":"2026-06-08T11:36:44.3613396+08:00","level":"INFO","msg":"pipe not available, retrying","component":"api","simulation_id":6,"pipe":"events","path":"\\\\.\\pipe\\afsim_events","error":"CreateFile pipe: The system cannot find the file specified.","retry_in":2000000000}
{"time":"2026-06-08T11:36:46.3642436+08:00","level":"INFO","msg":"pipe not available, retrying","component":"api","simulation_id":6,"pipe":"events","path":"\\\\.\\pipe\\afsim_events","error":"CreateFile pipe: The system cannot find the file specified.","retry_in":2000000000}
{"time":"2026-06-08T11:36:48.3708037+08:00","level":"INFO","msg":"pipe not available, retrying","component":"api","simulation_id":6,"pipe":"events","path":"\\\\.\\pipe\\afsim_events","error":"CreateFile pipe: The system cannot find the file specified.","retry_in":2000000000}
{"time":"2026-06-08T11:36:50.3721279+08:00","level":"INFO","msg":"pipe not available, retrying","component":"api","simulation_id":6,"pipe":"events","path":"\\\\.\\pipe\\afsim_events","error":"CreateFile pipe: The system cannot find the file specified.","retry_in":2000000000}
{"time":"2026-06-08T11:36:52.3739306+08:00","level":"INFO","msg":"pipe not available, retrying","component":"api","simulation_id":6,"pipe":"events","path":"\\\\.\\pipe\\afsim_events","error":"CreateFile pipe: The system cannot find the file specified.","retry_in":2000000000}
{"time":"2026-06-08T11:36:54.3801555+08:00","level":"INFO","msg":"pipe not available, retrying","component":"api","simulation_id":6,"pipe":"events","path":"\\\\.\\pipe\\afsim_events","error":"CreateFile pipe: The system cannot find the file specified.","retry_in":2000000000}
{"time":"2026-06-08T11:36:56.3815667+08:00","level":"INFO","msg":"pipe not available, retrying","component":"api","simulation_id":6,"pipe":"events","path":"\\\\.\\pipe\\afsim_events","error":"CreateFile pipe: The system cannot find the file specified.","retry_in":2000000000}
{"time":"2026-06-08T11:36:58.3839012+08:00","level":"INFO","msg":"pipe not available, retrying","component":"api","simulation_id":6,"pipe":"events","path":"\\\\.\\pipe\\afsim_events","error":"CreateFile pipe: The system cannot find the file specified.","retry_in":2000000000}
{"time":"2026-06-08T11:37:00.3850314+08:00","level":"INFO","msg":"pipe not available, retrying","component":"api","simulation_id":6,"pipe":"events","path":"\\\\.\\pipe\\afsim_events","error":"CreateFile pipe: The system cannot find the file specified.","retry_in":2000000000}
{"time":"2026-06-08T11:37:02.3866153+08:00","level":"INFO","msg":"pipe not available, retrying","component":"api","simulation_id":6,"pipe":"events","path":"\\\\.\\pipe\\afsim_events","error":"CreateFile pipe: The system cannot find the file specified.","retry_in":2000000000}
{"time":"2026-06-08T11:37:04.3886954+08:00","level":"INFO","msg":"pipe not available, retrying","component":"api","simulation_id":6,"pipe":"events","path":"\\\\.\\pipe\\afsim_events","error":"CreateFile pipe: The system cannot find the file specified.","retry_in":2000000000}
{"time":"2026-06-08T11:37:06.3905972+08:00","level":"INFO","msg":"pipe not available, retrying","component":"api","simulation_id":6,"pipe":"events","path":"\\\\.\\pipe\\afsim_events","error":"CreateFile pipe: The system cannot find the file specified.","retry_in":2000000000}
{"time":"2026-06-08T11:37:08.3926217+08:00","level":"INFO","msg":"pipe not available, retrying","component":"api","simulation_id":6,"pipe":"events","path":"\\\\.\\pipe\\afsim_events","error":"CreateFile pipe: The system cannot find the file specified.","retry_in":2000000000}
{"time":"2026-06-08T11:37:10.3942404+08:00","level":"INFO","msg":"pipe not available, retrying","component":"api","simulation_id":6,"pipe":"events","path":"\\\\.\\pipe\\afsim_events","error":"CreateFile pipe: The system cannot find the file specified.","retry_in":2000000000}
{"time":"2026-06-08T11:37:12.3955962+08:00","level":"INFO","msg":"pipe not available, retrying","component":"api","simulation_id":6,"pipe":"events","path":"\\\\.\\pipe\\afsim_events","error":"CreateFile pipe: The system cannot find the file specified.","retry_in":2000000000}
{"time":"2026-06-08T11:37:14.3970513+08:00","level":"INFO","msg":"pipe not available, retrying","component":"api","simulation_id":6,"pipe":"events","path":"\\\\.\\pipe\\afsim_events","error":"CreateFile pipe: The system cannot find the file specified.","retry_in":2000000000}
{"time":"2026-06-08T11:37:16.3985876+08:00","level":"INFO","msg":"pipe not available, retrying","component":"api","simulation_id":6,"pipe":"events","path":"\\\\.\\pipe\\afsim_events","error":"CreateFile pipe: The system cannot find the file specified.","retry_in":2000000000}
{"time":"2026-06-08T11:37:18.3999802+08:00","level":"INFO","msg":"pipe not available, retrying","component":"api","simulation_id":6,"pipe":"events","path":"\\\\.\\pipe\\afsim_events","error":"CreateFile pipe: The system cannot find the file specified.","retry_in":2000000000}
{"time":"2026-06-08T11:37:20.4013273+08:00","level":"INFO","msg":"pipe not available, retrying","component":"api","simulation_id":6,"pipe":"events","path":"\\\\.\\pipe\\afsim_events","error":"CreateFile pipe: The system cannot find the file specified.","retry_in":2000000000}
{"time":"2026-06-08T11:37:22.4026699+08:00","level":"INFO","msg":"pipe not available, retrying","component":"api","simulation_id":6,"pipe":"events","path":"\\\\.\\pipe\\afsim_events","error":"CreateFile pipe: The system cannot find the file specified.","retry_in":2000000000}
{"time":"2026-06-08T11:37:24.4045537+08:00","level":"INFO","msg":"pipe not available, retrying","component":"api","simulation_id":6,"pipe":"events","path":"\\\\.\\pipe\\afsim_events","error":"CreateFile pipe: The system cannot find the file specified.","retry_in":2000000000}
{"time":"2026-06-08T11:37:26.4067184+08:00","level":"INFO","msg":"pipe not available, retrying","component":"api","simulation_id":6,"pipe":"events","path":"\\\\.\\pipe\\afsim_events","error":"CreateFile pipe: The system cannot find the file specified.","retry_in":2000000000}
{"time":"2026-06-08T11:37:28.4089445+08:00","level":"INFO","msg":"pipe not available, retrying","component":"api","simulation_id":6,"pipe":"events","path":"\\\\.\\pipe\\afsim_events","error":"CreateFile pipe: The system cannot find the file specified.","retry_in":2000000000}
{"time":"2026-06-08T11:37:30.4102593+08:00","level":"INFO","msg":"pipe not available, retrying","component":"api","simulation_id":6,"pipe":"events","path":"\\\\.\\pipe\\afsim_events","error":"CreateFile pipe: The system cannot find the file specified.","retry_in":2000000000}
{"time":"2026-06-08T11:37:32.4116609+08:00","level":"INFO","msg":"pipe not available, retrying","component":"api","simulation_id":6,"pipe":"events","path":"\\\\.\\pipe\\afsim_events","error":"CreateFile pipe: The system cannot find the file specified.","retry_in":2000000000}
{"time":"2026-06-08T11:37:34.4132385+08:00","level":"INFO","msg":"pipe not available, retrying","component":"api","simulation_id":6,"pipe":"events","path":"\\\\.\\pipe\\afsim_events","error":"CreateFile pipe: The system cannot find the file specified.","retry_in":2000000000}
{"time":"2026-06-08T11:37:36.4144382+08:00","level":"INFO","msg":"pipe not available, retrying","component":"api","simulation_id":6,"pipe":"events","path":"\\\\.\\pipe\\afsim_events","error":"CreateFile pipe: The system cannot find the file specified.","retry_in":2000000000}
{"time":"2026-06-08T11:37:38.415582+08:00","level":"INFO","msg":"pipe not available, retrying","component":"api","simulation_id":6,"pipe":"events","path":"\\\\.\\pipe\\afsim_events","error":"CreateFile pipe: The system cannot find the file specified.","retry_in":2000000000}
{"time":"2026-06-08T11:37:40.4178482+08:00","level":"INFO","msg":"pipe not available, retrying","component":"api","simulation_id":6,"pipe":"events","path":"\\\\.\\pipe\\afsim_events","error":"CreateFile pipe: The system cannot find the file specified.","retry_in":2000000000}
{"time":"2026-06-08T11:37:42.4185708+08:00","level":"INFO","msg":"pipe not available, retrying","component":"api","simulation_id":6,"pipe":"events","path":"\\\\.\\pipe\\afsim_events","error":"CreateFile pipe: The system cannot find the file specified.","retry_in":2000000000}
{"time":"2026-06-08T11:37:44.4198692+08:00","level":"INFO","msg":"pipe not available, retrying","component":"api","simulation_id":6,"pipe":"events","path":"\\\\.\\pipe\\afsim_events","error":"CreateFile pipe: The system cannot find the file specified.","retry_in":2000000000}
{"time":"2026-06-08T11:37:46.4210114+08:00","level":"INFO","msg":"pipe not available, retrying","component":"api","simulation_id":6,"pipe":"events","path":"\\\\.\\pipe\\afsim_events","error":"CreateFile pipe: The system cannot find the file specified.","retry_in":2000000000}
{"time":"2026-06-08T11:37:48.4221714+08:00","level":"INFO","msg":"pipe not available, retrying","component":"api","simulation_id":6,"pipe":"events","path":"\\\\.\\pipe\\afsim_events","error":"CreateFile pipe: The system cannot find the file specified.","retry_in":2000000000}
{"time":"2026-06-08T11:37:50.4236412+08:00","level":"INFO","msg":"pipe not available, retrying","component":"api","simulation_id":6,"pipe":"events","path":"\\\\.\\pipe\\afsim_events","error":"CreateFile pipe: The system cannot find the file specified.","retry_in":2000000000}
{"time":"2026-06-08T11:37:52.4256945+08:00","level":"INFO","msg":"pipe not available, retrying","component":"api","simulation_id":6,"pipe":"events","path":"\\\\.\\pipe\\afsim_events","error":"CreateFile pipe: The system cannot find the file specified.","retry_in":2000000000}
{"time":"2026-06-08T11:37:54.4269547+08:00","level":"INFO","msg":"pipe not available, retrying","component":"api","simulation_id":6,"pipe":"events","path":"\\\\.\\pipe\\afsim_events","error":"CreateFile pipe: The system cannot find the file specified.","retry_in":2000000000}
{"time":"2026-06-08T11:37:56.428723+08:00","level":"INFO","msg":"pipe not available, retrying","component":"api","simulation_id":6,"pipe":"events","path":"\\\\.\\pipe\\afsim_events","error":"CreateFile pipe: The system cannot find the file specified.","retry_in":2000000000}
{"time":"2026-06-08T11:37:58.4303777+08:00","level":"INFO","msg":"pipe not available, retrying","component":"api","simulation_id":6,"pipe":"events","path":"\\\\.\\pipe\\afsim_events","error":"CreateFile pipe: The system cannot find the file specified.","retry_in":2000000000}
{"time":"2026-06-08T11:38:00.4318491+08:00","level":"INFO","msg":"pipe not available, retrying","component":"api","simulation_id":6,"pipe":"events","path":"\\\\.\\pipe\\afsim_events","error":"CreateFile pipe: The system cannot find the file specified.","retry_in":2000000000}
{"time":"2026-06-08T11:38:02.4336919+08:00","level":"INFO","msg":"pipe not available, retrying","component":"api","simulation_id":6,"pipe":"events","path":"\\\\.\\pipe\\afsim_events","error":"CreateFile pipe: The system cannot find the file specified.","retry_in":2000000000}
{"time":"2026-06-08T11:38:04.435922+08:00","level":"INFO","msg":"pipe not available, retrying","component":"api","simulation_id":6,"pipe":"events","path":"\\\\.\\pipe\\afsim_events","error":"CreateFile pipe: The system cannot find the file specified.","retry_in":2000000000}
{"time":"2026-06-08T11:38:06.4376368+08:00","level":"INFO","msg":"pipe not available, retrying","component":"api","simulation_id":6,"pipe":"events","path":"\\\\.\\pipe\\afsim_events","error":"CreateFile pipe: The system cannot find the file specified.","retry_in":2000000000}
{"time":"2026-06-08T11:38:08.4388377+08:00","level":"INFO","msg":"pipe not available, retrying","component":"api","simulation_id":6,"pipe":"events","path":"\\\\.\\pipe\\afsim_events","error":"CreateFile pipe: The system cannot find the file specified.","retry_in":2000000000}
{"time":"2026-06-08T11:38:10.4402946+08:00","level":"INFO","msg":"pipe not available, retrying","component":"api","simulation_id":6,"pipe":"events","path":"\\\\.\\pipe\\afsim_events","error":"CreateFile pipe: The system cannot find the file specified.","retry_in":2000000000}
{"time":"2026-06-08T11:38:12.442069+08:00","level":"INFO","msg":"pipe not available, retrying","component":"api","simulation_id":6,"pipe":"events","path":"\\\\.\\pipe\\afsim_events","error":"CreateFile pipe: The system cannot find the file specified.","retry_in":2000000000}
{"time":"2026-06-08T11:38:14.4435648+08:00","level":"INFO","msg":"pipe not available, retrying","component":"api","simulation_id":6,"pipe":"events","path":"\\\\.\\pipe\\afsim_events","error":"CreateFile pipe: The system cannot find the file specified.","retry_in":2000000000}
2026/06/08 11:38:15 [DESKTOP-2269V6M/0I7zd4hyWa-000172] "GET http://localhost:8080/api/scenarios HTTP/1.1" from [::1]:53116 - 200 129B in 0s
2026/06/08 11:38:15 [DESKTOP-2269V6M/0I7zd4hyWa-000173] "GET http://localhost:8080/api/scenarios HTTP/1.1" from [::1]:53117 - 200 129B in 0s
{"time":"2026-06-08T11:38:16.4444648+08:00","level":"INFO","msg":"pipe not available, retrying","component":"api","simulation_id":6,"pipe":"events","path":"\\\\.\\pipe\\afsim_events","error":"CreateFile pipe: The system cannot find the file specified.","retry_in":2000000000}
{"time":"2026-06-08T11:38:17.4143939+08:00","level":"INFO","msg":"starting mission.exe","component":"api","simulation_id":7,"path":"e:\\AFsim\\afsimweb-master\\AFSim\\afsim-2.9.0-win64\\bin\\mission.exe","scenario":"scenarios\\test_gateway.scenario","mode":"realtime","args":["-rt","test_gateway.scenario"]}
2026/06/08 11:38:17 [DESKTOP-2269V6M/0I7zd4hyWa-000174] "POST http://localhost:8080/api/simulations HTTP/1.1" from [::1]:53120 - 201 142B in 3.4294ms
{"time":"2026-06-08T11:38:17.4178233+08:00","level":"INFO","msg":"pipe not available, retrying","component":"api","simulation_id":7,"pipe":"events","path":"\\\\.\\pipe\\afsim_events","error":"CreateFile pipe: The system cannot find the file specified.","retry_in":2000000000}
{"time":"2026-06-08T11:38:17.4213504+08:00","level":"INFO","msg":"WebSocket connection request","component":"api","simulation_id":"7"}
2026/06/08 11:38:17 [DESKTOP-2269V6M/0I7zd4hyWa-000175] "GET http://localhost:8080/api/simulations/7/ws HTTP/1.1" from [::1]:53121 - 000 0B in 533.3µs
{"time":"2026-06-08T11:38:17.5474074+08:00","level":"INFO","msg":"mission:\r","component":"api","simulation_id":7,"stream":"stdout"}
{"time":"2026-06-08T11:38:17.5474074+08:00","level":"INFO","msg":"    WSF Version: 2.9.0 02-25-2022\r","component":"api","simulation_id":7,"stream":"stdout"}
{"time":"2026-06-08T11:38:17.5489417+08:00","level":"INFO","msg":"    Built: Feb 25 2022 08:12:40\r","component":"api","simulation_id":7,"stream":"stdout"}
{"time":"2026-06-08T11:38:17.5494588+08:00","level":"INFO","msg":"Plugin API version info:\r","component":"api","simulation_id":7,"stream":"stdout"}
{"time":"2026-06-08T11:38:17.5499749+08:00","level":"INFO","msg":"    Version: 2.9\r","component":"api","simulation_id":7,"stream":"stdout"}
{"time":"2026-06-08T11:38:17.5504898+08:00","level":"INFO","msg":"    Compiler: win_1916_64bit_release-hwe\r","component":"api","simulation_id":7,"stream":"stdout"}
{"time":"2026-06-08T11:38:17.5510045+08:00","level":"INFO","msg":"Plugins Loaded:\r","component":"api","simulation_id":7,"stream":"stdout"}
{"time":"2026-06-08T11:38:17.5515211+08:00","level":"INFO","msg":"    wsf_alternate_locations.dll, wsf_coverage.dll, wsf_iads_c2.dll, wsf_prompt.dll, wsf_scenario_analyzer.dll, wsf_scenario_analyzer_iads_c2.dll, wsf_air_combat.dll, wsf_annotation.dll, wsf_argo8.dll, wsf_brawler.dll, wsf_event_gateway.dll, wsf_fires.dll, wsf_multiresolution.dll, wsf_oms_uci.dll, wsf_p6dof.dll, wsf_six_dof.dll, wsf_sosm.dll\r","component":"api","simulation_id":7,"stream":"stdout"}
{"time":"2026-06-08T11:38:17.5525592+08:00","level":"INFO","msg":"Extensions Included: \r","component":"api","simulation_id":7,"stream":"stdout"}
{"time":"2026-06-08T11:38:17.5530744+08:00","level":"INFO","msg":"    sensor_plot_lib, wsf_cyber, wsf_grammar_check, wsf_l16, wsf_mil, wsf_mil_parser, wsf_mtt, wsf_nx, wsf_parser, wsf_ripr, wsf_space, wsf_weapon_server, wsf_simdis\r","component":"api","simulation_id":7,"stream":"stdout"}
{"time":"2026-06-08T11:38:17.5535922+08:00","level":"INFO","msg":"\r","component":"api","simulation_id":7,"stream":"stdout"}
{"time":"2026-06-08T11:38:17.5541073+08:00","level":"INFO","msg":"Loading simulation input.\r","component":"api","simulation_id":7,"stream":"stdout"}
{"time":"2026-06-08T11:38:17.5546236+08:00","level":"INFO","msg":"Loading simulation input complete.\r","component":"api","simulation_id":7,"stream":"stdout"}
{"time":"2026-06-08T11:38:17.5556587+08:00","level":"INFO","msg":"    Elapsed Wall Clock Time: 0.0032387\r","component":"api","simulation_id":7,"stream":"stdout"}
{"time":"2026-06-08T11:38:17.5561742+08:00","level":"INFO","msg":"    Elapsed Processor Time : 0.015625\r","component":"api","simulation_id":7,"stream":"stdout"}
{"time":"2026-06-08T11:38:17.5566922+08:00","level":"INFO","msg":"Initializing simulation.\r","component":"api","simulation_id":7,"stream":"stdout"}
{"time":"2026-06-08T11:38:17.5572075+08:00","level":"INFO","msg":"***** ERROR: wsf_event_gateway: Created pipe \\\\.\\pipe\\afsim_events successfully\r","component":"api","simulation_id":7,"stream":"stdout"}
{"time":"2026-06-08T11:38:17.5577225+08:00","level":"INFO","msg":"Initializing simulation complete.\r","component":"api","simulation_id":7,"stream":"stdout"}
{"time":"2026-06-08T11:38:17.5587521+08:00","level":"INFO","msg":"    Elapsed Wall Clock Time: 0.0059271\r","component":"api","simulation_id":7,"stream":"stdout"}
{"time":"2026-06-08T11:38:17.5592669+08:00","level":"INFO","msg":"    Elapsed Processor Time : 0\r","component":"api","simulation_id":7,"stream":"stdout"}
{"time":"2026-06-08T11:38:17.5597837+08:00","level":"INFO","msg":"Starting simulation.\r","component":"api","simulation_id":7,"stream":"stdout"}
{"time":"2026-06-08T11:38:17.5602991+08:00","level":"INFO","msg":"T = 0\r","component":"api","simulation_id":7,"stream":"stdout"}
{"time":"2026-06-08T11:38:18.44606+08:00","level":"INFO","msg":"connected to named pipe","component":"api","simulation_id":6,"pipe":"events","path":"\\\\.\\pipe\\afsim_events","access":"read-only"}
{"time":"2026-06-08T11:38:18.4473534+08:00","level":"INFO","msg":"connected to named pipe","component":"api","simulation_id":6,"pipe":"control","path":"\\\\.\\pipe\\afsim_control","access":"write-only"}
{"time":"2026-06-08T11:38:18.4478644+08:00","level":"INFO","msg":"connected to both AFSIM pipes, starting event loop","component":"api","simulation_id":6}
{"time":"2026-06-08T11:38:19.4195918+08:00","level":"INFO","msg":"pipe not available, retrying","component":"api","simulation_id":7,"pipe":"events","path":"\\\\.\\pipe\\afsim_events","error":"CreateFile pipe: All pipe instances are busy.","retry_in":2000000000}
{"time":"2026-06-08T11:38:21.4208103+08:00","level":"INFO","msg":"pipe not available, retrying","component":"api","simulation_id":7,"pipe":"events","path":"\\\\.\\pipe\\afsim_events","error":"CreateFile pipe: All pipe instances are busy.","retry_in":2000000000}
{"time":"2026-06-08T11:38:23.4224323+08:00","level":"INFO","msg":"pipe not available, retrying","component":"api","simulation_id":7,"pipe":"events","path":"\\\\.\\pipe\\afsim_events","error":"CreateFile pipe: All pipe instances are busy.","retry_in":2000000000}
{"time":"2026-06-08T11:38:25.4237892+08:00","level":"INFO","msg":"pipe not available, retrying","component":"api","simulation_id":7,"pipe":"events","path":"\\\\.\\pipe\\afsim_events","error":"CreateFile pipe: All pipe instances are busy.","retry_in":2000000000}
{"time":"2026-06-08T11:38:27.4254427+08:00","level":"INFO","msg":"pipe not available, retrying","component":"api","simulation_id":7,"pipe":"events","path":"\\\\.\\pipe\\afsim_events","error":"CreateFile pipe: All pipe instances are busy.","retry_in":2000000000}
{"time":"2026-06-08T11:38:27.5530117+08:00","level":"INFO","msg":"T = 10.000\r","component":"api","simulation_id":7,"stream":"stdout"}
{"time":"2026-06-08T11:38:29.426605+08:00","level":"INFO","msg":"pipe not available, retrying","component":"api","simulation_id":7,"pipe":"events","path":"\\\\.\\pipe\\afsim_events","error":"CreateFile pipe: All pipe instances are busy.","retry_in":2000000000}
{"time":"2026-06-08T11:38:31.4276576+08:00","level":"INFO","msg":"pipe not available, retrying","component":"api","simulation_id":7,"pipe":"events","path":"\\\\.\\pipe\\afsim_events","error":"CreateFile pipe: All pipe instances are busy.","retry_in":2000000000}
{"time":"2026-06-08T11:38:33.4293659+08:00","level":"INFO","msg":"pipe not available, retrying","component":"api","simulation_id":7,"pipe":"events","path":"\\\\.\\pipe\\afsim_events","error":"CreateFile pipe: All pipe instances are busy.","retry_in":2000000000}
{"time":"2026-06-08T11:38:35.4314293+08:00","level":"INFO","msg":"pipe not available, retrying","component":"api","simulation_id":7,"pipe":"events","path":"\\\\.\\pipe\\afsim_events","error":"CreateFile pipe: All pipe instances are busy.","retry_in":2000000000}
{"time":"2026-06-08T11:38:37.432946+08:00","level":"INFO","msg":"pipe not available, retrying","component":"api","simulation_id":7,"pipe":"events","path":"\\\\.\\pipe\\afsim_events","error":"CreateFile pipe: All pipe instances are busy.","retry_in":2000000000}
{"time":"2026-06-08T11:38:37.5620682+08:00","level":"INFO","msg":"T = 20.000\r","component":"api","simulation_id":7,"stream":"stdout"}
{"time":"2026-06-08T11:38:39.4345577+08:00","level":"INFO","msg":"pipe not available, retrying","component":"api","simulation_id":7,"pipe":"events","path":"\\\\.\\pipe\\afsim_events","error":"CreateFile pipe: All pipe instances are busy.","retry_in":2000000000}
{"time":"2026-06-08T11:38:41.4880876+08:00","level":"INFO","msg":"pipe not available, retrying","component":"api","simulation_id":7,"pipe":"events","path":"\\\\.\\pipe\\afsim_events","error":"CreateFile pipe: All pipe instances are busy.","retry_in":2000000000}
{"time":"2026-06-08T11:38:43.4897374+08:00","level":"INFO","msg":"pipe not available, retrying","component":"api","simulation_id":7,"pipe":"events","path":"\\\\.\\pipe\\afsim_events","error":"CreateFile pipe: All pipe instances are busy.","retry_in":2000000000}
{"time":"2026-06-08T11:38:45.4912067+08:00","level":"INFO","msg":"pipe not available, retrying","component":"api","simulation_id":7,"pipe":"events","path":"\\\\.\\pipe\\afsim_events","error":"CreateFile pipe: All pipe instances are busy.","retry_in":2000000000}
{"time":"2026-06-08T11:38:47.4923625+08:00","level":"INFO","msg":"pipe not available, retrying","component":"api","simulation_id":7,"pipe":"events","path":"\\\\.\\pipe\\afsim_events","error":"CreateFile pipe: All pipe instances are busy.","retry_in":2000000000}
{"time":"2026-06-08T11:38:47.5553119+08:00","level":"INFO","msg":"T = 30.000\r","component":"api","simulation_id":7,"stream":"stdout"}
{"time":"2026-06-08T11:38:49.4937818+08:00","level":"INFO","msg":"pipe not available, retrying","component":"api","simulation_id":7,"pipe":"events","path":"\\\\.\\pipe\\afsim_events","error":"CreateFile pipe: All pipe instances are busy.","retry_in":2000000000}
{"time":"2026-06-08T11:38:51.4955543+08:00","level":"INFO","msg":"pipe not available, retrying","component":"api","simulation_id":7,"pipe":"events","path":"\\\\.\\pipe\\afsim_events","error":"CreateFile pipe: All pipe instances are busy.","retry_in":2000000000}
{"time":"2026-06-08T11:38:53.4971494+08:00","level":"INFO","msg":"pipe not available, retrying","component":"api","simulation_id":7,"pipe":"events","path":"\\\\.\\pipe\\afsim_events","error":"CreateFile pipe: All pipe instances are busy.","retry_in":2000000000}
{"time":"2026-06-08T11:38:55.4983401+08:00","level":"INFO","msg":"pipe not available, retrying","component":"api","simulation_id":7,"pipe":"events","path":"\\\\.\\pipe\\afsim_events","error":"CreateFile pipe: All pipe instances are busy.","retry_in":2000000000}
{"time":"2026-06-08T11:38:57.4990882+08:00","level":"INFO","msg":"pipe not available, retrying","component":"api","simulation_id":7,"pipe":"events","path":"\\\\.\\pipe\\afsim_events","error":"CreateFile pipe: All pipe instances are busy.","retry_in":2000000000}
{"time":"2026-06-08T11:38:57.5539731+08:00","level":"INFO","msg":"T = 40.000\r","component":"api","simulation_id":7,"stream":"stdout"}
{"time":"2026-06-08T11:38:59.5004009+08:00","level":"INFO","msg":"pipe not available, retrying","component":"api","simulation_id":7,"pipe":"events","path":"\\\\.\\pipe\\afsim_events","error":"CreateFile pipe: All pipe instances are busy.","retry_in":2000000000}
{"time":"2026-06-08T11:39:01.5015382+08:00","level":"INFO","msg":"pipe not available, retrying","component":"api","simulation_id":7,"pipe":"events","path":"\\\\.\\pipe\\afsim_events","error":"CreateFile pipe: All pipe instances are busy.","retry_in":2000000000}
{"time":"2026-06-08T11:39:03.503008+08:00","level":"INFO","msg":"pipe not available, retrying","component":"api","simulation_id":7,"pipe":"events","path":"\\\\.\\pipe\\afsim_events","error":"CreateFile pipe: All pipe instances are busy.","retry_in":2000000000}
{"time":"2026-06-08T11:39:05.5049716+08:00","level":"INFO","msg":"pipe not available, retrying","component":"api","simulation_id":7,"pipe":"events","path":"\\\\.\\pipe\\afsim_events","error":"CreateFile pipe: All pipe instances are busy.","retry_in":2000000000}
{"time":"2026-06-08T11:39:07.5068596+08:00","level":"INFO","msg":"pipe not available, retrying","component":"api","simulation_id":7,"pipe":"events","path":"\\\\.\\pipe\\afsim_events","error":"CreateFile pipe: All pipe instances are busy.","retry_in":2000000000}
{"time":"2026-06-08T11:39:07.5567184+08:00","level":"INFO","msg":"T = 50.000\r","component":"api","simulation_id":7,"stream":"stdout"}
{"time":"2026-06-08T11:39:09.5077614+08:00","level":"INFO","msg":"pipe not available, retrying","component":"api","simulation_id":7,"pipe":"events","path":"\\\\.\\pipe\\afsim_events","error":"CreateFile pipe: All pipe instances are busy.","retry_in":2000000000}
{"time":"2026-06-08T11:39:11.5095582+08:00","level":"INFO","msg":"pipe not available, retrying","component":"api","simulation_id":7,"pipe":"events","path":"\\\\.\\pipe\\afsim_events","error":"CreateFile pipe: All pipe instances are busy.","retry_in":2000000000}
{"time":"2026-06-08T11:39:13.5110467+08:00","level":"INFO","msg":"pipe not available, retrying","component":"api","simulation_id":7,"pipe":"events","path":"\\\\.\\pipe\\afsim_events","error":"CreateFile pipe: All pipe instances are busy.","retry_in":2000000000}
2026/06/08 11:39:13 [DESKTOP-2269V6M/0I7zd4hyWa-000176] "GET http://localhost:8080/api/v1/timeseries/replays HTTP/1.1" from [::1]:53180 - 404 19B in 0s
2026/06/08 11:39:13 [DESKTOP-2269V6M/0I7zd4hyWa-000177] "GET http://localhost:8080/api/v1/timeseries/replays HTTP/1.1" from [::1]:53180 - 404 19B in 0s
{"time":"2026-06-08T11:39:15.5133232+08:00","level":"INFO","msg":"pipe not available, retrying","component":"api","simulation_id":7,"pipe":"events","path":"\\\\.\\pipe\\afsim_events","error":"CreateFile pipe: All pipe instances are busy.","retry_in":2000000000}
2026/06/08 11:39:16 [DESKTOP-2269V6M/0I7zd4hyWa-000178] "OPTIONS http://localhost:8080/api/v1/timeseries/stats/7 HTTP/1.1" from [::1]:53180 - 204 0B in 0s
2026/06/08 11:39:16 [DESKTOP-2269V6M/0I7zd4hyWa-000179] "OPTIONS http://localhost:8080/api/v1/timeseries/stats/7 HTTP/1.1" from [::1]:53184 - 204 0B in 0s
2026/06/08 11:39:16 [DESKTOP-2269V6M/0I7zd4hyWa-000180] "GET http://localhost:8080/api/v1/timeseries/stats/7 HTTP/1.1" from [::1]:53180 - 404 19B in 0s
2026/06/08 11:39:16 [DESKTOP-2269V6M/0I7zd4hyWa-000181] "GET http://localhost:8080/api/v1/timeseries/stats/7 HTTP/1.1" from [::1]:53180 - 404 19B in 0s
{"time":"2026-06-08T11:39:17.5140436+08:00","level":"INFO","msg":"pipe not available, retrying","component":"api","simulation_id":7,"pipe":"events","path":"\\\\.\\pipe\\afsim_events","error":"CreateFile pipe: All pipe instances are busy.","retry_in":2000000000}
{"time":"2026-06-08T11:39:17.5621911+08:00","level":"INFO","msg":"T = 60.000\r","component":"api","simulation_id":7,"stream":"stdout"}
{"time":"2026-06-08T11:39:19.5157077+08:00","level":"INFO","msg":"pipe not available, retrying","component":"api","simulation_id":7,"pipe":"events","path":"\\\\.\\pipe\\afsim_events","error":"CreateFile pipe: All pipe instances are busy.","retry_in":2000000000}
{"time":"2026-06-08T11:39:21.5170202+08:00","level":"INFO","msg":"pipe not available, retrying","component":"api","simulation_id":7,"pipe":"events","path":"\\\\.\\pipe\\afsim_events","error":"CreateFile pipe: All pipe instances are busy.","retry_in":2000000000}
{"time":"2026-06-08T11:39:21.7472079+08:00","level":"INFO","msg":"terminating mission.exe","component":"api","simulation_id":7}
{"time":"2026-06-08T11:39:21.7560088+08:00","level":"ERROR","msg":"failed to read from event pipe","component":"api","simulation_id":6,"error":"reading length prefix: The pipe has been ended."}
{"time":"2026-06-08T11:39:21.7560088+08:00","level":"ERROR","msg":"connector error","component":"api","simulation_id":6,"error":"event pipe read error: reading length prefix: The pipe has been ended."}
{"time":"2026-06-08T11:39:21.767426+08:00","level":"INFO","msg":"mission.exe exited","component":"api","simulation_id":7,"error":"exit status 1"}
{"time":"2026-06-08T11:39:21.7679427+08:00","level":"ERROR","msg":"connector error","component":"api","simulation_id":7,"error":"failed to connect to event pipe: pipe dial cancelled: context canceled"}
2026/06/08 11:39:21 [DESKTOP-2269V6M/0I7zd4hyWa-000182] "POST http://localhost:8080/api/simulations/7/terminate HTTP/1.1" from [::1]:53189 - 200 23B in 20.7348ms
2026/06/08 11:39:28 [DESKTOP-2269V6M/0I7zd4hyWa-000183] "POST http://localhost:8080/api/simulations/7/terminate HTTP/1.1" from [::1]:53195 - 200 23B in 0s
2026/06/08 11:39:31 [DESKTOP-2269V6M/0I7zd4hyWa-000184] "GET http://localhost:8080/api/scenarios HTTP/1.1" from [::1]:53200 - 200 129B in 0s
2026/06/08 11:39:32 [DESKTOP-2269V6M/0I7zd4hyWa-000185] "GET http://localhost:8080/api/scenarios HTTP/1.1" from [::1]:53202 - 200 129B in 0s
2026/06/08 11:39:33 [DESKTOP-2269V6M/0I7zd4hyWa-000186] "POST http://localhost:8080/api/simulations/7/terminate HTTP/1.1" from [::1]:53207 - 200 23B in 0s
2026/06/08 11:39:36 [DESKTOP-2269V6M/0I7zd4hyWa-000187] "GET http://localhost:8080/api/scenarios HTTP/1.1" from [::1]:53218 - 200 129B in 0s
2026/06/08 11:39:36 [DESKTOP-2269V6M/0I7zd4hyWa-000188] "GET http://localhost:8080/api/scenarios HTTP/1.1" from [::1]:53220 - 200 129B in 0s
2026/06/08 11:39:50 [DESKTOP-2269V6M/0I7zd4hyWa-000189] "POST http://localhost:8080/api/simulations/7/terminate HTTP/1.1" from [::1]:53250 - 200 23B in 0s
2026/06/08 11:39:50 [DESKTOP-2269V6M/0I7zd4hyWa-000190] "POST http://localhost:8080/api/simulations/7/terminate HTTP/1.1" from [::1]:53252 - 200 23B in 0s
2026/06/08 11:40:59 [DESKTOP-2269V6M/0I7zd4hyWa-000191] "GET http://localhost:8080/api/scenarios HTTP/1.1" from [::1]:53417 - 200 129B in 0s
2026/06/08 11:40:59 [DESKTOP-2269V6M/0I7zd4hyWa-000192] "GET http://localhost:8080/api/scenarios HTTP/1.1" from [::1]:53418 - 200 129B in 0s
{"time":"2026-06-08T11:41:44.4278609+08:00","level":"INFO","msg":"starting mission.exe","component":"api","simulation_id":8,"path":"e:\\AFsim\\afsimweb-master\\AFSim\\afsim-2.9.0-win64\\bin\\mission.exe","scenario":"scenarios\\test1v1.zip","mode":"realtime","args":["-rt","test1v1.zip"]}
2026/06/08 11:41:44 [DESKTOP-2269V6M/0I7zd4hyWa-000193] "POST http://localhost:8080/api/simulations HTTP/1.1" from [::1]:53463 - 201 141B in 2.5901ms
{"time":"2026-06-08T11:41:44.4299343+08:00","level":"INFO","msg":"pipe not available, retrying","component":"api","simulation_id":8,"pipe":"events","path":"\\\\.\\pipe\\afsim_events","error":"CreateFile pipe: The system cannot find the file specified.","retry_in":2000000000}
{"time":"2026-06-08T11:41:44.4325628+08:00","level":"INFO","msg":"WebSocket connection request","component":"api","simulation_id":"8"}
2026/06/08 11:41:44 [DESKTOP-2269V6M/0I7zd4hyWa-000194] "GET http://localhost:8080/api/simulations/8/ws HTTP/1.1" from [::1]:53464 - 000 0B in 521.9µs
{"time":"2026-06-08T11:41:44.6122167+08:00","level":"INFO","msg":"mission:\r","component":"api","simulation_id":8,"stream":"stdout"}
{"time":"2026-06-08T11:41:45.5194943+08:00","level":"INFO","msg":"    WSF Version: 2.9.0 02-25-2022\r","component":"api","simulation_id":8,"stream":"stdout"}
{"time":"2026-06-08T11:41:45.8096438+08:00","level":"INFO","msg":"    Built: Feb 25 2022 08:12:40\r","component":"api","simulation_id":8,"stream":"stdout"}
{"time":"2026-06-08T11:41:46.0985638+08:00","level":"INFO","msg":"Plugin API version info:\r","component":"api","simulation_id":8,"stream":"stdout"}
{"time":"2026-06-08T11:41:46.3876308+08:00","level":"INFO","msg":"    Version: 2.9\r","component":"api","simulation_id":8,"stream":"stdout"}
{"time":"2026-06-08T11:41:46.4319469+08:00","level":"INFO","msg":"pipe not available, retrying","component":"api","simulation_id":8,"pipe":"events","path":"\\\\.\\pipe\\afsim_events","error":"CreateFile pipe: The system cannot find the file specified.","retry_in":2000000000}
{"time":"2026-06-08T11:41:46.776503+08:00","level":"INFO","msg":"    Compiler: win_1916_64bit_release-hwe\r","component":"api","simulation_id":8,"stream":"stdout"}
{"time":"2026-06-08T11:41:46.9213587+08:00","level":"INFO","msg":"Plugins Loaded:\r","component":"api","simulation_id":8,"stream":"stdout"}
{"time":"2026-06-08T11:41:46.9218693+08:00","level":"INFO","msg":"    wsf_alternate_locations.dll, wsf_coverage.dll, wsf_iads_c2.dll, wsf_prompt.dll, wsf_scenario_analyzer.dll, wsf_scenario_analyzer_iads_c2.dll, wsf_air_combat.dll, wsf_annotation.dll, wsf_argo8.dll, wsf_brawler.dll, wsf_event_gateway.dll, wsf_fires.dll, wsf_multiresolution.dll, wsf_oms_uci.dll, wsf_p6dof.dll, wsf_six_dof.dll, wsf_sosm.dll\r","component":"api","simulation_id":8,"stream":"stdout"}
{"time":"2026-06-08T11:41:46.9223857+08:00","level":"INFO","msg":"Extensions Included: \r","component":"api","simulation_id":8,"stream":"stdout"}
{"time":"2026-06-08T11:41:46.9223857+08:00","level":"INFO","msg":"    sensor_plot_lib, wsf_cyber, wsf_grammar_check, wsf_l16, wsf_mil, wsf_mil_parser, wsf_mtt, wsf_nx, wsf_parser, wsf_ripr, wsf_space, wsf_weapon_server, wsf_simdis\r","component":"api","simulation_id":8,"stream":"stdout"}
{"time":"2026-06-08T11:41:46.9229062+08:00","level":"INFO","msg":"\r","component":"api","simulation_id":8,"stream":"stdout"}
{"time":"2026-06-08T11:41:46.9234247+08:00","level":"INFO","msg":"Loading simulation input.\r","component":"api","simulation_id":8,"stream":"stdout"}
{"time":"2026-06-08T11:41:46.9234247+08:00","level":"INFO","msg":"\r","component":"api","simulation_id":8,"stream":"stdout"}
{"time":"2026-06-08T11:41:46.9234247+08:00","level":"INFO","msg":"Loading simulation input complete.\r","component":"api","simulation_id":8,"stream":"stdout"}
{"time":"2026-06-08T11:41:46.9239515+08:00","level":"INFO","msg":"    Elapsed Wall Clock Time: 0.0569066\r","component":"api","simulation_id":8,"stream":"stdout"}
{"time":"2026-06-08T11:41:46.9239515+08:00","level":"INFO","msg":"    Elapsed Processor Time : 0.0625\r","component":"api","simulation_id":8,"stream":"stdout"}
{"time":"2026-06-08T11:41:46.9244683+08:00","level":"INFO","msg":"***** FATAL: Could not process input files.\r","component":"api","simulation_id":8,"stream":"stdout"}
{"time":"2026-06-08T11:41:46.9244683+08:00","level":"INFO","msg":"    ***** ERROR: Unknown command: PK\u0003\u0004\u0014\r","component":"api","simulation_id":8,"stream":"stdout"}
{"time":"2026-06-08T11:41:46.924985+08:00","level":"INFO","msg":"             'test1v1.zip', line 1, near column 6\r","component":"api","simulation_id":8,"stream":"stdout"}
{"time":"2026-06-08T11:41:46.924985+08:00","level":"INFO","msg":"\r","component":"api","simulation_id":8,"stream":"stdout"}
{"time":"2026-06-08T11:41:46.924985+08:00","level":"INFO","msg":"Reading of simulation input failed\r","component":"api","simulation_id":8,"stream":"stdout"}
{"time":"2026-06-08T11:41:46.9254977+08:00","level":"ERROR","msg":"mission.exe exited with error","component":"api","simulation_id":8,"error":"exit status 1"}
{"time":"2026-06-08T11:41:48.9222631+08:00","level":"INFO","msg":"pipe not available, retrying","component":"api","simulation_id":8,"pipe":"events","path":"\\\\.\\pipe\\afsim_events","error":"CreateFile pipe: The system cannot find the file specified.","retry_in":2000000000}
{"time":"2026-06-08T11:41:50.9233748+08:00","level":"INFO","msg":"pipe not available, retrying","component":"api","simulation_id":8,"pipe":"events","path":"\\\\.\\pipe\\afsim_events","error":"CreateFile pipe: The system cannot find the file specified.","retry_in":2000000000}
{"time":"2026-06-08T11:41:52.9242857+08:00","level":"INFO","msg":"pipe not available, retrying","component":"api","simulation_id":8,"pipe":"events","path":"\\\\.\\pipe\\afsim_events","error":"CreateFile pipe: The system cannot find the file specified.","retry_in":2000000000}
{"time":"2026-06-08T11:41:54.9260691+08:00","level":"INFO","msg":"pipe not available, retrying","component":"api","simulation_id":8,"pipe":"events","path":"\\\\.\\pipe\\afsim_events","error":"CreateFile pipe: The system cannot find the file specified.","retry_in":2000000000}
{"time":"2026-06-08T11:41:56.9273362+08:00","level":"INFO","msg":"pipe not available, retrying","component":"api","simulation_id":8,"pipe":"events","path":"\\\\.\\pipe\\afsim_events","error":"CreateFile pipe: The system cannot find the file specified.","retry_in":2000000000}
2026/06/08 11:41:58 [DESKTOP-2269V6M/0I7zd4hyWa-000195] "POST http://localhost:8080/api/simulations/8/terminate HTTP/1.1" from [::1]:53493 - 200 23B in 0s
{"time":"2026-06-08T11:41:58.4897016+08:00","level":"ERROR","msg":"connector error","component":"api","simulation_id":8,"error":"failed to connect to event pipe: pipe dial cancelled: context canceled"}
2026/06/08 11:41:59 [DESKTOP-2269V6M/0I7zd4hyWa-000196] "POST http://localhost:8080/api/simulations/8/terminate HTTP/1.1" from [::1]:53499 - 200 23B in 0s
2026/06/08 11:46:47 [DESKTOP-2269V6M/0I7zd4hyWa-000197] "GET http://localhost:8080/api/scenarios HTTP/1.1" from [::1]:53892 - 200 129B in 0s
2026/06/08 11:46:47 [DESKTOP-2269V6M/0I7zd4hyWa-000198] "GET http://localhost:8080/api/scenarios HTTP/1.1" from [::1]:53893 - 200 129B in 0s
{"time":"2026-06-08T11:46:53.4284845+08:00","level":"INFO","msg":"starting mission.exe","component":"api","simulation_id":9,"path":"e:\\AFsim\\afsimweb-master\\AFSim\\afsim-2.9.0-win64\\bin\\mission.exe","scenario":"scenarios\\test1v1.zip","mode":"realtime","args":["-rt","test1v1.zip"]}
2026/06/08 11:46:53 [DESKTOP-2269V6M/0I7zd4hyWa-000199] "POST http://localhost:8080/api/simulations HTTP/1.1" from [::1]:53927 - 201 141B in 2.8539ms
{"time":"2026-06-08T11:46:53.4313384+08:00","level":"INFO","msg":"pipe not available, retrying","component":"api","simulation_id":9,"pipe":"events","path":"\\\\.\\pipe\\afsim_events","error":"CreateFile pipe: The system cannot find the file specified.","retry_in":2000000000}
{"time":"2026-06-08T11:46:53.4339366+08:00","level":"INFO","msg":"WebSocket connection request","component":"api","simulation_id":"9"}
2026/06/08 11:46:53 [DESKTOP-2269V6M/0I7zd4hyWa-000200] "GET http://localhost:8080/api/simulations/9/ws HTTP/1.1" from [::1]:53928 - 000 0B in 518.6µs
{"time":"2026-06-08T11:46:53.6122943+08:00","level":"INFO","msg":"mission:\r","component":"api","simulation_id":9,"stream":"stdout"}
{"time":"2026-06-08T11:46:53.6159167+08:00","level":"INFO","msg":"    WSF Version: 2.9.0 02-25-2022\r","component":"api","simulation_id":9,"stream":"stdout"}
{"time":"2026-06-08T11:46:53.6161036+08:00","level":"INFO","msg":"    Built: Feb 25 2022 08:12:40\r","component":"api","simulation_id":9,"stream":"stdout"}
{"time":"2026-06-08T11:46:53.6166538+08:00","level":"INFO","msg":"Plugin API version info:\r","component":"api","simulation_id":9,"stream":"stdout"}
{"time":"2026-06-08T11:46:53.617176+08:00","level":"INFO","msg":"    Version: 2.9\r","component":"api","simulation_id":9,"stream":"stdout"}
{"time":"2026-06-08T11:46:53.6176933+08:00","level":"INFO","msg":"    Compiler: win_1916_64bit_release-hwe\r","component":"api","simulation_id":9,"stream":"stdout"}
{"time":"2026-06-08T11:46:53.6181976+08:00","level":"INFO","msg":"Plugins Loaded:\r","component":"api","simulation_id":9,"stream":"stdout"}
{"time":"2026-06-08T11:46:53.6182143+08:00","level":"INFO","msg":"    wsf_alternate_locations.dll, wsf_coverage.dll, wsf_iads_c2.dll, wsf_prompt.dll, wsf_scenario_analyzer.dll, wsf_scenario_analyzer_iads_c2.dll, wsf_air_combat.dll, wsf_annotation.dll, wsf_argo8.dll, wsf_brawler.dll, wsf_event_gateway.dll, wsf_fires.dll, wsf_multiresolution.dll, wsf_oms_uci.dll, wsf_p6dof.dll, wsf_six_dof.dll, wsf_sosm.dll\r","component":"api","simulation_id":9,"stream":"stdout"}
{"time":"2026-06-08T11:46:53.6187395+08:00","level":"INFO","msg":"Extensions Included: \r","component":"api","simulation_id":9,"stream":"stdout"}
{"time":"2026-06-08T11:46:53.6192559+08:00","level":"INFO","msg":"    sensor_plot_lib, wsf_cyber, wsf_grammar_check, wsf_l16, wsf_mil, wsf_mil_parser, wsf_mtt, wsf_nx, wsf_parser, wsf_ripr, wsf_space, wsf_weapon_server, wsf_simdis\r","component":"api","simulation_id":9,"stream":"stdout"}
{"time":"2026-06-08T11:46:53.6197683+08:00","level":"INFO","msg":"\r","component":"api","simulation_id":9,"stream":"stdout"}
{"time":"2026-06-08T11:46:53.6202863+08:00","level":"INFO","msg":"Loading simulation input.\r","component":"api","simulation_id":9,"stream":"stdout"}
{"time":"2026-06-08T11:46:53.6208082+08:00","level":"INFO","msg":"\r","component":"api","simulation_id":9,"stream":"stdout"}
{"time":"2026-06-08T11:46:53.6208082+08:00","level":"INFO","msg":"Loading simulation input complete.\r","component":"api","simulation_id":9,"stream":"stdout"}
{"time":"2026-06-08T11:46:53.6213239+08:00","level":"INFO","msg":"    Elapsed Wall Clock Time: 0.0550188\r","component":"api","simulation_id":9,"stream":"stdout"}
{"time":"2026-06-08T11:46:53.6218385+08:00","level":"INFO","msg":"    Elapsed Processor Time : 0.0625\r","component":"api","simulation_id":9,"stream":"stdout"}
{"time":"2026-06-08T11:46:53.6223539+08:00","level":"INFO","msg":"***** FATAL: Could not process input files.\r","component":"api","simulation_id":9,"stream":"stdout"}
{"time":"2026-06-08T11:46:53.6228686+08:00","level":"INFO","msg":"    ***** ERROR: Unknown command: PK\u0003\u0004\u0014\r","component":"api","simulation_id":9,"stream":"stdout"}
{"time":"2026-06-08T11:46:53.6233832+08:00","level":"INFO","msg":"             'test1v1.zip', line 1, near column 6\r","component":"api","simulation_id":9,"stream":"stdout"}
{"time":"2026-06-08T11:46:53.6238979+08:00","level":"INFO","msg":"\r","component":"api","simulation_id":9,"stream":"stdout"}
{"time":"2026-06-08T11:46:53.6244127+08:00","level":"INFO","msg":"Reading of simulation input failed\r","component":"api","simulation_id":9,"stream":"stdout"}
{"time":"2026-06-08T11:46:53.6267619+08:00","level":"ERROR","msg":"mission.exe exited with error","component":"api","simulation_id":9,"error":"exit status 1"}
{"time":"2026-06-08T11:46:55.4319956+08:00","level":"INFO","msg":"pipe not available, retrying","component":"api","simulation_id":9,"pipe":"events","path":"\\\\.\\pipe\\afsim_events","error":"CreateFile pipe: The system cannot find the file specified.","retry_in":2000000000}
{"time":"2026-06-08T11:46:57.4395827+08:00","level":"INFO","msg":"pipe not available, retrying","component":"api","simulation_id":9,"pipe":"events","path":"\\\\.\\pipe\\afsim_events","error":"CreateFile pipe: The system cannot find the file specified.","retry_in":2000000000}
{"time":"2026-06-08T11:46:59.4416286+08:00","level":"INFO","msg":"pipe not available, retrying","component":"api","simulation_id":9,"pipe":"events","path":"\\\\.\\pipe\\afsim_events","error":"CreateFile pipe: The system cannot find the file specified.","retry_in":2000000000}
2026/06/08 11:47:01 [DESKTOP-2269V6M/0I7zd4hyWa-000201] "POST http://localhost:8080/api/simulations/9/terminate HTTP/1.1" from [::1]:53956 - 200 23B in 0s
{"time":"2026-06-08T11:47:01.2581311+08:00","level":"ERROR","msg":"connector error","component":"api","simulation_id":9,"error":"failed to connect to event pipe: pipe dial cancelled: context canceled"}
{"time":"2026-06-08T11:47:01.2706769+08:00","level":"ERROR","msg":"websocket read error","component":"api","component":"ws-client","error":"websocket: close 1005 (no status)"}
2026/06/08 11:47:31 [DESKTOP-2269V6M/0I7zd4hyWa-000202] "GET http://localhost:8080/api/scenarios HTTP/1.1" from [::1]:54050 - 200 129B in 0s
2026/06/08 11:47:31 [DESKTOP-2269V6M/0I7zd4hyWa-000203] "GET http://localhost:8080/api/scenarios HTTP/1.1" from [::1]:54051 - 200 129B in 523.7µs
{"time":"2026-06-08T11:47:37.1988631+08:00","level":"INFO","msg":"starting mission.exe","component":"api","simulation_id":10,"path":"e:\\AFsim\\afsimweb-master\\AFSim\\afsim-2.9.0-win64\\bin\\mission.exe","scenario":"scenarios\\test1v1.zip","mode":"realtime","args":["-rt","test1v1.zip"]}
2026/06/08 11:47:37 [DESKTOP-2269V6M/0I7zd4hyWa-000204] "POST http://localhost:8080/api/simulations HTTP/1.1" from [::1]:54078 - 201 142B in 3.0981ms
{"time":"2026-06-08T11:47:37.2019612+08:00","level":"INFO","msg":"pipe not available, retrying","component":"api","simulation_id":10,"pipe":"events","path":"\\\\.\\pipe\\afsim_events","error":"CreateFile pipe: The system cannot find the file specified.","retry_in":2000000000}
{"time":"2026-06-08T11:47:37.206531+08:00","level":"INFO","msg":"WebSocket connection request","component":"api","simulation_id":"10"}
2026/06/08 11:47:37 [DESKTOP-2269V6M/0I7zd4hyWa-000205] "GET http://localhost:8080/api/simulations/10/ws HTTP/1.1" from [::1]:54079 - 000 0B in 760.8µs
{"time":"2026-06-08T11:47:37.3852705+08:00","level":"INFO","msg":"mission:\r","component":"api","simulation_id":10,"stream":"stdout"}
{"time":"2026-06-08T11:47:37.3915086+08:00","level":"INFO","msg":"    WSF Version: 2.9.0 02-25-2022\r","component":"api","simulation_id":10,"stream":"stdout"}
{"time":"2026-06-08T11:47:37.3915086+08:00","level":"INFO","msg":"    Built: Feb 25 2022 08:12:40\r","component":"api","simulation_id":10,"stream":"stdout"}
{"time":"2026-06-08T11:47:37.3920271+08:00","level":"INFO","msg":"Plugin API version info:\r","component":"api","simulation_id":10,"stream":"stdout"}
{"time":"2026-06-08T11:47:37.392544+08:00","level":"INFO","msg":"    Version: 2.9\r","component":"api","simulation_id":10,"stream":"stdout"}
{"time":"2026-06-08T11:47:37.3930653+08:00","level":"INFO","msg":"    Compiler: win_1916_64bit_release-hwe\r","component":"api","simulation_id":10,"stream":"stdout"}
{"time":"2026-06-08T11:47:37.3935836+08:00","level":"INFO","msg":"Plugins Loaded:\r","component":"api","simulation_id":10,"stream":"stdout"}
{"time":"2026-06-08T11:47:37.394104+08:00","level":"INFO","msg":"    wsf_alternate_locations.dll, wsf_coverage.dll, wsf_iads_c2.dll, wsf_prompt.dll, wsf_scenario_analyzer.dll, wsf_scenario_analyzer_iads_c2.dll, wsf_air_combat.dll, wsf_annotation.dll, wsf_argo8.dll, wsf_brawler.dll, wsf_event_gateway.dll, wsf_fires.dll, wsf_multiresolution.dll, wsf_oms_uci.dll, wsf_p6dof.dll, wsf_six_dof.dll, wsf_sosm.dll\r","component":"api","simulation_id":10,"stream":"stdout"}
{"time":"2026-06-08T11:47:37.394621+08:00","level":"INFO","msg":"Extensions Included: \r","component":"api","simulation_id":10,"stream":"stdout"}
{"time":"2026-06-08T11:47:37.3951353+08:00","level":"INFO","msg":"    sensor_plot_lib, wsf_cyber, wsf_grammar_check, wsf_l16, wsf_mil, wsf_mil_parser, wsf_mtt, wsf_nx, wsf_parser, wsf_ripr, wsf_space, wsf_weapon_server, wsf_simdis\r","component":"api","simulation_id":10,"stream":"stdout"}
{"time":"2026-06-08T11:47:37.3956493+08:00","level":"INFO","msg":"\r","component":"api","simulation_id":10,"stream":"stdout"}
{"time":"2026-06-08T11:47:37.3961683+08:00","level":"INFO","msg":"Loading simulation input.\r","component":"api","simulation_id":10,"stream":"stdout"}
{"time":"2026-06-08T11:47:37.3967693+08:00","level":"INFO","msg":"\r","component":"api","simulation_id":10,"stream":"stdout"}
{"time":"2026-06-08T11:47:37.3972919+08:00","level":"INFO","msg":"Loading simulation input complete.\r","component":"api","simulation_id":10,"stream":"stdout"}
{"time":"2026-06-08T11:47:37.3978082+08:00","level":"INFO","msg":"    Elapsed Wall Clock Time: 0.054408\r","component":"api","simulation_id":10,"stream":"stdout"}
{"time":"2026-06-08T11:47:37.3983238+08:00","level":"INFO","msg":"    Elapsed Processor Time : 0.046875\r","component":"api","simulation_id":10,"stream":"stdout"}
{"time":"2026-06-08T11:47:37.3988985+08:00","level":"INFO","msg":"***** FATAL: Could not process input files.\r","component":"api","simulation_id":10,"stream":"stdout"}
{"time":"2026-06-08T11:47:37.3994167+08:00","level":"INFO","msg":"    ***** ERROR: Unknown command: PK\u0003\u0004\u0014\r","component":"api","simulation_id":10,"stream":"stdout"}
{"time":"2026-06-08T11:47:37.3999328+08:00","level":"INFO","msg":"             'test1v1.zip', line 1, near column 6\r","component":"api","simulation_id":10,"stream":"stdout"}
{"time":"2026-06-08T11:47:37.4004477+08:00","level":"INFO","msg":"\r","component":"api","simulation_id":10,"stream":"stdout"}
{"time":"2026-06-08T11:47:37.4009628+08:00","level":"INFO","msg":"Reading of simulation input failed\r","component":"api","simulation_id":10,"stream":"stdout"}
{"time":"2026-06-08T11:47:37.4014775+08:00","level":"ERROR","msg":"mission.exe exited with error","component":"api","simulation_id":10,"error":"exit status 1"}
{"time":"2026-06-08T11:47:39.2032136+08:00","level":"INFO","msg":"pipe not available, retrying","component":"api","simulation_id":10,"pipe":"events","path":"\\\\.\\pipe\\afsim_events","error":"CreateFile pipe: The system cannot find the file specified.","retry_in":2000000000}
{"time":"2026-06-08T11:47:41.2048802+08:00","level":"INFO","msg":"pipe not available, retrying","component":"api","simulation_id":10,"pipe":"events","path":"\\\\.\\pipe\\afsim_events","error":"CreateFile pipe: The system cannot find the file specified.","retry_in":2000000000}
{"time":"2026-06-08T11:47:43.2066019+08:00","level":"INFO","msg":"pipe not available, retrying","component":"api","simulation_id":10,"pipe":"events","path":"\\\\.\\pipe\\afsim_events","error":"CreateFile pipe: The system cannot find the file specified.","retry_in":2000000000}
2026/06/08 11:47:45 [DESKTOP-2269V6M/0I7zd4hyWa-000206] "POST http://localhost:8080/api/simulations/10/terminate HTTP/1.1" from [::1]:54084 - 200 23B in 0s
{"time":"2026-06-08T11:47:45.0532966+08:00","level":"ERROR","msg":"connector error","component":"api","simulation_id":10,"error":"failed to connect to event pipe: pipe dial cancelled: context canceled"}
{"time":"2026-06-08T11:47:45.0650022+08:00","level":"ERROR","msg":"websocket read error","component":"api","component":"ws-client","error":"websocket: close 1005 (no status)"}
2026/06/08 11:48:22 [DESKTOP-2269V6M/0I7zd4hyWa-000207] "POST http://localhost:8080/api/simulations/9/terminate HTTP/1.1" from [::1]:54159 - 200 23B in 0s
2026/06/08 11:48:22 [DESKTOP-2269V6M/0I7zd4hyWa-000208] "POST http://localhost:8080/api/simulations/10/terminate HTTP/1.1" from [::1]:54160 - 200 23B in 0s
2026/06/08 11:49:18 [DESKTOP-2269V6M/0I7zd4hyWa-000209] "GET http://localhost:8080/api/scenarios HTTP/1.1" from [::1]:54241 - 200 129B in 0s
2026/06/08 11:49:18 [DESKTOP-2269V6M/0I7zd4hyWa-000210] "GET http://localhost:8080/api/scenarios HTTP/1.1" from [::1]:54242 - 200 129B in 0s
{"time":"2026-06-08T11:49:28.4680063+08:00","level":"INFO","msg":"starting mission.exe","component":"api","simulation_id":11,"path":"e:\\AFsim\\afsimweb-master\\AFSim\\afsim-2.9.0-win64\\bin\\mission.exe","scenario":"scenarios\\test_gateway.scenario","mode":"realtime","args":["-rt","test_gateway.scenario"]}
2026/06/08 11:49:28 [DESKTOP-2269V6M/0I7zd4hyWa-000211] "POST http://localhost:8080/api/simulations HTTP/1.1" from [::1]:54251 - 201 143B in 3.6962ms
{"time":"2026-06-08T11:49:28.4711301+08:00","level":"INFO","msg":"pipe not available, retrying","component":"api","simulation_id":11,"pipe":"events","path":"\\\\.\\pipe\\afsim_events","error":"CreateFile pipe: The system cannot find the file specified.","retry_in":2000000000}
{"time":"2026-06-08T11:49:28.4746924+08:00","level":"INFO","msg":"WebSocket connection request","component":"api","simulation_id":"11"}
2026/06/08 11:49:28 [DESKTOP-2269V6M/0I7zd4hyWa-000212] "GET http://localhost:8080/api/simulations/11/ws HTTP/1.1" from [::1]:54252 - 000 0B in 534.3µs
{"time":"2026-06-08T11:49:28.6026099+08:00","level":"INFO","msg":"mission:\r","component":"api","simulation_id":11,"stream":"stdout"}
{"time":"2026-06-08T11:49:28.6026099+08:00","level":"INFO","msg":"    WSF Version: 2.9.0 02-25-2022\r","component":"api","simulation_id":11,"stream":"stdout"}
{"time":"2026-06-08T11:49:28.6031272+08:00","level":"INFO","msg":"    Built: Feb 25 2022 08:12:40\r","component":"api","simulation_id":11,"stream":"stdout"}
{"time":"2026-06-08T11:49:28.6036412+08:00","level":"INFO","msg":"Plugin API version info:\r","component":"api","simulation_id":11,"stream":"stdout"}
{"time":"2026-06-08T11:49:28.6041565+08:00","level":"INFO","msg":"    Version: 2.9\r","component":"api","simulation_id":11,"stream":"stdout"}
{"time":"2026-06-08T11:49:28.6046713+08:00","level":"INFO","msg":"    Compiler: win_1916_64bit_release-hwe\r","component":"api","simulation_id":11,"stream":"stdout"}
{"time":"2026-06-08T11:49:28.6051863+08:00","level":"INFO","msg":"Plugins Loaded:\r","component":"api","simulation_id":11,"stream":"stdout"}
{"time":"2026-06-08T11:49:28.6051863+08:00","level":"INFO","msg":"    wsf_alternate_locations.dll, wsf_coverage.dll, wsf_iads_c2.dll, wsf_prompt.dll, wsf_scenario_analyzer.dll, wsf_scenario_analyzer_iads_c2.dll, wsf_air_combat.dll, wsf_annotation.dll, wsf_argo8.dll, wsf_brawler.dll, wsf_event_gateway.dll, wsf_fires.dll, wsf_multiresolution.dll, wsf_oms_uci.dll, wsf_p6dof.dll, wsf_six_dof.dll, wsf_sosm.dll\r","component":"api","simulation_id":11,"stream":"stdout"}
{"time":"2026-06-08T11:49:28.6056994+08:00","level":"INFO","msg":"Extensions Included: \r","component":"api","simulation_id":11,"stream":"stdout"}
{"time":"2026-06-08T11:49:28.6063131+08:00","level":"INFO","msg":"    sensor_plot_lib, wsf_cyber, wsf_grammar_check, wsf_l16, wsf_mil, wsf_mil_parser, wsf_mtt, wsf_nx, wsf_parser, wsf_ripr, wsf_space, wsf_weapon_server, wsf_simdis\r","component":"api","simulation_id":11,"stream":"stdout"}
{"time":"2026-06-08T11:49:28.6068371+08:00","level":"INFO","msg":"\r","component":"api","simulation_id":11,"stream":"stdout"}
{"time":"2026-06-08T11:49:28.6073613+08:00","level":"INFO","msg":"Loading simulation input.\r","component":"api","simulation_id":11,"stream":"stdout"}
{"time":"2026-06-08T11:49:28.6078794+08:00","level":"INFO","msg":"Loading simulation input complete.\r","component":"api","simulation_id":11,"stream":"stdout"}
{"time":"2026-06-08T11:49:28.6083957+08:00","level":"INFO","msg":"    Elapsed Wall Clock Time: 0.0027727\r","component":"api","simulation_id":11,"stream":"stdout"}
{"time":"2026-06-08T11:49:28.6089091+08:00","level":"INFO","msg":"    Elapsed Processor Time : 0\r","component":"api","simulation_id":11,"stream":"stdout"}
{"time":"2026-06-08T11:49:28.6094256+08:00","level":"INFO","msg":"Initializing simulation.\r","component":"api","simulation_id":11,"stream":"stdout"}
{"time":"2026-06-08T11:49:28.6094256+08:00","level":"INFO","msg":"***** ERROR: wsf_event_gateway: Created pipe \\\\.\\pipe\\afsim_events successfully\r","component":"api","simulation_id":11,"stream":"stdout"}
{"time":"2026-06-08T11:49:28.6099474+08:00","level":"INFO","msg":"Initializing simulation complete.\r","component":"api","simulation_id":11,"stream":"stdout"}
{"time":"2026-06-08T11:49:28.610465+08:00","level":"INFO","msg":"    Elapsed Wall Clock Time: 0.0059958\r","component":"api","simulation_id":11,"stream":"stdout"}
{"time":"2026-06-08T11:49:28.6109808+08:00","level":"INFO","msg":"    Elapsed Processor Time : 0\r","component":"api","simulation_id":11,"stream":"stdout"}
{"time":"2026-06-08T11:49:28.6114965+08:00","level":"INFO","msg":"Starting simulation.\r","component":"api","simulation_id":11,"stream":"stdout"}
{"time":"2026-06-08T11:49:28.6120121+08:00","level":"INFO","msg":"T = 0\r","component":"api","simulation_id":11,"stream":"stdout"}
{"time":"2026-06-08T11:49:30.4728599+08:00","level":"INFO","msg":"connected to named pipe","component":"api","simulation_id":11,"pipe":"events","path":"\\\\.\\pipe\\afsim_events","access":"read-only"}
{"time":"2026-06-08T11:49:30.4735095+08:00","level":"INFO","msg":"connected to named pipe","component":"api","simulation_id":11,"pipe":"control","path":"\\\\.\\pipe\\afsim_control","access":"write-only"}
{"time":"2026-06-08T11:49:30.4741516+08:00","level":"INFO","msg":"connected to both AFSIM pipes, starting event loop","component":"api","simulation_id":11}
{"time":"2026-06-08T11:49:31.9617343+08:00","level":"INFO","msg":"terminating mission.exe","component":"api","simulation_id":11}
{"time":"2026-06-08T11:49:31.976233+08:00","level":"ERROR","msg":"failed to read from event pipe","component":"api","simulation_id":11,"error":"reading length prefix: The pipe has been ended."}
{"time":"2026-06-08T11:49:31.976233+08:00","level":"ERROR","msg":"connector error","component":"api","simulation_id":11,"error":"event pipe read error: reading length prefix: The pipe has been ended."}
{"time":"2026-06-08T11:49:31.9807472+08:00","level":"INFO","msg":"mission.exe exited","component":"api","simulation_id":11,"error":"exit status 1"}
2026/06/08 11:49:31 [DESKTOP-2269V6M/0I7zd4hyWa-000213] "POST http://localhost:8080/api/simulations/11/terminate HTTP/1.1" from [::1]:54254 - 200 23B in 19.0987ms
{"time":"2026-06-08T11:49:31.9828613+08:00","level":"ERROR","msg":"websocket read error","component":"api","component":"ws-client","error":"websocket: close 1005 (no status)"}
{"time":"2026-06-08T11:49:44.4002926+08:00","level":"INFO","msg":"starting mission.exe","component":"api","simulation_id":12,"path":"e:\\AFsim\\afsimweb-master\\AFSim\\afsim-2.9.0-win64\\bin\\mission.exe","scenario":"scenarios\\test_gateway.scenario","mode":"realtime","args":["-rt","test_gateway.scenario"]}
2026/06/08 11:49:44 [DESKTOP-2269V6M/0I7zd4hyWa-000214] "POST http://localhost:8080/api/simulations HTTP/1.1" from [::1]:54269 - 201 143B in 3.1266ms
{"time":"2026-06-08T11:49:44.4034192+08:00","level":"INFO","msg":"pipe not available, retrying","component":"api","simulation_id":12,"pipe":"events","path":"\\\\.\\pipe\\afsim_events","error":"CreateFile pipe: The system cannot find the file specified.","retry_in":2000000000}
{"time":"2026-06-08T11:49:44.4055068+08:00","level":"INFO","msg":"WebSocket connection request","component":"api","simulation_id":"12"}
2026/06/08 11:49:44 [DESKTOP-2269V6M/0I7zd4hyWa-000215] "GET http://localhost:8080/api/simulations/12/ws HTTP/1.1" from [::1]:54270 - 000 0B in 523µs
{"time":"2026-06-08T11:49:44.5308509+08:00","level":"INFO","msg":"mission:\r","component":"api","simulation_id":12,"stream":"stdout"}
{"time":"2026-06-08T11:49:44.5313965+08:00","level":"INFO","msg":"    WSF Version: 2.9.0 02-25-2022\r","component":"api","simulation_id":12,"stream":"stdout"}
{"time":"2026-06-08T11:49:44.5319013+08:00","level":"INFO","msg":"    Built: Feb 25 2022 08:12:40\r","component":"api","simulation_id":12,"stream":"stdout"}
{"time":"2026-06-08T11:49:44.5319182+08:00","level":"INFO","msg":"Plugin API version info:\r","component":"api","simulation_id":12,"stream":"stdout"}
{"time":"2026-06-08T11:49:44.532433+08:00","level":"INFO","msg":"    Version: 2.9\r","component":"api","simulation_id":12,"stream":"stdout"}
{"time":"2026-06-08T11:49:44.5329522+08:00","level":"INFO","msg":"    Compiler: win_1916_64bit_release-hwe\r","component":"api","simulation_id":12,"stream":"stdout"}
{"time":"2026-06-08T11:49:44.5334671+08:00","level":"INFO","msg":"Plugins Loaded:\r","component":"api","simulation_id":12,"stream":"stdout"}
{"time":"2026-06-08T11:49:44.5339821+08:00","level":"INFO","msg":"    wsf_alternate_locations.dll, wsf_coverage.dll, wsf_iads_c2.dll, wsf_prompt.dll, wsf_scenario_analyzer.dll, wsf_scenario_analyzer_iads_c2.dll, wsf_air_combat.dll, wsf_annotation.dll, wsf_argo8.dll, wsf_brawler.dll, wsf_event_gateway.dll, wsf_fires.dll, wsf_multiresolution.dll, wsf_oms_uci.dll, wsf_p6dof.dll, wsf_six_dof.dll, wsf_sosm.dll\r","component":"api","simulation_id":12,"stream":"stdout"}
{"time":"2026-06-08T11:49:44.5339821+08:00","level":"INFO","msg":"Extensions Included: \r","component":"api","simulation_id":12,"stream":"stdout"}
{"time":"2026-06-08T11:49:44.5344985+08:00","level":"INFO","msg":"    sensor_plot_lib, wsf_cyber, wsf_grammar_check, wsf_l16, wsf_mil, wsf_mil_parser, wsf_mtt, wsf_nx, wsf_parser, wsf_ripr, wsf_space, wsf_weapon_server, wsf_simdis\r","component":"api","simulation_id":12,"stream":"stdout"}
{"time":"2026-06-08T11:49:44.5350383+08:00","level":"INFO","msg":"\r","component":"api","simulation_id":12,"stream":"stdout"}
{"time":"2026-06-08T11:49:44.5355587+08:00","level":"INFO","msg":"Loading simulation input.\r","component":"api","simulation_id":12,"stream":"stdout"}
{"time":"2026-06-08T11:49:44.5360763+08:00","level":"INFO","msg":"Loading simulation input complete.\r","component":"api","simulation_id":12,"stream":"stdout"}
{"time":"2026-06-08T11:49:44.5365907+08:00","level":"INFO","msg":"    Elapsed Wall Clock Time: 0.0026563\r","component":"api","simulation_id":12,"stream":"stdout"}
{"time":"2026-06-08T11:49:44.5370945+08:00","level":"INFO","msg":"    Elapsed Processor Time : 0\r","component":"api","simulation_id":12,"stream":"stdout"}
{"time":"2026-06-08T11:49:44.5372437+08:00","level":"INFO","msg":"Initializing simulation.\r","component":"api","simulation_id":12,"stream":"stdout"}
{"time":"2026-06-08T11:49:44.5377647+08:00","level":"INFO","msg":"***** ERROR: wsf_event_gateway: Created pipe \\\\.\\pipe\\afsim_events successfully\r","component":"api","simulation_id":12,"stream":"stdout"}
{"time":"2026-06-08T11:49:44.5382813+08:00","level":"INFO","msg":"Initializing simulation complete.\r","component":"api","simulation_id":12,"stream":"stdout"}
{"time":"2026-06-08T11:49:44.5387944+08:00","level":"INFO","msg":"    Elapsed Wall Clock Time: 0.0059392\r","component":"api","simulation_id":12,"stream":"stdout"}
{"time":"2026-06-08T11:49:44.53931+08:00","level":"INFO","msg":"    Elapsed Processor Time : 0.015625\r","component":"api","simulation_id":12,"stream":"stdout"}
{"time":"2026-06-08T11:49:44.53931+08:00","level":"INFO","msg":"Starting simulation.\r","component":"api","simulation_id":12,"stream":"stdout"}
{"time":"2026-06-08T11:49:44.5398289+08:00","level":"INFO","msg":"T = 0\r","component":"api","simulation_id":12,"stream":"stdout"}
{"time":"2026-06-08T11:49:46.4049239+08:00","level":"INFO","msg":"connected to named pipe","component":"api","simulation_id":12,"pipe":"events","path":"\\\\.\\pipe\\afsim_events","access":"read-only"}
{"time":"2026-06-08T11:49:46.4061577+08:00","level":"INFO","msg":"connected to named pipe","component":"api","simulation_id":12,"pipe":"control","path":"\\\\.\\pipe\\afsim_control","access":"write-only"}
{"time":"2026-06-08T11:49:46.4061577+08:00","level":"INFO","msg":"connected to both AFSIM pipes, starting event loop","component":"api","simulation_id":12}
{"time":"2026-06-08T11:49:54.5471306+08:00","level":"INFO","msg":"T = 10.000\r","component":"api","simulation_id":12,"stream":"stdout"}
{"time":"2026-06-08T11:50:04.5368729+08:00","level":"INFO","msg":"T = 20.000\r","component":"api","simulation_id":12,"stream":"stdout"}
{"time":"2026-06-08T11:50:14.5374848+08:00","level":"INFO","msg":"T = 30.000\r","component":"api","simulation_id":12,"stream":"stdout"}
{"time":"2026-06-08T11:50:24.540523+08:00","level":"INFO","msg":"T = 40.000\r","component":"api","simulation_id":12,"stream":"stdout"}
{"time":"2026-06-08T11:50:34.53634+08:00","level":"INFO","msg":"T = 50.000\r","component":"api","simulation_id":12,"stream":"stdout"}
{"time":"2026-06-08T11:50:44.5448604+08:00","level":"INFO","msg":"T = 60.000\r","component":"api","simulation_id":12,"stream":"stdout"}
{"time":"2026-06-08T11:50:54.5362622+08:00","level":"INFO","msg":"T = 70.000\r","component":"api","simulation_id":12,"stream":"stdout"}
{"time":"2026-06-08T11:51:04.545542+08:00","level":"INFO","msg":"T = 80.000\r","component":"api","simulation_id":12,"stream":"stdout"}
{"time":"2026-06-08T11:51:14.5442303+08:00","level":"INFO","msg":"T = 90.000\r","component":"api","simulation_id":12,"stream":"stdout"}
{"time":"2026-06-08T11:51:24.5404435+08:00","level":"INFO","msg":"T = 100.000\r","component":"api","simulation_id":12,"stream":"stdout"}
{"time":"2026-06-08T11:51:34.5426456+08:00","level":"INFO","msg":"T = 110.000\r","component":"api","simulation_id":12,"stream":"stdout"}
{"time":"2026-06-08T11:51:44.5400891+08:00","level":"INFO","msg":"T = 120.000\r","component":"api","simulation_id":12,"stream":"stdout"}
{"time":"2026-06-08T11:51:54.5453766+08:00","level":"INFO","msg":"T = 130.000\r","component":"api","simulation_id":12,"stream":"stdout"}
{"time":"2026-06-08T11:52:04.537871+08:00","level":"INFO","msg":"T = 140.000\r","component":"api","simulation_id":12,"stream":"stdout"}
{"time":"2026-06-08T11:52:14.5451086+08:00","level":"INFO","msg":"T = 150.000\r","component":"api","simulation_id":12,"stream":"stdout"}
{"time":"2026-06-08T11:52:24.5432368+08:00","level":"INFO","msg":"T = 160.000\r","component":"api","simulation_id":12,"stream":"stdout"}
{"time":"2026-06-08T11:52:34.5369944+08:00","level":"INFO","msg":"T = 170.000\r","component":"api","simulation_id":12,"stream":"stdout"}
{"time":"2026-06-08T11:52:44.5365932+08:00","level":"INFO","msg":"T = 180.000\r","component":"api","simulation_id":12,"stream":"stdout"}
{"time":"2026-06-08T11:52:54.5389878+08:00","level":"INFO","msg":"T = 190.000\r","component":"api","simulation_id":12,"stream":"stdout"}
{"time":"2026-06-08T11:53:04.5472732+08:00","level":"INFO","msg":"T = 200.000\r","component":"api","simulation_id":12,"stream":"stdout"}
{"time":"2026-06-08T11:53:14.5368478+08:00","level":"INFO","msg":"T = 210.000\r","component":"api","simulation_id":12,"stream":"stdout"}
{"time":"2026-06-08T11:53:24.5435597+08:00","level":"INFO","msg":"T = 220.000\r","component":"api","simulation_id":12,"stream":"stdout"}
{"time":"2026-06-08T11:53:34.5369625+08:00","level":"INFO","msg":"T = 230.000\r","component":"api","simulation_id":12,"stream":"stdout"}
{"time":"2026-06-08T11:53:44.5448893+08:00","level":"INFO","msg":"T = 240.000\r","component":"api","simulation_id":12,"stream":"stdout"}
{"time":"2026-06-08T11:53:54.5450041+08:00","level":"INFO","msg":"T = 250.000\r","component":"api","simulation_id":12,"stream":"stdout"}
{"time":"2026-06-08T11:54:04.5362814+08:00","level":"INFO","msg":"T = 260.000\r","component":"api","simulation_id":12,"stream":"stdout"}
{"time":"2026-06-08T11:54:14.546275+08:00","level":"INFO","msg":"T = 270.000\r","component":"api","simulation_id":12,"stream":"stdout"}
{"time":"2026-06-08T11:54:24.5384528+08:00","level":"INFO","msg":"T = 280.000\r","component":"api","simulation_id":12,"stream":"stdout"}
{"time":"2026-06-08T11:54:34.5412634+08:00","level":"INFO","msg":"T = 290.000\r","component":"api","simulation_id":12,"stream":"stdout"}
{"time":"2026-06-08T11:54:44.5359951+08:00","level":"INFO","msg":"T = 300.000\r","component":"api","simulation_id":12,"stream":"stdout"}
{"time":"2026-06-08T11:54:54.5366717+08:00","level":"INFO","msg":"T = 310.000\r","component":"api","simulation_id":12,"stream":"stdout"}
{"time":"2026-06-08T11:55:04.5366953+08:00","level":"INFO","msg":"T = 320.000\r","component":"api","simulation_id":12,"stream":"stdout"}
{"time":"2026-06-08T11:55:14.5461529+08:00","level":"INFO","msg":"T = 330.000\r","component":"api","simulation_id":12,"stream":"stdout"}
{"time":"2026-06-08T11:55:24.5366851+08:00","level":"INFO","msg":"T = 340.000\r","component":"api","simulation_id":12,"stream":"stdout"}
{"time":"2026-06-08T11:55:34.5414685+08:00","level":"INFO","msg":"T = 350.000\r","component":"api","simulation_id":12,"stream":"stdout"}
{"time":"2026-06-08T11:55:44.5458305+08:00","level":"INFO","msg":"T = 360.000\r","component":"api","simulation_id":12,"stream":"stdout"}
{"time":"2026-06-08T11:55:54.5377153+08:00","level":"INFO","msg":"T = 370.000\r","component":"api","simulation_id":12,"stream":"stdout"}
{"time":"2026-06-08T11:56:04.542535+08:00","level":"INFO","msg":"T = 380.000\r","component":"api","simulation_id":12,"stream":"stdout"}
{"time":"2026-06-08T11:56:14.5370236+08:00","level":"INFO","msg":"T = 390.000\r","component":"api","simulation_id":12,"stream":"stdout"}
{"time":"2026-06-08T11:56:24.5411765+08:00","level":"INFO","msg":"T = 400.000\r","component":"api","simulation_id":12,"stream":"stdout"}
{"time":"2026-06-08T11:56:34.5448683+08:00","level":"INFO","msg":"T = 410.000\r","component":"api","simulation_id":12,"stream":"stdout"}
{"time":"2026-06-08T11:56:44.5367761+08:00","level":"INFO","msg":"T = 420.000\r","component":"api","simulation_id":12,"stream":"stdout"}
{"time":"2026-06-08T11:56:54.5411977+08:00","level":"INFO","msg":"T = 430.000\r","component":"api","simulation_id":12,"stream":"stdout"}
{"time":"2026-06-08T11:57:04.5456081+08:00","level":"INFO","msg":"T = 440.000\r","component":"api","simulation_id":12,"stream":"stdout"}
{"time":"2026-06-08T11:57:14.5384703+08:00","level":"INFO","msg":"T = 450.000\r","component":"api","simulation_id":12,"stream":"stdout"}
{"time":"2026-06-08T11:57:24.5362261+08:00","level":"INFO","msg":"T = 460.000\r","component":"api","simulation_id":12,"stream":"stdout"}
{"time":"2026-06-08T11:57:34.5366937+08:00","level":"INFO","msg":"T = 470.000\r","component":"api","simulation_id":12,"stream":"stdout"}
{"time":"2026-06-08T11:57:44.5380678+08:00","level":"INFO","msg":"T = 480.000\r","component":"api","simulation_id":12,"stream":"stdout"}
{"time":"2026-06-08T11:57:54.5468947+08:00","level":"INFO","msg":"T = 490.000\r","component":"api","simulation_id":12,"stream":"stdout"}
{"time":"2026-06-08T11:58:04.5369864+08:00","level":"INFO","msg":"T = 500.000\r","component":"api","simulation_id":12,"stream":"stdout"}
{"time":"2026-06-08T11:58:14.5405719+08:00","level":"INFO","msg":"T = 510.000\r","component":"api","simulation_id":12,"stream":"stdout"}
{"time":"2026-06-08T11:58:24.5433903+08:00","level":"INFO","msg":"T = 520.000\r","component":"api","simulation_id":12,"stream":"stdout"}
{"time":"2026-06-08T11:58:34.536644+08:00","level":"INFO","msg":"T = 530.000\r","component":"api","simulation_id":12,"stream":"stdout"}
{"time":"2026-06-08T11:58:44.5467652+08:00","level":"INFO","msg":"T = 540.000\r","component":"api","simulation_id":12,"stream":"stdout"}
{"time":"2026-06-08T11:58:54.5360911+08:00","level":"INFO","msg":"T = 550.000\r","component":"api","simulation_id":12,"stream":"stdout"}
{"time":"2026-06-08T11:59:04.5417257+08:00","level":"INFO","msg":"T = 560.000\r","component":"api","simulation_id":12,"stream":"stdout"}
{"time":"2026-06-08T11:59:14.5412709+08:00","level":"INFO","msg":"T = 570.000\r","component":"api","simulation_id":12,"stream":"stdout"}
{"time":"2026-06-08T11:59:24.5415876+08:00","level":"INFO","msg":"T = 580.000\r","component":"api","simulation_id":12,"stream":"stdout"}
{"time":"2026-06-08T11:59:34.536957+08:00","level":"INFO","msg":"T = 590.000\r","component":"api","simulation_id":12,"stream":"stdout"}
{"time":"2026-06-08T11:59:44.5408272+08:00","level":"INFO","msg":"T = 600.000\r","component":"api","simulation_id":12,"stream":"stdout"}
{"time":"2026-06-08T11:59:54.5431798+08:00","level":"INFO","msg":"T = 610.000\r","component":"api","simulation_id":12,"stream":"stdout"}
{"time":"2026-06-08T12:00:04.5447175+08:00","level":"INFO","msg":"T = 620.000\r","component":"api","simulation_id":12,"stream":"stdout"}
{"time":"2026-06-08T12:00:14.5400525+08:00","level":"INFO","msg":"T = 630.000\r","component":"api","simulation_id":12,"stream":"stdout"}
{"time":"2026-06-08T12:00:24.5462897+08:00","level":"INFO","msg":"T = 640.000\r","component":"api","simulation_id":12,"stream":"stdout"}
{"time":"2026-06-08T12:00:34.5441352+08:00","level":"INFO","msg":"T = 650.000\r","component":"api","simulation_id":12,"stream":"stdout"}
{"time":"2026-06-08T12:00:44.5473336+08:00","level":"INFO","msg":"T = 660.000\r","component":"api","simulation_id":12,"stream":"stdout"}
{"time":"2026-06-08T12:00:54.5396799+08:00","level":"INFO","msg":"T = 670.000\r","component":"api","simulation_id":12,"stream":"stdout"}
{"time":"2026-06-08T12:01:04.5453284+08:00","level":"INFO","msg":"T = 680.000\r","component":"api","simulation_id":12,"stream":"stdout"}
{"time":"2026-06-08T12:01:14.5432303+08:00","level":"INFO","msg":"T = 690.000\r","component":"api","simulation_id":12,"stream":"stdout"}
{"time":"2026-06-08T12:01:24.5397309+08:00","level":"INFO","msg":"T = 700.000\r","component":"api","simulation_id":12,"stream":"stdout"}
{"time":"2026-06-08T12:01:34.5440742+08:00","level":"INFO","msg":"T = 710.000\r","component":"api","simulation_id":12,"stream":"stdout"}
{"time":"2026-06-08T12:01:44.5381579+08:00","level":"INFO","msg":"T = 720.000\r","component":"api","simulation_id":12,"stream":"stdout"}
{"time":"2026-06-08T12:01:54.5366995+08:00","level":"INFO","msg":"T = 730.000\r","component":"api","simulation_id":12,"stream":"stdout"}
{"time":"2026-06-08T12:02:04.5439055+08:00","level":"INFO","msg":"T = 740.000\r","component":"api","simulation_id":12,"stream":"stdout"}
{"time":"2026-06-08T12:02:14.5360931+08:00","level":"INFO","msg":"T = 750.000\r","component":"api","simulation_id":12,"stream":"stdout"}
{"time":"2026-06-08T12:02:24.5414595+08:00","level":"INFO","msg":"T = 760.000\r","component":"api","simulation_id":12,"stream":"stdout"}
{"time":"2026-06-08T12:02:34.5398038+08:00","level":"INFO","msg":"T = 770.000\r","component":"api","simulation_id":12,"stream":"stdout"}
{"time":"2026-06-08T12:02:44.5369681+08:00","level":"INFO","msg":"T = 780.000\r","component":"api","simulation_id":12,"stream":"stdout"}
{"time":"2026-06-08T12:02:54.5423206+08:00","level":"INFO","msg":"T = 790.000\r","component":"api","simulation_id":12,"stream":"stdout"}
{"time":"2026-06-08T12:03:04.5360368+08:00","level":"INFO","msg":"T = 800.000\r","component":"api","simulation_id":12,"stream":"stdout"}
{"time":"2026-06-08T12:03:14.5364323+08:00","level":"INFO","msg":"T = 810.000\r","component":"api","simulation_id":12,"stream":"stdout"}
{"time":"2026-06-08T12:03:24.5367377+08:00","level":"INFO","msg":"T = 820.000\r","component":"api","simulation_id":12,"stream":"stdout"}
{"time":"2026-06-08T12:03:34.5431168+08:00","level":"INFO","msg":"T = 830.000\r","component":"api","simulation_id":12,"stream":"stdout"}
{"time":"2026-06-08T12:03:44.5369746+08:00","level":"INFO","msg":"T = 840.000\r","component":"api","simulation_id":12,"stream":"stdout"}
{"time":"2026-06-08T12:03:54.5382356+08:00","level":"INFO","msg":"T = 850.000\r","component":"api","simulation_id":12,"stream":"stdout"}
{"time":"2026-06-08T12:04:04.5371082+08:00","level":"INFO","msg":"T = 860.000\r","component":"api","simulation_id":12,"stream":"stdout"}
{"time":"2026-06-08T12:04:14.5412837+08:00","level":"INFO","msg":"T = 870.000\r","component":"api","simulation_id":12,"stream":"stdout"}
{"time":"2026-06-08T12:04:24.5365108+08:00","level":"INFO","msg":"T = 880.000\r","component":"api","simulation_id":12,"stream":"stdout"}
{"time":"2026-06-08T12:04:34.5370153+08:00","level":"INFO","msg":"T = 890.000\r","component":"api","simulation_id":12,"stream":"stdout"}
{"time":"2026-06-08T12:04:44.5369721+08:00","level":"INFO","msg":"T = 900.000\r","component":"api","simulation_id":12,"stream":"stdout"}
{"time":"2026-06-08T12:04:54.5367609+08:00","level":"INFO","msg":"T = 910.000\r","component":"api","simulation_id":12,"stream":"stdout"}
{"time":"2026-06-08T12:05:04.5404812+08:00","level":"INFO","msg":"T = 920.000\r","component":"api","simulation_id":12,"stream":"stdout"}
{"time":"2026-06-08T12:05:14.5408041+08:00","level":"INFO","msg":"T = 930.000\r","component":"api","simulation_id":12,"stream":"stdout"}
{"time":"2026-06-08T12:05:24.539095+08:00","level":"INFO","msg":"T = 940.000\r","component":"api","simulation_id":12,"stream":"stdout"}
{"time":"2026-06-08T12:05:34.5460928+08:00","level":"INFO","msg":"T = 950.000\r","component":"api","simulation_id":12,"stream":"stdout"}
{"time":"2026-06-08T12:05:44.5458117+08:00","level":"INFO","msg":"T = 960.000\r","component":"api","simulation_id":12,"stream":"stdout"}
{"time":"2026-06-08T12:05:54.5475542+08:00","level":"INFO","msg":"T = 970.000\r","component":"api","simulation_id":12,"stream":"stdout"}
{"time":"2026-06-08T12:06:04.5438036+08:00","level":"INFO","msg":"T = 980.000\r","component":"api","simulation_id":12,"stream":"stdout"}
{"time":"2026-06-08T12:06:14.5428311+08:00","level":"INFO","msg":"T = 990.000\r","component":"api","simulation_id":12,"stream":"stdout"}
{"time":"2026-06-08T12:06:24.5448746+08:00","level":"INFO","msg":"T = 1000.000\r","component":"api","simulation_id":12,"stream":"stdout"}
{"time":"2026-06-08T12:06:34.5421891+08:00","level":"INFO","msg":"T = 1010.000\r","component":"api","simulation_id":12,"stream":"stdout"}
{"time":"2026-06-08T12:06:44.543798+08:00","level":"INFO","msg":"T = 1020.000\r","component":"api","simulation_id":12,"stream":"stdout"}
{"time":"2026-06-08T12:06:54.5361535+08:00","level":"INFO","msg":"T = 1030.000\r","component":"api","simulation_id":12,"stream":"stdout"}
{"time":"2026-06-08T12:07:04.5405812+08:00","level":"INFO","msg":"T = 1040.000\r","component":"api","simulation_id":12,"stream":"stdout"}
{"time":"2026-06-08T12:07:14.5411463+08:00","level":"INFO","msg":"T = 1050.000\r","component":"api","simulation_id":12,"stream":"stdout"}
{"time":"2026-06-08T12:07:24.5368662+08:00","level":"INFO","msg":"T = 1060.000\r","component":"api","simulation_id":12,"stream":"stdout"}
{"time":"2026-06-08T12:07:34.5477773+08:00","level":"INFO","msg":"T = 1070.000\r","component":"api","simulation_id":12,"stream":"stdout"}
{"time":"2026-06-08T12:07:44.5462995+08:00","level":"INFO","msg":"T = 1080.000\r","component":"api","simulation_id":12,"stream":"stdout"}
{"time":"2026-06-08T12:07:54.5446709+08:00","level":"INFO","msg":"T = 1090.000\r","component":"api","simulation_id":12,"stream":"stdout"}
{"time":"2026-06-08T12:08:04.5431741+08:00","level":"INFO","msg":"T = 1100.000\r","component":"api","simulation_id":12,"stream":"stdout"}
{"time":"2026-06-08T12:08:14.5367412+08:00","level":"INFO","msg":"T = 1110.000\r","component":"api","simulation_id":12,"stream":"stdout"}
{"time":"2026-06-08T12:08:24.5363438+08:00","level":"INFO","msg":"T = 1120.000\r","component":"api","simulation_id":12,"stream":"stdout"}
{"time":"2026-06-08T12:08:34.5451975+08:00","level":"INFO","msg":"T = 1130.000\r","component":"api","simulation_id":12,"stream":"stdout"}
{"time":"2026-06-08T12:08:44.5363259+08:00","level":"INFO","msg":"T = 1140.000\r","component":"api","simulation_id":12,"stream":"stdout"}
{"time":"2026-06-08T12:08:54.5428514+08:00","level":"INFO","msg":"T = 1150.000\r","component":"api","simulation_id":12,"stream":"stdout"}
{"time":"2026-06-08T12:09:04.5365731+08:00","level":"INFO","msg":"T = 1160.000\r","component":"api","simulation_id":12,"stream":"stdout"}
{"time":"2026-06-08T12:09:14.5385257+08:00","level":"INFO","msg":"T = 1170.000\r","component":"api","simulation_id":12,"stream":"stdout"}
{"time":"2026-06-08T12:09:24.541757+08:00","level":"INFO","msg":"T = 1180.000\r","component":"api","simulation_id":12,"stream":"stdout"}
{"time":"2026-06-08T12:09:34.5367082+08:00","level":"INFO","msg":"T = 1190.000\r","component":"api","simulation_id":12,"stream":"stdout"}
{"time":"2026-06-08T12:09:44.536156+08:00","level":"INFO","msg":"T = 1200.000\r","component":"api","simulation_id":12,"stream":"stdout"}
{"time":"2026-06-08T12:09:54.5402809+08:00","level":"INFO","msg":"T = 1210.000\r","component":"api","simulation_id":12,"stream":"stdout"}
{"time":"2026-06-08T12:10:04.5395309+08:00","level":"INFO","msg":"T = 1220.000\r","component":"api","simulation_id":12,"stream":"stdout"}
{"time":"2026-06-08T12:10:14.5369862+08:00","level":"INFO","msg":"T = 1230.000\r","component":"api","simulation_id":12,"stream":"stdout"}
{"time":"2026-06-08T12:10:24.5401465+08:00","level":"INFO","msg":"T = 1240.000\r","component":"api","simulation_id":12,"stream":"stdout"}
{"time":"2026-06-08T12:10:34.5438072+08:00","level":"INFO","msg":"T = 1250.000\r","component":"api","simulation_id":12,"stream":"stdout"}
{"time":"2026-06-08T12:10:44.537009+08:00","level":"INFO","msg":"T = 1260.000\r","component":"api","simulation_id":12,"stream":"stdout"}
{"time":"2026-06-08T12:10:54.5369119+08:00","level":"INFO","msg":"T = 1270.000\r","component":"api","simulation_id":12,"stream":"stdout"}
{"time":"2026-06-08T12:11:04.5400145+08:00","level":"INFO","msg":"T = 1280.000\r","component":"api","simulation_id":12,"stream":"stdout"}
{"time":"2026-06-08T12:11:14.5403899+08:00","level":"INFO","msg":"T = 1290.000\r","component":"api","simulation_id":12,"stream":"stdout"}
{"time":"2026-06-08T12:11:24.5460587+08:00","level":"INFO","msg":"T = 1300.000\r","component":"api","simulation_id":12,"stream":"stdout"}
{"time":"2026-06-08T12:11:34.5464802+08:00","level":"INFO","msg":"T = 1310.000\r","component":"api","simulation_id":12,"stream":"stdout"}
{"time":"2026-06-08T12:11:44.5457833+08:00","level":"INFO","msg":"T = 1320.000\r","component":"api","simulation_id":12,"stream":"stdout"}
{"time":"2026-06-08T12:11:54.5406546+08:00","level":"INFO","msg":"T = 1330.000\r","component":"api","simulation_id":12,"stream":"stdout"}
{"time":"2026-06-08T12:12:04.5466118+08:00","level":"INFO","msg":"T = 1340.000\r","component":"api","simulation_id":12,"stream":"stdout"}
{"time":"2026-06-08T12:12:14.5419718+08:00","level":"INFO","msg":"T = 1350.000\r","component":"api","simulation_id":12,"stream":"stdout"}
{"time":"2026-06-08T12:12:24.5419292+08:00","level":"INFO","msg":"T = 1360.000\r","component":"api","simulation_id":12,"stream":"stdout"}
{"time":"2026-06-08T12:12:34.5370072+08:00","level":"INFO","msg":"T = 1370.000\r","component":"api","simulation_id":12,"stream":"stdout"}
{"time":"2026-06-08T12:12:44.5396824+08:00","level":"INFO","msg":"T = 1380.000\r","component":"api","simulation_id":12,"stream":"stdout"}
{"time":"2026-06-08T12:12:54.5366668+08:00","level":"INFO","msg":"T = 1390.000\r","component":"api","simulation_id":12,"stream":"stdout"}
{"time":"2026-06-08T12:13:04.543026+08:00","level":"INFO","msg":"T = 1400.000\r","component":"api","simulation_id":12,"stream":"stdout"}
{"time":"2026-06-08T12:13:14.538468+08:00","level":"INFO","msg":"T = 1410.000\r","component":"api","simulation_id":12,"stream":"stdout"}
{"time":"2026-06-08T12:13:24.5366148+08:00","level":"INFO","msg":"T = 1420.000\r","component":"api","simulation_id":12,"stream":"stdout"}
{"time":"2026-06-08T12:13:34.5443106+08:00","level":"INFO","msg":"T = 1430.000\r","component":"api","simulation_id":12,"stream":"stdout"}
{"time":"2026-06-08T12:13:44.5369841+08:00","level":"INFO","msg":"T = 1440.000\r","component":"api","simulation_id":12,"stream":"stdout"}
{"time":"2026-06-08T12:13:54.538033+08:00","level":"INFO","msg":"T = 1450.000\r","component":"api","simulation_id":12,"stream":"stdout"}
{"time":"2026-06-08T12:14:04.5429438+08:00","level":"INFO","msg":"T = 1460.000\r","component":"api","simulation_id":12,"stream":"stdout"}
{"time":"2026-06-08T12:14:14.537072+08:00","level":"INFO","msg":"T = 1470.000\r","component":"api","simulation_id":12,"stream":"stdout"}
{"time":"2026-06-08T12:14:17.3345494+08:00","level":"INFO","msg":"Platform hit target.\r","component":"api","simulation_id":12,"stream":"stdout"}
{"time":"2026-06-08T12:14:17.3366202+08:00","level":"INFO","msg":"    T = 1472.75\r","component":"api","simulation_id":12,"stream":"stdout"}
{"time":"2026-06-08T12:14:17.3367947+08:00","level":"INFO","msg":"    Platform: SimpleStriker\r","component":"api","simulation_id":12,"stream":"stdout"}
{"time":"2026-06-08T12:14:17.3373676+08:00","level":"INFO","msg":"    Lat: 01:03:00.0n\r","component":"api","simulation_id":12,"stream":"stdout"}
{"time":"2026-06-08T12:14:17.3379482+08:00","level":"INFO","msg":"    Lon: 05:00:00.0e\r","component":"api","simulation_id":12,"stream":"stdout"}
{"time":"2026-06-08T12:14:17.3379482+08:00","level":"INFO","msg":"    Alt: 9144 m\r","component":"api","simulation_id":12,"stream":"stdout"}
{"time":"2026-06-08T12:14:17.3384515+08:00","level":"INFO","msg":"    Speed: 298.378 m/s\r","component":"api","simulation_id":12,"stream":"stdout"}
{"time":"2026-06-08T12:14:24.5371059+08:00","level":"INFO","msg":"T = 1480.000\r","component":"api","simulation_id":12,"stream":"stdout"}
{"time":"2026-06-08T12:14:34.5399123+08:00","level":"INFO","msg":"T = 1490.000\r","component":"api","simulation_id":12,"stream":"stdout"}
{"time":"2026-06-08T12:14:44.5383572+08:00","level":"INFO","msg":"T = 1500.000\r","component":"api","simulation_id":12,"stream":"stdout"}
{"time":"2026-06-08T12:14:54.5378008+08:00","level":"INFO","msg":"T = 1510.000\r","component":"api","simulation_id":12,"stream":"stdout"}
{"time":"2026-06-08T12:15:04.5370065+08:00","level":"INFO","msg":"T = 1520.000\r","component":"api","simulation_id":12,"stream":"stdout"}
{"time":"2026-06-08T12:15:14.5448081+08:00","level":"INFO","msg":"T = 1530.000\r","component":"api","simulation_id":12,"stream":"stdout"}
{"time":"2026-06-08T12:15:24.5402882+08:00","level":"INFO","msg":"T = 1540.000\r","component":"api","simulation_id":12,"stream":"stdout"}
{"time":"2026-06-08T12:15:34.5378354+08:00","level":"INFO","msg":"T = 1550.000\r","component":"api","simulation_id":12,"stream":"stdout"}
{"time":"2026-06-08T12:15:44.5370156+08:00","level":"INFO","msg":"T = 1560.000\r","component":"api","simulation_id":12,"stream":"stdout"}
{"time":"2026-06-08T12:15:54.5418813+08:00","level":"INFO","msg":"T = 1570.000\r","component":"api","simulation_id":12,"stream":"stdout"}
{"time":"2026-06-08T12:16:04.5429035+08:00","level":"INFO","msg":"T = 1580.000\r","component":"api","simulation_id":12,"stream":"stdout"}
{"time":"2026-06-08T12:16:14.5421688+08:00","level":"INFO","msg":"T = 1590.000\r","component":"api","simulation_id":12,"stream":"stdout"}
{"time":"2026-06-08T12:16:24.5442477+08:00","level":"INFO","msg":"T = 1600.000\r","component":"api","simulation_id":12,"stream":"stdout"}
{"time":"2026-06-08T12:16:34.5430684+08:00","level":"INFO","msg":"T = 1610.000\r","component":"api","simulation_id":12,"stream":"stdout"}
{"time":"2026-06-08T12:16:44.5465365+08:00","level":"INFO","msg":"T = 1620.000\r","component":"api","simulation_id":12,"stream":"stdout"}
{"time":"2026-06-08T12:16:54.5407142+08:00","level":"INFO","msg":"T = 1630.000\r","component":"api","simulation_id":12,"stream":"stdout"}
{"time":"2026-06-08T12:17:04.5450681+08:00","level":"INFO","msg":"T = 1640.000\r","component":"api","simulation_id":12,"stream":"stdout"}
{"time":"2026-06-08T12:17:14.5364377+08:00","level":"INFO","msg":"T = 1650.000\r","component":"api","simulation_id":12,"stream":"stdout"}
{"time":"2026-06-08T12:17:24.5432713+08:00","level":"INFO","msg":"T = 1660.000\r","component":"api","simulation_id":12,"stream":"stdout"}
{"time":"2026-06-08T12:17:34.540094+08:00","level":"INFO","msg":"T = 1670.000\r","component":"api","simulation_id":12,"stream":"stdout"}
{"time":"2026-06-08T12:17:44.5411213+08:00","level":"INFO","msg":"T = 1680.000\r","component":"api","simulation_id":12,"stream":"stdout"}
{"time":"2026-06-08T12:17:54.5418125+08:00","level":"INFO","msg":"T = 1690.000\r","component":"api","simulation_id":12,"stream":"stdout"}
{"time":"2026-06-08T12:18:04.5446381+08:00","level":"INFO","msg":"T = 1700.000\r","component":"api","simulation_id":12,"stream":"stdout"}
{"time":"2026-06-08T12:18:14.542815+08:00","level":"INFO","msg":"T = 1710.000\r","component":"api","simulation_id":12,"stream":"stdout"}
{"time":"2026-06-08T12:18:24.5393424+08:00","level":"INFO","msg":"T = 1720.000\r","component":"api","simulation_id":12,"stream":"stdout"}
{"time":"2026-06-08T12:18:34.5360574+08:00","level":"INFO","msg":"T = 1730.000\r","component":"api","simulation_id":12,"stream":"stdout"}
{"time":"2026-06-08T12:18:44.5370357+08:00","level":"INFO","msg":"T = 1740.000\r","component":"api","simulation_id":12,"stream":"stdout"}
{"time":"2026-06-08T12:18:54.5384024+08:00","level":"INFO","msg":"T = 1750.000\r","component":"api","simulation_id":12,"stream":"stdout"}
{"time":"2026-06-08T12:19:04.5378421+08:00","level":"INFO","msg":"T = 1760.000\r","component":"api","simulation_id":12,"stream":"stdout"}
{"time":"2026-06-08T12:19:14.5385868+08:00","level":"INFO","msg":"T = 1770.000\r","component":"api","simulation_id":12,"stream":"stdout"}
{"time":"2026-06-08T12:19:24.536989+08:00","level":"INFO","msg":"T = 1780.000\r","component":"api","simulation_id":12,"stream":"stdout"}
{"time":"2026-06-08T12:19:34.5409796+08:00","level":"INFO","msg":"T = 1790.000\r","component":"api","simulation_id":12,"stream":"stdout"}
{"time":"2026-06-08T12:19:44.5450442+08:00","level":"INFO","msg":"T = 1800.000\r","component":"api","simulation_id":12,"stream":"stdout"}
{"time":"2026-06-08T12:19:54.5370545+08:00","level":"INFO","msg":"T = 1810.000\r","component":"api","simulation_id":12,"stream":"stdout"}
{"time":"2026-06-08T12:20:04.5369036+08:00","level":"INFO","msg":"T = 1820.000\r","component":"api","simulation_id":12,"stream":"stdout"}
{"time":"2026-06-08T12:20:14.5362304+08:00","level":"INFO","msg":"T = 1830.000\r","component":"api","simulation_id":12,"stream":"stdout"}
{"time":"2026-06-08T12:20:24.5370347+08:00","level":"INFO","msg":"T = 1840.000\r","component":"api","simulation_id":12,"stream":"stdout"}
{"time":"2026-06-08T12:20:34.5360335+08:00","level":"INFO","msg":"T = 1850.000\r","component":"api","simulation_id":12,"stream":"stdout"}
{"time":"2026-06-08T12:20:44.5369505+08:00","level":"INFO","msg":"T = 1860.000\r","component":"api","simulation_id":12,"stream":"stdout"}
{"time":"2026-06-08T12:20:54.5408543+08:00","level":"INFO","msg":"T = 1870.000\r","component":"api","simulation_id":12,"stream":"stdout"}
{"time":"2026-06-08T12:21:04.540835+08:00","level":"INFO","msg":"T = 1880.000\r","component":"api","simulation_id":12,"stream":"stdout"}
{"time":"2026-06-08T12:21:14.5361112+08:00","level":"INFO","msg":"T = 1890.000\r","component":"api","simulation_id":12,"stream":"stdout"}
{"time":"2026-06-08T12:21:24.5448707+08:00","level":"INFO","msg":"T = 1900.000\r","component":"api","simulation_id":12,"stream":"stdout"}
{"time":"2026-06-08T12:21:34.5430635+08:00","level":"INFO","msg":"T = 1910.000\r","component":"api","simulation_id":12,"stream":"stdout"}
{"time":"2026-06-08T12:21:44.5416555+08:00","level":"INFO","msg":"T = 1920.000\r","component":"api","simulation_id":12,"stream":"stdout"}
{"time":"2026-06-08T12:21:54.5362706+08:00","level":"INFO","msg":"T = 1930.000\r","component":"api","simulation_id":12,"stream":"stdout"}
{"time":"2026-06-08T12:22:04.5420146+08:00","level":"INFO","msg":"T = 1940.000\r","component":"api","simulation_id":12,"stream":"stdout"}
{"time":"2026-06-08T12:22:14.5415484+08:00","level":"INFO","msg":"T = 1950.000\r","component":"api","simulation_id":12,"stream":"stdout"}
{"time":"2026-06-08T12:22:24.5369473+08:00","level":"INFO","msg":"T = 1960.000\r","component":"api","simulation_id":12,"stream":"stdout"}
{"time":"2026-06-08T12:22:34.5437146+08:00","level":"INFO","msg":"T = 1970.000\r","component":"api","simulation_id":12,"stream":"stdout"}
{"time":"2026-06-08T12:22:44.5432335+08:00","level":"INFO","msg":"T = 1980.000\r","component":"api","simulation_id":12,"stream":"stdout"}
{"time":"2026-06-08T12:22:54.5385631+08:00","level":"INFO","msg":"T = 1990.000\r","component":"api","simulation_id":12,"stream":"stdout"}
{"time":"2026-06-08T12:23:04.5449893+08:00","level":"INFO","msg":"T = 2000.000\r","component":"api","simulation_id":12,"stream":"stdout"}
{"time":"2026-06-08T12:23:14.5362766+08:00","level":"INFO","msg":"T = 2010.000\r","component":"api","simulation_id":12,"stream":"stdout"}
{"time":"2026-06-08T12:23:24.5397713+08:00","level":"INFO","msg":"T = 2020.000\r","component":"api","simulation_id":12,"stream":"stdout"}
{"time":"2026-06-08T12:23:34.5450379+08:00","level":"INFO","msg":"T = 2030.000\r","component":"api","simulation_id":12,"stream":"stdout"}
{"time":"2026-06-08T12:23:44.5360821+08:00","level":"INFO","msg":"T = 2040.000\r","component":"api","simulation_id":12,"stream":"stdout"}
{"time":"2026-06-08T12:23:54.5448478+08:00","level":"INFO","msg":"T = 2050.000\r","component":"api","simulation_id":12,"stream":"stdout"}
{"time":"2026-06-08T12:24:04.5364049+08:00","level":"INFO","msg":"T = 2060.000\r","component":"api","simulation_id":12,"stream":"stdout"}
{"time":"2026-06-08T12:24:14.539752+08:00","level":"INFO","msg":"T = 2070.000\r","component":"api","simulation_id":12,"stream":"stdout"}
{"time":"2026-06-08T12:24:24.5468893+08:00","level":"INFO","msg":"T = 2080.000\r","component":"api","simulation_id":12,"stream":"stdout"}
{"time":"2026-06-08T12:24:34.5367171+08:00","level":"INFO","msg":"T = 2090.000\r","component":"api","simulation_id":12,"stream":"stdout"}
{"time":"2026-06-08T12:24:44.5470184+08:00","level":"INFO","msg":"T = 2100.000\r","component":"api","simulation_id":12,"stream":"stdout"}
{"time":"2026-06-08T12:24:54.5402475+08:00","level":"INFO","msg":"T = 2110.000\r","component":"api","simulation_id":12,"stream":"stdout"}
{"time":"2026-06-08T12:25:04.5434568+08:00","level":"INFO","msg":"T = 2120.000\r","component":"api","simulation_id":12,"stream":"stdout"}
{"time":"2026-06-08T12:25:14.5429167+08:00","level":"INFO","msg":"T = 2130.000\r","component":"api","simulation_id":12,"stream":"stdout"}
{"time":"2026-06-08T12:25:24.5398455+08:00","level":"INFO","msg":"T = 2140.000\r","component":"api","simulation_id":12,"stream":"stdout"}
{"time":"2026-06-08T12:25:34.545453+08:00","level":"INFO","msg":"T = 2150.000\r","component":"api","simulation_id":12,"stream":"stdout"}
{"time":"2026-06-08T12:25:44.545046+08:00","level":"INFO","msg":"T = 2160.000\r","component":"api","simulation_id":12,"stream":"stdout"}
{"time":"2026-06-08T12:25:54.5363742+08:00","level":"INFO","msg":"T = 2170.000\r","component":"api","simulation_id":12,"stream":"stdout"}
{"time":"2026-06-08T12:26:04.5418676+08:00","level":"INFO","msg":"T = 2180.000\r","component":"api","simulation_id":12,"stream":"stdout"}
{"time":"2026-06-08T12:26:14.5389791+08:00","level":"INFO","msg":"T = 2190.000\r","component":"api","simulation_id":12,"stream":"stdout"}
{"time":"2026-06-08T12:26:24.5428197+08:00","level":"INFO","msg":"T = 2200.000\r","component":"api","simulation_id":12,"stream":"stdout"}
{"time":"2026-06-08T12:26:34.5423003+08:00","level":"INFO","msg":"T = 2210.000\r","component":"api","simulation_id":12,"stream":"stdout"}
{"time":"2026-06-08T12:26:44.5388669+08:00","level":"INFO","msg":"T = 2220.000\r","component":"api","simulation_id":12,"stream":"stdout"}
{"time":"2026-06-08T12:26:54.5458767+08:00","level":"INFO","msg":"T = 2230.000\r","component":"api","simulation_id":12,"stream":"stdout"}
{"time":"2026-06-08T12:27:04.5363773+08:00","level":"INFO","msg":"T = 2240.000\r","component":"api","simulation_id":12,"stream":"stdout"}
{"time":"2026-06-08T12:27:14.536001+08:00","level":"INFO","msg":"T = 2250.000\r","component":"api","simulation_id":12,"stream":"stdout"}
{"time":"2026-06-08T12:27:24.5370879+08:00","level":"INFO","msg":"T = 2260.000\r","component":"api","simulation_id":12,"stream":"stdout"}
{"time":"2026-06-08T12:27:34.5372493+08:00","level":"INFO","msg":"T = 2270.000\r","component":"api","simulation_id":12,"stream":"stdout"}
{"time":"2026-06-08T12:27:44.5393562+08:00","level":"INFO","msg":"T = 2280.000\r","component":"api","simulation_id":12,"stream":"stdout"}
{"time":"2026-06-08T12:27:54.5362874+08:00","level":"INFO","msg":"T = 2290.000\r","component":"api","simulation_id":12,"stream":"stdout"}
{"time":"2026-06-08T12:28:04.5430254+08:00","level":"INFO","msg":"T = 2300.000\r","component":"api","simulation_id":12,"stream":"stdout"}
{"time":"2026-06-08T12:28:14.538367+08:00","level":"INFO","msg":"T = 2310.000\r","component":"api","simulation_id":12,"stream":"stdout"}
{"time":"2026-06-08T12:28:24.5385348+08:00","level":"INFO","msg":"T = 2320.000\r","component":"api","simulation_id":12,"stream":"stdout"}
{"time":"2026-06-08T12:28:34.5390158+08:00","level":"INFO","msg":"T = 2330.000\r","component":"api","simulation_id":12,"stream":"stdout"}
{"time":"2026-06-08T12:28:44.5370689+08:00","level":"INFO","msg":"T = 2340.000\r","component":"api","simulation_id":12,"stream":"stdout"}
{"time":"2026-06-08T12:28:54.5468345+08:00","level":"INFO","msg":"T = 2350.000\r","component":"api","simulation_id":12,"stream":"stdout"}
{"time":"2026-06-08T12:29:04.5361792+08:00","level":"INFO","msg":"T = 2360.000\r","component":"api","simulation_id":12,"stream":"stdout"}
{"time":"2026-06-08T12:29:14.5377484+08:00","level":"INFO","msg":"T = 2370.000\r","component":"api","simulation_id":12,"stream":"stdout"}
{"time":"2026-06-08T12:29:24.5386065+08:00","level":"INFO","msg":"T = 2380.000\r","component":"api","simulation_id":12,"stream":"stdout"}
{"time":"2026-06-08T12:29:34.5364355+08:00","level":"INFO","msg":"T = 2390.000\r","component":"api","simulation_id":12,"stream":"stdout"}
{"time":"2026-06-08T12:29:44.5362231+08:00","level":"INFO","msg":"T = 2400.000\r","component":"api","simulation_id":12,"stream":"stdout"}
{"time":"2026-06-08T12:29:54.5399936+08:00","level":"INFO","msg":"T = 2410.000\r","component":"api","simulation_id":12,"stream":"stdout"}
{"time":"2026-06-08T12:30:04.5370504+08:00","level":"INFO","msg":"T = 2420.000\r","component":"api","simulation_id":12,"stream":"stdout"}
{"time":"2026-06-08T12:30:14.5367733+08:00","level":"INFO","msg":"T = 2430.000\r","component":"api","simulation_id":12,"stream":"stdout"}
{"time":"2026-06-08T12:30:24.5398299+08:00","level":"INFO","msg":"T = 2440.000\r","component":"api","simulation_id":12,"stream":"stdout"}
{"time":"2026-06-08T12:30:34.5369714+08:00","level":"INFO","msg":"T = 2450.000\r","component":"api","simulation_id":12,"stream":"stdout"}
{"time":"2026-06-08T12:30:44.5423303+08:00","level":"INFO","msg":"T = 2460.000\r","component":"api","simulation_id":12,"stream":"stdout"}
{"time":"2026-06-08T12:30:54.53601+08:00","level":"INFO","msg":"T = 2470.000\r","component":"api","simulation_id":12,"stream":"stdout"}
{"time":"2026-06-08T12:31:04.5372967+08:00","level":"INFO","msg":"T = 2480.000\r","component":"api","simulation_id":12,"stream":"stdout"}
{"time":"2026-06-08T12:31:14.5398147+08:00","level":"INFO","msg":"T = 2490.000\r","component":"api","simulation_id":12,"stream":"stdout"}
{"time":"2026-06-08T12:31:24.536562+08:00","level":"INFO","msg":"T = 2500.000\r","component":"api","simulation_id":12,"stream":"stdout"}
{"time":"2026-06-08T12:31:34.5414072+08:00","level":"INFO","msg":"T = 2510.000\r","component":"api","simulation_id":12,"stream":"stdout"}
{"time":"2026-06-08T12:31:44.5364992+08:00","level":"INFO","msg":"T = 2520.000\r","component":"api","simulation_id":12,"stream":"stdout"}
{"time":"2026-06-08T12:31:54.5452834+08:00","level":"INFO","msg":"T = 2530.000\r","component":"api","simulation_id":12,"stream":"stdout"}
{"time":"2026-06-08T12:32:04.5381443+08:00","level":"INFO","msg":"T = 2540.000\r","component":"api","simulation_id":12,"stream":"stdout"}
{"time":"2026-06-08T12:32:14.5395096+08:00","level":"INFO","msg":"T = 2550.000\r","component":"api","simulation_id":12,"stream":"stdout"}
{"time":"2026-06-08T12:32:24.5395306+08:00","level":"INFO","msg":"T = 2560.000\r","component":"api","simulation_id":12,"stream":"stdout"}
{"time":"2026-06-08T12:32:34.5369849+08:00","level":"INFO","msg":"T = 2570.000\r","component":"api","simulation_id":12,"stream":"stdout"}
{"time":"2026-06-08T12:32:44.5455032+08:00","level":"INFO","msg":"T = 2580.000\r","component":"api","simulation_id":12,"stream":"stdout"}
{"time":"2026-06-08T12:32:54.536858+08:00","level":"INFO","msg":"T = 2590.000\r","component":"api","simulation_id":12,"stream":"stdout"}
{"time":"2026-06-08T12:33:04.5384485+08:00","level":"INFO","msg":"T = 2600.000\r","component":"api","simulation_id":12,"stream":"stdout"}
{"time":"2026-06-08T12:33:14.543381+08:00","level":"INFO","msg":"T = 2610.000\r","component":"api","simulation_id":12,"stream":"stdout"}
{"time":"2026-06-08T12:33:24.5441545+08:00","level":"INFO","msg":"T = 2620.000\r","component":"api","simulation_id":12,"stream":"stdout"}
{"time":"2026-06-08T12:33:34.5363956+08:00","level":"INFO","msg":"T = 2630.000\r","component":"api","simulation_id":12,"stream":"stdout"}
{"time":"2026-06-08T12:33:44.537029+08:00","level":"INFO","msg":"T = 2640.000\r","component":"api","simulation_id":12,"stream":"stdout"}
{"time":"2026-06-08T12:33:54.5365435+08:00","level":"INFO","msg":"T = 2650.000\r","component":"api","simulation_id":12,"stream":"stdout"}
{"time":"2026-06-08T12:34:04.5379674+08:00","level":"INFO","msg":"T = 2660.000\r","component":"api","simulation_id":12,"stream":"stdout"}
{"time":"2026-06-08T12:34:14.5469189+08:00","level":"INFO","msg":"T = 2670.000\r","component":"api","simulation_id":12,"stream":"stdout"}
{"time":"2026-06-08T12:34:24.544475+08:00","level":"INFO","msg":"T = 2680.000\r","component":"api","simulation_id":12,"stream":"stdout"}
{"time":"2026-06-08T12:34:34.5376769+08:00","level":"INFO","msg":"T = 2690.000\r","component":"api","simulation_id":12,"stream":"stdout"}
{"time":"2026-06-08T12:34:44.5371706+08:00","level":"INFO","msg":"T = 2700.000\r","component":"api","simulation_id":12,"stream":"stdout"}
{"time":"2026-06-08T12:34:54.5424785+08:00","level":"INFO","msg":"T = 2710.000\r","component":"api","simulation_id":12,"stream":"stdout"}
{"time":"2026-06-08T12:35:04.5429034+08:00","level":"INFO","msg":"T = 2720.000\r","component":"api","simulation_id":12,"stream":"stdout"}
{"time":"2026-06-08T12:35:14.5364766+08:00","level":"INFO","msg":"T = 2730.000\r","component":"api","simulation_id":12,"stream":"stdout"}
{"time":"2026-06-08T12:35:24.5430161+08:00","level":"INFO","msg":"T = 2740.000\r","component":"api","simulation_id":12,"stream":"stdout"}
{"time":"2026-06-08T12:35:34.5414343+08:00","level":"INFO","msg":"T = 2750.000\r","component":"api","simulation_id":12,"stream":"stdout"}
{"time":"2026-06-08T12:35:44.5361209+08:00","level":"INFO","msg":"T = 2760.000\r","component":"api","simulation_id":12,"stream":"stdout"}
{"time":"2026-06-08T12:35:54.5386653+08:00","level":"INFO","msg":"T = 2770.000\r","component":"api","simulation_id":12,"stream":"stdout"}
{"time":"2026-06-08T12:36:04.5361646+08:00","level":"INFO","msg":"T = 2780.000\r","component":"api","simulation_id":12,"stream":"stdout"}
{"time":"2026-06-08T12:36:14.5409698+08:00","level":"INFO","msg":"T = 2790.000\r","component":"api","simulation_id":12,"stream":"stdout"}
{"time":"2026-06-08T12:36:24.5418155+08:00","level":"INFO","msg":"T = 2800.000\r","component":"api","simulation_id":12,"stream":"stdout"}
{"time":"2026-06-08T12:36:34.5405226+08:00","level":"INFO","msg":"T = 2810.000\r","component":"api","simulation_id":12,"stream":"stdout"}
{"time":"2026-06-08T12:36:44.5418308+08:00","level":"INFO","msg":"T = 2820.000\r","component":"api","simulation_id":12,"stream":"stdout"}
{"time":"2026-06-08T12:36:54.5453929+08:00","level":"INFO","msg":"T = 2830.000\r","component":"api","simulation_id":12,"stream":"stdout"}
{"time":"2026-06-08T12:37:04.5360106+08:00","level":"INFO","msg":"T = 2840.000\r","component":"api","simulation_id":12,"stream":"stdout"}
{"time":"2026-06-08T12:37:14.5414312+08:00","level":"INFO","msg":"T = 2850.000\r","component":"api","simulation_id":12,"stream":"stdout"}
{"time":"2026-06-08T12:37:24.537081+08:00","level":"INFO","msg":"T = 2860.000\r","component":"api","simulation_id":12,"stream":"stdout"}
{"time":"2026-06-08T12:37:34.5383024+08:00","level":"INFO","msg":"T = 2870.000\r","component":"api","simulation_id":12,"stream":"stdout"}
{"time":"2026-06-08T12:37:44.5360371+08:00","level":"INFO","msg":"T = 2880.000\r","component":"api","simulation_id":12,"stream":"stdout"}
{"time":"2026-06-08T12:37:54.5369959+08:00","level":"INFO","msg":"T = 2890.000\r","component":"api","simulation_id":12,"stream":"stdout"}
{"time":"2026-06-08T12:38:04.5395817+08:00","level":"INFO","msg":"T = 2900.000\r","component":"api","simulation_id":12,"stream":"stdout"}
{"time":"2026-06-08T12:38:14.5368409+08:00","level":"INFO","msg":"T = 2910.000\r","component":"api","simulation_id":12,"stream":"stdout"}
{"time":"2026-06-08T12:38:24.537825+08:00","level":"INFO","msg":"T = 2920.000\r","component":"api","simulation_id":12,"stream":"stdout"}
{"time":"2026-06-08T12:38:34.5444565+08:00","level":"INFO","msg":"T = 2930.000\r","component":"api","simulation_id":12,"stream":"stdout"}
{"time":"2026-06-08T12:38:44.5370464+08:00","level":"INFO","msg":"T = 2940.000\r","component":"api","simulation_id":12,"stream":"stdout"}
{"time":"2026-06-08T12:38:54.5370627+08:00","level":"INFO","msg":"T = 2950.000\r","component":"api","simulation_id":12,"stream":"stdout"}
{"time":"2026-06-08T12:39:04.5445086+08:00","level":"INFO","msg":"T = 2960.000\r","component":"api","simulation_id":12,"stream":"stdout"}
{"time":"2026-06-08T12:39:14.541668+08:00","level":"INFO","msg":"T = 2970.000\r","component":"api","simulation_id":12,"stream":"stdout"}
{"time":"2026-06-08T12:39:24.5360264+08:00","level":"INFO","msg":"T = 2980.000\r","component":"api","simulation_id":12,"stream":"stdout"}
{"time":"2026-06-08T12:39:34.5427591+08:00","level":"INFO","msg":"T = 2990.000\r","component":"api","simulation_id":12,"stream":"stdout"}
{"time":"2026-06-08T12:39:44.5386982+08:00","level":"INFO","msg":"T = 3000.000\r","component":"api","simulation_id":12,"stream":"stdout"}
{"time":"2026-06-08T12:39:54.5363762+08:00","level":"INFO","msg":"T = 3010.000\r","component":"api","simulation_id":12,"stream":"stdout"}
{"time":"2026-06-08T12:40:04.5368821+08:00","level":"INFO","msg":"T = 3020.000\r","component":"api","simulation_id":12,"stream":"stdout"}
{"time":"2026-06-08T12:40:14.536131+08:00","level":"INFO","msg":"T = 3030.000\r","component":"api","simulation_id":12,"stream":"stdout"}
{"time":"2026-06-08T12:40:24.5369823+08:00","level":"INFO","msg":"T = 3040.000\r","component":"api","simulation_id":12,"stream":"stdout"}
{"time":"2026-06-08T12:40:34.5451796+08:00","level":"INFO","msg":"T = 3050.000\r","component":"api","simulation_id":12,"stream":"stdout"}
{"time":"2026-06-08T12:40:44.5389616+08:00","level":"INFO","msg":"T = 3060.000\r","component":"api","simulation_id":12,"stream":"stdout"}
{"time":"2026-06-08T12:40:54.5369097+08:00","level":"INFO","msg":"T = 3070.000\r","component":"api","simulation_id":12,"stream":"stdout"}
{"time":"2026-06-08T12:41:04.5369203+08:00","level":"INFO","msg":"T = 3080.000\r","component":"api","simulation_id":12,"stream":"stdout"}
{"time":"2026-06-08T12:41:14.5445694+08:00","level":"INFO","msg":"T = 3090.000\r","component":"api","simulation_id":12,"stream":"stdout"}
{"time":"2026-06-08T12:41:24.5450839+08:00","level":"INFO","msg":"T = 3100.000\r","component":"api","simulation_id":12,"stream":"stdout"}
{"time":"2026-06-08T12:41:34.5418525+08:00","level":"INFO","msg":"T = 3110.000\r","component":"api","simulation_id":12,"stream":"stdout"}
{"time":"2026-06-08T12:41:44.5370609+08:00","level":"INFO","msg":"T = 3120.000\r","component":"api","simulation_id":12,"stream":"stdout"}
{"time":"2026-06-08T12:41:54.5394592+08:00","level":"INFO","msg":"T = 3130.000\r","component":"api","simulation_id":12,"stream":"stdout"}
{"time":"2026-06-08T12:42:04.539445+08:00","level":"INFO","msg":"T = 3140.000\r","component":"api","simulation_id":12,"stream":"stdout"}
{"time":"2026-06-08T12:42:14.5447093+08:00","level":"INFO","msg":"T = 3150.000\r","component":"api","simulation_id":12,"stream":"stdout"}
{"time":"2026-06-08T12:42:24.5418953+08:00","level":"INFO","msg":"T = 3160.000\r","component":"api","simulation_id":12,"stream":"stdout"}
{"time":"2026-06-08T12:42:34.5442342+08:00","level":"INFO","msg":"T = 3170.000\r","component":"api","simulation_id":12,"stream":"stdout"}
{"time":"2026-06-08T12:42:44.543697+08:00","level":"INFO","msg":"T = 3180.000\r","component":"api","simulation_id":12,"stream":"stdout"}
{"time":"2026-06-08T12:42:54.5369935+08:00","level":"INFO","msg":"T = 3190.000\r","component":"api","simulation_id":12,"stream":"stdout"}
{"time":"2026-06-08T12:43:04.536986+08:00","level":"INFO","msg":"T = 3200.000\r","component":"api","simulation_id":12,"stream":"stdout"}
{"time":"2026-06-08T12:43:14.5382076+08:00","level":"INFO","msg":"T = 3210.000\r","component":"api","simulation_id":12,"stream":"stdout"}
{"time":"2026-06-08T12:43:24.5405154+08:00","level":"INFO","msg":"T = 3220.000\r","component":"api","simulation_id":12,"stream":"stdout"}
{"time":"2026-06-08T12:43:34.5441341+08:00","level":"INFO","msg":"T = 3230.000\r","component":"api","simulation_id":12,"stream":"stdout"}
{"time":"2026-06-08T12:43:44.5362663+08:00","level":"INFO","msg":"T = 3240.000\r","component":"api","simulation_id":12,"stream":"stdout"}
{"time":"2026-06-08T12:43:54.5396254+08:00","level":"INFO","msg":"T = 3250.000\r","component":"api","simulation_id":12,"stream":"stdout"}
{"time":"2026-06-08T12:44:04.5460523+08:00","level":"INFO","msg":"T = 3260.000\r","component":"api","simulation_id":12,"stream":"stdout"}
{"time":"2026-06-08T12:44:14.5376932+08:00","level":"INFO","msg":"T = 3270.000\r","component":"api","simulation_id":12,"stream":"stdout"}
{"time":"2026-06-08T12:44:24.5369903+08:00","level":"INFO","msg":"T = 3280.000\r","component":"api","simulation_id":12,"stream":"stdout"}
{"time":"2026-06-08T12:44:34.5369831+08:00","level":"INFO","msg":"T = 3290.000\r","component":"api","simulation_id":12,"stream":"stdout"}
{"time":"2026-06-08T12:44:44.5460598+08:00","level":"INFO","msg":"T = 3300.000\r","component":"api","simulation_id":12,"stream":"stdout"}
{"time":"2026-06-08T12:44:54.5426461+08:00","level":"INFO","msg":"T = 3310.000\r","component":"api","simulation_id":12,"stream":"stdout"}
{"time":"2026-06-08T12:45:04.5363934+08:00","level":"INFO","msg":"T = 3320.000\r","component":"api","simulation_id":12,"stream":"stdout"}
{"time":"2026-06-08T12:45:14.5470967+08:00","level":"INFO","msg":"T = 3330.000\r","component":"api","simulation_id":12,"stream":"stdout"}
{"time":"2026-06-08T12:45:24.5414965+08:00","level":"INFO","msg":"T = 3340.000\r","component":"api","simulation_id":12,"stream":"stdout"}
{"time":"2026-06-08T12:45:34.5463676+08:00","level":"INFO","msg":"T = 3350.000\r","component":"api","simulation_id":12,"stream":"stdout"}
{"time":"2026-06-08T12:45:44.5474831+08:00","level":"INFO","msg":"T = 3360.000\r","component":"api","simulation_id":12,"stream":"stdout"}
{"time":"2026-06-08T12:45:54.5469023+08:00","level":"INFO","msg":"T = 3370.000\r","component":"api","simulation_id":12,"stream":"stdout"}
{"time":"2026-06-08T12:46:04.5396102+08:00","level":"INFO","msg":"T = 3380.000\r","component":"api","simulation_id":12,"stream":"stdout"}
{"time":"2026-06-08T12:46:14.541704+08:00","level":"INFO","msg":"T = 3390.000\r","component":"api","simulation_id":12,"stream":"stdout"}
{"time":"2026-06-08T12:46:24.5432104+08:00","level":"INFO","msg":"T = 3400.000\r","component":"api","simulation_id":12,"stream":"stdout"}
{"time":"2026-06-08T12:46:34.5440796+08:00","level":"INFO","msg":"T = 3410.000\r","component":"api","simulation_id":12,"stream":"stdout"}
{"time":"2026-06-08T12:46:44.538728+08:00","level":"INFO","msg":"T = 3420.000\r","component":"api","simulation_id":12,"stream":"stdout"}
{"time":"2026-06-08T12:46:54.5381219+08:00","level":"INFO","msg":"T = 3430.000\r","component":"api","simulation_id":12,"stream":"stdout"}
{"time":"2026-06-08T12:47:04.5443846+08:00","level":"INFO","msg":"T = 3440.000\r","component":"api","simulation_id":12,"stream":"stdout"}
{"time":"2026-06-08T12:47:14.5452463+08:00","level":"INFO","msg":"T = 3450.000\r","component":"api","simulation_id":12,"stream":"stdout"}
{"time":"2026-06-08T12:47:24.5393295+08:00","level":"INFO","msg":"T = 3460.000\r","component":"api","simulation_id":12,"stream":"stdout"}
{"time":"2026-06-08T12:47:34.5468663+08:00","level":"INFO","msg":"T = 3470.000\r","component":"api","simulation_id":12,"stream":"stdout"}
{"time":"2026-06-08T12:47:44.5413234+08:00","level":"INFO","msg":"T = 3480.000\r","component":"api","simulation_id":12,"stream":"stdout"}
{"time":"2026-06-08T12:47:54.5364937+08:00","level":"INFO","msg":"T = 3490.000\r","component":"api","simulation_id":12,"stream":"stdout"}
{"time":"2026-06-08T12:48:04.5421485+08:00","level":"INFO","msg":"T = 3500.000\r","component":"api","simulation_id":12,"stream":"stdout"}
{"time":"2026-06-08T12:48:14.5369647+08:00","level":"INFO","msg":"T = 3510.000\r","component":"api","simulation_id":12,"stream":"stdout"}
{"time":"2026-06-08T12:48:24.5424226+08:00","level":"INFO","msg":"T = 3520.000\r","component":"api","simulation_id":12,"stream":"stdout"}
{"time":"2026-06-08T12:48:34.5440832+08:00","level":"INFO","msg":"T = 3530.000\r","component":"api","simulation_id":12,"stream":"stdout"}
{"time":"2026-06-08T12:48:44.5360435+08:00","level":"INFO","msg":"T = 3540.000\r","component":"api","simulation_id":12,"stream":"stdout"}
{"time":"2026-06-08T12:48:54.5453769+08:00","level":"INFO","msg":"T = 3550.000\r","component":"api","simulation_id":12,"stream":"stdout"}
{"time":"2026-06-08T12:49:04.538733+08:00","level":"INFO","msg":"T = 3560.000\r","component":"api","simulation_id":12,"stream":"stdout"}
{"time":"2026-06-08T12:49:14.5469777+08:00","level":"INFO","msg":"T = 3570.000\r","component":"api","simulation_id":12,"stream":"stdout"}
{"time":"2026-06-08T12:49:24.5446501+08:00","level":"INFO","msg":"T = 3580.000\r","component":"api","simulation_id":12,"stream":"stdout"}
{"time":"2026-06-08T12:49:34.5379544+08:00","level":"INFO","msg":"T = 3590.000\r","component":"api","simulation_id":12,"stream":"stdout"}
{"time":"2026-06-08T12:49:44.5364901+08:00","level":"INFO","msg":"T = 3600.000\r","component":"api","simulation_id":12,"stream":"stdout"}
{"time":"2026-06-08T12:49:54.5399766+08:00","level":"INFO","msg":"T = 3610.000\r","component":"api","simulation_id":12,"stream":"stdout"}
{"time":"2026-06-08T12:50:04.5390906+08:00","level":"INFO","msg":"T = 3620.000\r","component":"api","simulation_id":12,"stream":"stdout"}
{"time":"2026-06-08T12:50:14.5370433+08:00","level":"INFO","msg":"T = 3630.000\r","component":"api","simulation_id":12,"stream":"stdout"}
{"time":"2026-06-08T12:50:24.5389464+08:00","level":"INFO","msg":"T = 3640.000\r","component":"api","simulation_id":12,"stream":"stdout"}
{"time":"2026-06-08T12:50:34.5369732+08:00","level":"INFO","msg":"T = 3650.000\r","component":"api","simulation_id":12,"stream":"stdout"}
{"time":"2026-06-08T12:50:44.5361465+08:00","level":"INFO","msg":"T = 3660.000\r","component":"api","simulation_id":12,"stream":"stdout"}
{"time":"2026-06-08T12:50:54.5447187+08:00","level":"INFO","msg":"T = 3670.000\r","component":"api","simulation_id":12,"stream":"stdout"}
{"time":"2026-06-08T12:51:04.536499+08:00","level":"INFO","msg":"T = 3680.000\r","component":"api","simulation_id":12,"stream":"stdout"}
{"time":"2026-06-08T12:51:14.5464613+08:00","level":"INFO","msg":"T = 3690.000\r","component":"api","simulation_id":12,"stream":"stdout"}
{"time":"2026-06-08T12:51:24.5406697+08:00","level":"INFO","msg":"T = 3700.000\r","component":"api","simulation_id":12,"stream":"stdout"}
{"time":"2026-06-08T12:51:34.5389364+08:00","level":"INFO","msg":"T = 3710.000\r","component":"api","simulation_id":12,"stream":"stdout"}
{"time":"2026-06-08T12:51:44.5364535+08:00","level":"INFO","msg":"T = 3720.000\r","component":"api","simulation_id":12,"stream":"stdout"}
{"time":"2026-06-08T12:51:54.5409209+08:00","level":"INFO","msg":"T = 3730.000\r","component":"api","simulation_id":12,"stream":"stdout"}
{"time":"2026-06-08T12:52:04.5436139+08:00","level":"INFO","msg":"T = 3740.000\r","component":"api","simulation_id":12,"stream":"stdout"}
{"time":"2026-06-08T12:52:14.5444042+08:00","level":"INFO","msg":"T = 3750.000\r","component":"api","simulation_id":12,"stream":"stdout"}
{"time":"2026-06-08T12:52:24.5381863+08:00","level":"INFO","msg":"T = 3760.000\r","component":"api","simulation_id":12,"stream":"stdout"}
{"time":"2026-06-08T12:52:34.5410136+08:00","level":"INFO","msg":"T = 3770.000\r","component":"api","simulation_id":12,"stream":"stdout"}
{"time":"2026-06-08T12:52:44.5444699+08:00","level":"INFO","msg":"T = 3780.000\r","component":"api","simulation_id":12,"stream":"stdout"}
{"time":"2026-06-08T12:52:54.5369522+08:00","level":"INFO","msg":"T = 3790.000\r","component":"api","simulation_id":12,"stream":"stdout"}
{"time":"2026-06-08T12:53:04.5439172+08:00","level":"INFO","msg":"T = 3800.000\r","component":"api","simulation_id":12,"stream":"stdout"}
{"time":"2026-06-08T12:53:14.5367233+08:00","level":"INFO","msg":"T = 3810.000\r","component":"api","simulation_id":12,"stream":"stdout"}
{"time":"2026-06-08T12:53:24.5407756+08:00","level":"INFO","msg":"T = 3820.000\r","component":"api","simulation_id":12,"stream":"stdout"}
{"time":"2026-06-08T12:53:34.5435776+08:00","level":"INFO","msg":"T = 3830.000\r","component":"api","simulation_id":12,"stream":"stdout"}
{"time":"2026-06-08T12:53:44.5387476+08:00","level":"INFO","msg":"T = 3840.000\r","component":"api","simulation_id":12,"stream":"stdout"}
{"time":"2026-06-08T12:53:54.5366325+08:00","level":"INFO","msg":"T = 3850.000\r","component":"api","simulation_id":12,"stream":"stdout"}
{"time":"2026-06-08T12:54:04.5368661+08:00","level":"INFO","msg":"T = 3860.000\r","component":"api","simulation_id":12,"stream":"stdout"}
{"time":"2026-06-08T12:54:14.5452033+08:00","level":"INFO","msg":"T = 3870.000\r","component":"api","simulation_id":12,"stream":"stdout"}
{"time":"2026-06-08T12:54:24.5406617+08:00","level":"INFO","msg":"T = 3880.000\r","component":"api","simulation_id":12,"stream":"stdout"}
{"time":"2026-06-08T12:54:34.5383465+08:00","level":"INFO","msg":"T = 3890.000\r","component":"api","simulation_id":12,"stream":"stdout"}
{"time":"2026-06-08T12:54:44.5440912+08:00","level":"INFO","msg":"T = 3900.000\r","component":"api","simulation_id":12,"stream":"stdout"}
{"time":"2026-06-08T12:54:54.5395945+08:00","level":"INFO","msg":"T = 3910.000\r","component":"api","simulation_id":12,"stream":"stdout"}
{"time":"2026-06-08T12:55:04.5444502+08:00","level":"INFO","msg":"T = 3920.000\r","component":"api","simulation_id":12,"stream":"stdout"}
{"time":"2026-06-08T12:55:14.5434273+08:00","level":"INFO","msg":"T = 3930.000\r","component":"api","simulation_id":12,"stream":"stdout"}
{"time":"2026-06-08T12:55:24.5436468+08:00","level":"INFO","msg":"T = 3940.000\r","component":"api","simulation_id":12,"stream":"stdout"}
{"time":"2026-06-08T12:55:34.5468138+08:00","level":"INFO","msg":"T = 3950.000\r","component":"api","simulation_id":12,"stream":"stdout"}
{"time":"2026-06-08T12:55:44.5364692+08:00","level":"INFO","msg":"T = 3960.000\r","component":"api","simulation_id":12,"stream":"stdout"}
{"time":"2026-06-08T12:55:54.5370911+08:00","level":"INFO","msg":"T = 3970.000\r","component":"api","simulation_id":12,"stream":"stdout"}
{"time":"2026-06-08T12:56:04.5384706+08:00","level":"INFO","msg":"T = 3980.000\r","component":"api","simulation_id":12,"stream":"stdout"}
{"time":"2026-06-08T12:56:14.5365314+08:00","level":"INFO","msg":"T = 3990.000\r","component":"api","simulation_id":12,"stream":"stdout"}
{"time":"2026-06-08T12:56:24.5369954+08:00","level":"INFO","msg":"T = 4000.000\r","component":"api","simulation_id":12,"stream":"stdout"}
{"time":"2026-06-08T12:56:34.5423685+08:00","level":"INFO","msg":"T = 4010.000\r","component":"api","simulation_id":12,"stream":"stdout"}
{"time":"2026-06-08T12:56:44.5370769+08:00","level":"INFO","msg":"T = 4020.000\r","component":"api","simulation_id":12,"stream":"stdout"}
{"time":"2026-06-08T12:56:54.5469809+08:00","level":"INFO","msg":"T = 4030.000\r","component":"api","simulation_id":12,"stream":"stdout"}
{"time":"2026-06-08T12:57:04.5453033+08:00","level":"INFO","msg":"T = 4040.000\r","component":"api","simulation_id":12,"stream":"stdout"}
{"time":"2026-06-08T12:57:14.5364425+08:00","level":"INFO","msg":"T = 4050.000\r","component":"api","simulation_id":12,"stream":"stdout"}
{"time":"2026-06-08T12:57:24.5474439+08:00","level":"INFO","msg":"T = 4060.000\r","component":"api","simulation_id":12,"stream":"stdout"}
{"time":"2026-06-08T12:57:34.5375354+08:00","level":"INFO","msg":"T = 4070.000\r","component":"api","simulation_id":12,"stream":"stdout"}
{"time":"2026-06-08T12:57:44.5382615+08:00","level":"INFO","msg":"T = 4080.000\r","component":"api","simulation_id":12,"stream":"stdout"}
{"time":"2026-06-08T12:57:54.5436891+08:00","level":"INFO","msg":"T = 4090.000\r","component":"api","simulation_id":12,"stream":"stdout"}
{"time":"2026-06-08T12:58:04.5369348+08:00","level":"INFO","msg":"T = 4100.000\r","component":"api","simulation_id":12,"stream":"stdout"}
{"time":"2026-06-08T12:58:14.5381701+08:00","level":"INFO","msg":"T = 4110.000\r","component":"api","simulation_id":12,"stream":"stdout"}
{"time":"2026-06-08T12:58:24.5371159+08:00","level":"INFO","msg":"T = 4120.000\r","component":"api","simulation_id":12,"stream":"stdout"}
{"time":"2026-06-08T12:58:34.5370875+08:00","level":"INFO","msg":"T = 4130.000\r","component":"api","simulation_id":12,"stream":"stdout"}
{"time":"2026-06-08T12:58:44.5369467+08:00","level":"INFO","msg":"T = 4140.000\r","component":"api","simulation_id":12,"stream":"stdout"}
{"time":"2026-06-08T12:58:54.5423607+08:00","level":"INFO","msg":"T = 4150.000\r","component":"api","simulation_id":12,"stream":"stdout"}
{"time":"2026-06-08T12:59:04.5390969+08:00","level":"INFO","msg":"T = 4160.000\r","component":"api","simulation_id":12,"stream":"stdout"}
{"time":"2026-06-08T12:59:14.5386405+08:00","level":"INFO","msg":"T = 4170.000\r","component":"api","simulation_id":12,"stream":"stdout"}
{"time":"2026-06-08T12:59:24.5435009+08:00","level":"INFO","msg":"T = 4180.000\r","component":"api","simulation_id":12,"stream":"stdout"}
{"time":"2026-06-08T12:59:34.536194+08:00","level":"INFO","msg":"T = 4190.000\r","component":"api","simulation_id":12,"stream":"stdout"}
{"time":"2026-06-08T12:59:44.5457004+08:00","level":"INFO","msg":"T = 4200.000\r","component":"api","simulation_id":12,"stream":"stdout"}
{"time":"2026-06-08T12:59:54.5443302+08:00","level":"INFO","msg":"T = 4210.000\r","component":"api","simulation_id":12,"stream":"stdout"}
{"time":"2026-06-08T13:00:04.5373678+08:00","level":"INFO","msg":"T = 4220.000\r","component":"api","simulation_id":12,"stream":"stdout"}
{"time":"2026-06-08T13:00:14.544953+08:00","level":"INFO","msg":"T = 4230.000\r","component":"api","simulation_id":12,"stream":"stdout"}
{"time":"2026-06-08T13:00:24.5445316+08:00","level":"INFO","msg":"T = 4240.000\r","component":"api","simulation_id":12,"stream":"stdout"}
{"time":"2026-06-08T13:00:34.536922+08:00","level":"INFO","msg":"T = 4250.000\r","component":"api","simulation_id":12,"stream":"stdout"}
{"time":"2026-06-08T13:00:44.5449703+08:00","level":"INFO","msg":"T = 4260.000\r","component":"api","simulation_id":12,"stream":"stdout"}
{"time":"2026-06-08T13:00:54.5458782+08:00","level":"INFO","msg":"T = 4270.000\r","component":"api","simulation_id":12,"stream":"stdout"}
{"time":"2026-06-08T13:01:04.5364497+08:00","level":"INFO","msg":"T = 4280.000\r","component":"api","simulation_id":12,"stream":"stdout"}
{"time":"2026-06-08T13:01:14.5423292+08:00","level":"INFO","msg":"T = 4290.000\r","component":"api","simulation_id":12,"stream":"stdout"}
{"time":"2026-06-08T13:01:24.5478807+08:00","level":"INFO","msg":"T = 4300.000\r","component":"api","simulation_id":12,"stream":"stdout"}
{"time":"2026-06-08T13:01:34.5362894+08:00","level":"INFO","msg":"T = 4310.000\r","component":"api","simulation_id":12,"stream":"stdout"}
{"time":"2026-06-08T13:01:44.5370192+08:00","level":"INFO","msg":"T = 4320.000\r","component":"api","simulation_id":12,"stream":"stdout"}
{"time":"2026-06-08T13:01:54.5432723+08:00","level":"INFO","msg":"T = 4330.000\r","component":"api","simulation_id":12,"stream":"stdout"}
{"time":"2026-06-08T13:02:04.5397995+08:00","level":"INFO","msg":"T = 4340.000\r","component":"api","simulation_id":12,"stream":"stdout"}
{"time":"2026-06-08T13:02:14.5414747+08:00","level":"INFO","msg":"T = 4350.000\r","component":"api","simulation_id":12,"stream":"stdout"}
{"time":"2026-06-08T13:02:24.5451628+08:00","level":"INFO","msg":"T = 4360.000\r","component":"api","simulation_id":12,"stream":"stdout"}
{"time":"2026-06-08T13:02:34.5360632+08:00","level":"INFO","msg":"T = 4370.000\r","component":"api","simulation_id":12,"stream":"stdout"}
{"time":"2026-06-08T13:02:44.5381477+08:00","level":"INFO","msg":"T = 4380.000\r","component":"api","simulation_id":12,"stream":"stdout"}
{"time":"2026-06-08T13:02:54.5462936+08:00","level":"INFO","msg":"T = 4390.000\r","component":"api","simulation_id":12,"stream":"stdout"}
{"time":"2026-06-08T13:03:04.536601+08:00","level":"INFO","msg":"T = 4400.000\r","component":"api","simulation_id":12,"stream":"stdout"}
{"time":"2026-06-08T13:03:14.5361868+08:00","level":"INFO","msg":"T = 4410.000\r","component":"api","simulation_id":12,"stream":"stdout"}
{"time":"2026-06-08T13:03:24.5419022+08:00","level":"INFO","msg":"T = 4420.000\r","component":"api","simulation_id":12,"stream":"stdout"}
{"time":"2026-06-08T13:03:34.5365283+08:00","level":"INFO","msg":"T = 4430.000\r","component":"api","simulation_id":12,"stream":"stdout"}
{"time":"2026-06-08T13:03:44.5454041+08:00","level":"INFO","msg":"T = 4440.000\r","component":"api","simulation_id":12,"stream":"stdout"}
{"time":"2026-06-08T13:03:54.5369674+08:00","level":"INFO","msg":"T = 4450.000\r","component":"api","simulation_id":12,"stream":"stdout"}
{"time":"2026-06-08T13:04:04.5369531+08:00","level":"INFO","msg":"T = 4460.000\r","component":"api","simulation_id":12,"stream":"stdout"}
{"time":"2026-06-08T13:04:14.5406165+08:00","level":"INFO","msg":"T = 4470.000\r","component":"api","simulation_id":12,"stream":"stdout"}
{"time":"2026-06-08T13:04:24.5454589+08:00","level":"INFO","msg":"T = 4480.000\r","component":"api","simulation_id":12,"stream":"stdout"}
{"time":"2026-06-08T13:04:34.5441068+08:00","level":"INFO","msg":"T = 4490.000\r","component":"api","simulation_id":12,"stream":"stdout"}
{"time":"2026-06-08T13:04:44.538996+08:00","level":"INFO","msg":"T = 4500.000\r","component":"api","simulation_id":12,"stream":"stdout"}
{"time":"2026-06-08T13:04:54.5395492+08:00","level":"INFO","msg":"T = 4510.000\r","component":"api","simulation_id":12,"stream":"stdout"}
{"time":"2026-06-08T13:05:04.536127+08:00","level":"INFO","msg":"T = 4520.000\r","component":"api","simulation_id":12,"stream":"stdout"}
{"time":"2026-06-08T13:05:14.5364153+08:00","level":"INFO","msg":"T = 4530.000\r","component":"api","simulation_id":12,"stream":"stdout"}
{"time":"2026-06-08T13:05:24.5360145+08:00","level":"INFO","msg":"T = 4540.000\r","component":"api","simulation_id":12,"stream":"stdout"}
{"time":"2026-06-08T13:05:34.5362331+08:00","level":"INFO","msg":"T = 4550.000\r","component":"api","simulation_id":12,"stream":"stdout"}
{"time":"2026-06-08T13:05:44.5370138+08:00","level":"INFO","msg":"T = 4560.000\r","component":"api","simulation_id":12,"stream":"stdout"}
{"time":"2026-06-08T13:05:54.5464714+08:00","level":"INFO","msg":"T = 4570.000\r","component":"api","simulation_id":12,"stream":"stdout"}
{"time":"2026-06-08T13:06:04.5403442+08:00","level":"INFO","msg":"T = 4580.000\r","component":"api","simulation_id":12,"stream":"stdout"}
{"time":"2026-06-08T13:06:14.5361269+08:00","level":"INFO","msg":"T = 4590.000\r","component":"api","simulation_id":12,"stream":"stdout"}
{"time":"2026-06-08T13:06:24.5443667+08:00","level":"INFO","msg":"T = 4600.000\r","component":"api","simulation_id":12,"stream":"stdout"}
{"time":"2026-06-08T13:06:34.5360947+08:00","level":"INFO","msg":"T = 4610.000\r","component":"api","simulation_id":12,"stream":"stdout"}
{"time":"2026-06-08T13:06:44.5420759+08:00","level":"INFO","msg":"T = 4620.000\r","component":"api","simulation_id":12,"stream":"stdout"}
{"time":"2026-06-08T13:06:54.5446972+08:00","level":"INFO","msg":"T = 4630.000\r","component":"api","simulation_id":12,"stream":"stdout"}
{"time":"2026-06-08T13:07:04.5369835+08:00","level":"INFO","msg":"T = 4640.000\r","component":"api","simulation_id":12,"stream":"stdout"}
{"time":"2026-06-08T13:07:14.5368875+08:00","level":"INFO","msg":"T = 4650.000\r","component":"api","simulation_id":12,"stream":"stdout"}
{"time":"2026-06-08T13:07:24.5406441+08:00","level":"INFO","msg":"T = 4660.000\r","component":"api","simulation_id":12,"stream":"stdout"}
{"time":"2026-06-08T13:07:34.5380604+08:00","level":"INFO","msg":"T = 4670.000\r","component":"api","simulation_id":12,"stream":"stdout"}
{"time":"2026-06-08T13:07:44.536914+08:00","level":"INFO","msg":"T = 4680.000\r","component":"api","simulation_id":12,"stream":"stdout"}
{"time":"2026-06-08T13:07:54.5474006+08:00","level":"INFO","msg":"T = 4690.000\r","component":"api","simulation_id":12,"stream":"stdout"}
{"time":"2026-06-08T13:08:04.5365036+08:00","level":"INFO","msg":"T = 4700.000\r","component":"api","simulation_id":12,"stream":"stdout"}
{"time":"2026-06-08T13:08:14.5472307+08:00","level":"INFO","msg":"T = 4710.000\r","component":"api","simulation_id":12,"stream":"stdout"}
{"time":"2026-06-08T13:08:24.5396092+08:00","level":"INFO","msg":"T = 4720.000\r","component":"api","simulation_id":12,"stream":"stdout"}
{"time":"2026-06-08T13:08:34.5432241+08:00","level":"INFO","msg":"T = 4730.000\r","component":"api","simulation_id":12,"stream":"stdout"}
{"time":"2026-06-08T13:08:44.5369752+08:00","level":"INFO","msg":"T = 4740.000\r","component":"api","simulation_id":12,"stream":"stdout"}
{"time":"2026-06-08T13:08:54.5424816+08:00","level":"INFO","msg":"T = 4750.000\r","component":"api","simulation_id":12,"stream":"stdout"}
{"time":"2026-06-08T13:09:04.5438244+08:00","level":"INFO","msg":"T = 4760.000\r","component":"api","simulation_id":12,"stream":"stdout"}
{"time":"2026-06-08T13:09:14.5444326+08:00","level":"INFO","msg":"T = 4770.000\r","component":"api","simulation_id":12,"stream":"stdout"}
{"time":"2026-06-08T13:09:24.5384736+08:00","level":"INFO","msg":"T = 4780.000\r","component":"api","simulation_id":12,"stream":"stdout"}
{"time":"2026-06-08T13:09:34.5369805+08:00","level":"INFO","msg":"T = 4790.000\r","component":"api","simulation_id":12,"stream":"stdout"}
{"time":"2026-06-08T13:09:44.5472148+08:00","level":"INFO","msg":"T = 4800.000\r","component":"api","simulation_id":12,"stream":"stdout"}
{"time":"2026-06-08T13:09:54.5419428+08:00","level":"INFO","msg":"T = 4810.000\r","component":"api","simulation_id":12,"stream":"stdout"}
{"time":"2026-06-08T13:10:04.5439715+08:00","level":"INFO","msg":"T = 4820.000\r","component":"api","simulation_id":12,"stream":"stdout"}
{"time":"2026-06-08T13:10:14.5456366+08:00","level":"INFO","msg":"T = 4830.000\r","component":"api","simulation_id":12,"stream":"stdout"}
{"time":"2026-06-08T13:10:24.5369724+08:00","level":"INFO","msg":"T = 4840.000\r","component":"api","simulation_id":12,"stream":"stdout"}
{"time":"2026-06-08T13:10:34.5451588+08:00","level":"INFO","msg":"T = 4850.000\r","component":"api","simulation_id":12,"stream":"stdout"}
{"time":"2026-06-08T13:10:44.5389651+08:00","level":"INFO","msg":"T = 4860.000\r","component":"api","simulation_id":12,"stream":"stdout"}
{"time":"2026-06-08T13:10:54.5399178+08:00","level":"INFO","msg":"T = 4870.000\r","component":"api","simulation_id":12,"stream":"stdout"}
{"time":"2026-06-08T13:11:04.5421897+08:00","level":"INFO","msg":"T = 4880.000\r","component":"api","simulation_id":12,"stream":"stdout"}
{"time":"2026-06-08T13:11:14.547314+08:00","level":"INFO","msg":"T = 4890.000\r","component":"api","simulation_id":12,"stream":"stdout"}
{"time":"2026-06-08T13:11:24.5431946+08:00","level":"INFO","msg":"T = 4900.000\r","component":"api","simulation_id":12,"stream":"stdout"}
{"time":"2026-06-08T13:11:34.542255+08:00","level":"INFO","msg":"T = 4910.000\r","component":"api","simulation_id":12,"stream":"stdout"}
{"time":"2026-06-08T13:11:44.5395604+08:00","level":"INFO","msg":"T = 4920.000\r","component":"api","simulation_id":12,"stream":"stdout"}
{"time":"2026-06-08T13:11:54.546062+08:00","level":"INFO","msg":"T = 4930.000\r","component":"api","simulation_id":12,"stream":"stdout"}
{"time":"2026-06-08T13:12:04.5371139+08:00","level":"INFO","msg":"T = 4940.000\r","component":"api","simulation_id":12,"stream":"stdout"}
{"time":"2026-06-08T13:12:14.5415076+08:00","level":"INFO","msg":"T = 4950.000\r","component":"api","simulation_id":12,"stream":"stdout"}
{"time":"2026-06-08T13:12:24.5367553+08:00","level":"INFO","msg":"T = 4960.000\r","component":"api","simulation_id":12,"stream":"stdout"}
{"time":"2026-06-08T13:12:34.5374304+08:00","level":"INFO","msg":"T = 4970.000\r","component":"api","simulation_id":12,"stream":"stdout"}
{"time":"2026-06-08T13:12:44.5470024+08:00","level":"INFO","msg":"T = 4980.000\r","component":"api","simulation_id":12,"stream":"stdout"}
{"time":"2026-06-08T13:12:54.5369538+08:00","level":"INFO","msg":"T = 4990.000\r","component":"api","simulation_id":12,"stream":"stdout"}
{"time":"2026-06-08T13:13:04.5465747+08:00","level":"INFO","msg":"T = 5000.000\r","component":"api","simulation_id":12,"stream":"stdout"}
{"time":"2026-06-08T13:13:14.5368967+08:00","level":"INFO","msg":"T = 5010.000\r","component":"api","simulation_id":12,"stream":"stdout"}
{"time":"2026-06-08T13:13:24.5393268+08:00","level":"INFO","msg":"T = 5020.000\r","component":"api","simulation_id":12,"stream":"stdout"}
{"time":"2026-06-08T13:13:34.5360716+08:00","level":"INFO","msg":"T = 5030.000\r","component":"api","simulation_id":12,"stream":"stdout"}
{"time":"2026-06-08T13:13:44.5460568+08:00","level":"INFO","msg":"T = 5040.000\r","component":"api","simulation_id":12,"stream":"stdout"}
{"time":"2026-06-08T13:13:54.5378032+08:00","level":"INFO","msg":"T = 5050.000\r","component":"api","simulation_id":12,"stream":"stdout"}
{"time":"2026-06-08T13:14:04.5448996+08:00","level":"INFO","msg":"T = 5060.000\r","component":"api","simulation_id":12,"stream":"stdout"}
{"time":"2026-06-08T13:14:14.541998+08:00","level":"INFO","msg":"T = 5070.000\r","component":"api","simulation_id":12,"stream":"stdout"}
{"time":"2026-06-08T13:14:24.5361884+08:00","level":"INFO","msg":"T = 5080.000\r","component":"api","simulation_id":12,"stream":"stdout"}
{"time":"2026-06-08T13:14:34.5428882+08:00","level":"INFO","msg":"T = 5090.000\r","component":"api","simulation_id":12,"stream":"stdout"}
{"time":"2026-06-08T13:14:44.5369211+08:00","level":"INFO","msg":"T = 5100.000\r","component":"api","simulation_id":12,"stream":"stdout"}
{"time":"2026-06-08T13:14:54.5410489+08:00","level":"INFO","msg":"T = 5110.000\r","component":"api","simulation_id":12,"stream":"stdout"}
{"time":"2026-06-08T13:15:04.5427603+08:00","level":"INFO","msg":"T = 5120.000\r","component":"api","simulation_id":12,"stream":"stdout"}
{"time":"2026-06-08T13:15:14.5437812+08:00","level":"INFO","msg":"T = 5130.000\r","component":"api","simulation_id":12,"stream":"stdout"}
{"time":"2026-06-08T13:15:24.5362468+08:00","level":"INFO","msg":"T = 5140.000\r","component":"api","simulation_id":12,"stream":"stdout"}
{"time":"2026-06-08T13:15:34.5452256+08:00","level":"INFO","msg":"T = 5150.000\r","component":"api","simulation_id":12,"stream":"stdout"}
{"time":"2026-06-08T13:15:44.5369536+08:00","level":"INFO","msg":"T = 5160.000\r","component":"api","simulation_id":12,"stream":"stdout"}
{"time":"2026-06-08T13:15:54.5371175+08:00","level":"INFO","msg":"T = 5170.000\r","component":"api","simulation_id":12,"stream":"stdout"}
{"time":"2026-06-08T13:16:04.5361384+08:00","level":"INFO","msg":"T = 5180.000\r","component":"api","simulation_id":12,"stream":"stdout"}
{"time":"2026-06-08T13:16:14.5369021+08:00","level":"INFO","msg":"T = 5190.000\r","component":"api","simulation_id":12,"stream":"stdout"}
{"time":"2026-06-08T13:16:24.5386224+08:00","level":"INFO","msg":"T = 5200.000\r","component":"api","simulation_id":12,"stream":"stdout"}
{"time":"2026-06-08T13:16:34.5413607+08:00","level":"INFO","msg":"T = 5210.000\r","component":"api","simulation_id":12,"stream":"stdout"}
{"time":"2026-06-08T13:16:44.53972+08:00","level":"INFO","msg":"T = 5220.000\r","component":"api","simulation_id":12,"stream":"stdout"}
{"time":"2026-06-08T13:16:54.5408109+08:00","level":"INFO","msg":"T = 5230.000\r","component":"api","simulation_id":12,"stream":"stdout"}
{"time":"2026-06-08T13:17:04.5422218+08:00","level":"INFO","msg":"T = 5240.000\r","component":"api","simulation_id":12,"stream":"stdout"}
{"time":"2026-06-08T13:17:14.5447774+08:00","level":"INFO","msg":"T = 5250.000\r","component":"api","simulation_id":12,"stream":"stdout"}
{"time":"2026-06-08T13:17:24.5393548+08:00","level":"INFO","msg":"T = 5260.000\r","component":"api","simulation_id":12,"stream":"stdout"}
{"time":"2026-06-08T13:17:34.5444507+08:00","level":"INFO","msg":"T = 5270.000\r","component":"api","simulation_id":12,"stream":"stdout"}
{"time":"2026-06-08T13:17:44.5404666+08:00","level":"INFO","msg":"T = 5280.000\r","component":"api","simulation_id":12,"stream":"stdout"}
{"time":"2026-06-08T13:17:54.546471+08:00","level":"INFO","msg":"T = 5290.000\r","component":"api","simulation_id":12,"stream":"stdout"}
{"time":"2026-06-08T13:18:04.5364388+08:00","level":"INFO","msg":"T = 5300.000\r","component":"api","simulation_id":12,"stream":"stdout"}
{"time":"2026-06-08T13:18:14.5364186+08:00","level":"INFO","msg":"T = 5310.000\r","component":"api","simulation_id":12,"stream":"stdout"}
{"time":"2026-06-08T13:18:24.5436112+08:00","level":"INFO","msg":"T = 5320.000\r","component":"api","simulation_id":12,"stream":"stdout"}
{"time":"2026-06-08T13:18:34.540412+08:00","level":"INFO","msg":"T = 5330.000\r","component":"api","simulation_id":12,"stream":"stdout"}
{"time":"2026-06-08T13:18:44.5400945+08:00","level":"INFO","msg":"T = 5340.000\r","component":"api","simulation_id":12,"stream":"stdout"}
{"time":"2026-06-08T13:18:54.540039+08:00","level":"INFO","msg":"T = 5350.000\r","component":"api","simulation_id":12,"stream":"stdout"}
{"time":"2026-06-08T13:19:04.5401738+08:00","level":"INFO","msg":"T = 5360.000\r","component":"api","simulation_id":12,"stream":"stdout"}
{"time":"2026-06-08T13:19:14.5452706+08:00","level":"INFO","msg":"T = 5370.000\r","component":"api","simulation_id":12,"stream":"stdout"}
{"time":"2026-06-08T13:19:24.5360638+08:00","level":"INFO","msg":"T = 5380.000\r","component":"api","simulation_id":12,"stream":"stdout"}
{"time":"2026-06-08T13:19:34.5371421+08:00","level":"INFO","msg":"T = 5390.000\r","component":"api","simulation_id":12,"stream":"stdout"}
{"time":"2026-06-08T13:19:44.5414445+08:00","level":"INFO","msg":"T = 5400.000\r","component":"api","simulation_id":12,"stream":"stdout"}
{"time":"2026-06-08T13:19:54.5401999+08:00","level":"INFO","msg":"T = 5410.000\r","component":"api","simulation_id":12,"stream":"stdout"}
{"time":"2026-06-08T13:20:04.546928+08:00","level":"INFO","msg":"T = 5420.000\r","component":"api","simulation_id":12,"stream":"stdout"}
{"time":"2026-06-08T13:20:14.5369721+08:00","level":"INFO","msg":"T = 5430.000\r","component":"api","simulation_id":12,"stream":"stdout"}
{"time":"2026-06-08T13:20:24.5465985+08:00","level":"INFO","msg":"T = 5440.000\r","component":"api","simulation_id":12,"stream":"stdout"}
{"time":"2026-06-08T13:20:34.5377662+08:00","level":"INFO","msg":"T = 5450.000\r","component":"api","simulation_id":12,"stream":"stdout"}
{"time":"2026-06-08T13:20:44.5397809+08:00","level":"INFO","msg":"T = 5460.000\r","component":"api","simulation_id":12,"stream":"stdout"}
{"time":"2026-06-08T13:20:54.5444533+08:00","level":"INFO","msg":"T = 5470.000\r","component":"api","simulation_id":12,"stream":"stdout"}
{"time":"2026-06-08T13:21:04.5423162+08:00","level":"INFO","msg":"T = 5480.000\r","component":"api","simulation_id":12,"stream":"stdout"}
{"time":"2026-06-08T13:21:14.5396621+08:00","level":"INFO","msg":"T = 5490.000\r","component":"api","simulation_id":12,"stream":"stdout"}
{"time":"2026-06-08T13:21:24.5449205+08:00","level":"INFO","msg":"T = 5500.000\r","component":"api","simulation_id":12,"stream":"stdout"}
{"time":"2026-06-08T13:21:34.5368569+08:00","level":"INFO","msg":"T = 5510.000\r","component":"api","simulation_id":12,"stream":"stdout"}
{"time":"2026-06-08T13:21:44.5422056+08:00","level":"INFO","msg":"T = 5520.000\r","component":"api","simulation_id":12,"stream":"stdout"}
{"time":"2026-06-08T13:21:54.5445924+08:00","level":"INFO","msg":"T = 5530.000\r","component":"api","simulation_id":12,"stream":"stdout"}
{"time":"2026-06-08T13:22:04.5395615+08:00","level":"INFO","msg":"T = 5540.000\r","component":"api","simulation_id":12,"stream":"stdout"}
{"time":"2026-06-08T13:22:14.5434327+08:00","level":"INFO","msg":"T = 5550.000\r","component":"api","simulation_id":12,"stream":"stdout"}
{"time":"2026-06-08T13:22:24.5454151+08:00","level":"INFO","msg":"T = 5560.000\r","component":"api","simulation_id":12,"stream":"stdout"}
{"time":"2026-06-08T13:22:34.5369298+08:00","level":"INFO","msg":"T = 5570.000\r","component":"api","simulation_id":12,"stream":"stdout"}
{"time":"2026-06-08T13:22:44.5360381+08:00","level":"INFO","msg":"T = 5580.000\r","component":"api","simulation_id":12,"stream":"stdout"}
{"time":"2026-06-08T13:22:54.542043+08:00","level":"INFO","msg":"T = 5590.000\r","component":"api","simulation_id":12,"stream":"stdout"}
{"time":"2026-06-08T13:23:04.5411813+08:00","level":"INFO","msg":"T = 5600.000\r","component":"api","simulation_id":12,"stream":"stdout"}
{"time":"2026-06-08T13:23:14.5410605+08:00","level":"INFO","msg":"T = 5610.000\r","component":"api","simulation_id":12,"stream":"stdout"}
{"time":"2026-06-08T13:23:24.541009+08:00","level":"INFO","msg":"T = 5620.000\r","component":"api","simulation_id":12,"stream":"stdout"}
{"time":"2026-06-08T13:23:34.5377967+08:00","level":"INFO","msg":"T = 5630.000\r","component":"api","simulation_id":12,"stream":"stdout"}
{"time":"2026-06-08T13:23:44.5390877+08:00","level":"INFO","msg":"T = 5640.000\r","component":"api","simulation_id":12,"stream":"stdout"}
{"time":"2026-06-08T13:23:54.5404974+08:00","level":"INFO","msg":"T = 5650.000\r","component":"api","simulation_id":12,"stream":"stdout"}
{"time":"2026-06-08T13:24:04.5455949+08:00","level":"INFO","msg":"T = 5660.000\r","component":"api","simulation_id":12,"stream":"stdout"}
{"time":"2026-06-08T13:24:14.53698+08:00","level":"INFO","msg":"T = 5670.000\r","component":"api","simulation_id":12,"stream":"stdout"}
{"time":"2026-06-08T13:24:24.5441201+08:00","level":"INFO","msg":"T = 5680.000\r","component":"api","simulation_id":12,"stream":"stdout"}
{"time":"2026-06-08T13:24:34.5431253+08:00","level":"INFO","msg":"T = 5690.000\r","component":"api","simulation_id":12,"stream":"stdout"}
{"time":"2026-06-08T13:24:44.5368047+08:00","level":"INFO","msg":"T = 5700.000\r","component":"api","simulation_id":12,"stream":"stdout"}
{"time":"2026-06-08T13:24:54.5362246+08:00","level":"INFO","msg":"T = 5710.000\r","component":"api","simulation_id":12,"stream":"stdout"}
{"time":"2026-06-08T13:25:04.5364388+08:00","level":"INFO","msg":"T = 5720.000\r","component":"api","simulation_id":12,"stream":"stdout"}
{"time":"2026-06-08T13:25:14.5371114+08:00","level":"INFO","msg":"T = 5730.000\r","component":"api","simulation_id":12,"stream":"stdout"}
{"time":"2026-06-08T13:25:24.5363669+08:00","level":"INFO","msg":"T = 5740.000\r","component":"api","simulation_id":12,"stream":"stdout"}
{"time":"2026-06-08T13:25:34.5429035+08:00","level":"INFO","msg":"T = 5750.000\r","component":"api","simulation_id":12,"stream":"stdout"}
{"time":"2026-06-08T13:25:44.5370871+08:00","level":"INFO","msg":"T = 5760.000\r","component":"api","simulation_id":12,"stream":"stdout"}
{"time":"2026-06-08T13:25:54.5447889+08:00","level":"INFO","msg":"T = 5770.000\r","component":"api","simulation_id":12,"stream":"stdout"}
{"time":"2026-06-08T13:26:04.5432051+08:00","level":"INFO","msg":"T = 5780.000\r","component":"api","simulation_id":12,"stream":"stdout"}
{"time":"2026-06-08T13:26:14.5366935+08:00","level":"INFO","msg":"T = 5790.000\r","component":"api","simulation_id":12,"stream":"stdout"}
{"time":"2026-06-08T13:26:24.5437452+08:00","level":"INFO","msg":"T = 5800.000\r","component":"api","simulation_id":12,"stream":"stdout"}
{"time":"2026-06-08T13:26:34.5401096+08:00","level":"INFO","msg":"T = 5810.000\r","component":"api","simulation_id":12,"stream":"stdout"}
{"time":"2026-06-08T13:26:44.5370533+08:00","level":"INFO","msg":"T = 5820.000\r","component":"api","simulation_id":12,"stream":"stdout"}
{"time":"2026-06-08T13:26:54.536972+08:00","level":"INFO","msg":"T = 5830.000\r","component":"api","simulation_id":12,"stream":"stdout"}
{"time":"2026-06-08T13:27:04.540693+08:00","level":"INFO","msg":"T = 5840.000\r","component":"api","simulation_id":12,"stream":"stdout"}
{"time":"2026-06-08T13:27:14.53685+08:00","level":"INFO","msg":"T = 5850.000\r","component":"api","simulation_id":12,"stream":"stdout"}
{"time":"2026-06-08T13:27:24.5434544+08:00","level":"INFO","msg":"T = 5860.000\r","component":"api","simulation_id":12,"stream":"stdout"}
{"time":"2026-06-08T13:27:34.5469422+08:00","level":"INFO","msg":"T = 5870.000\r","component":"api","simulation_id":12,"stream":"stdout"}
{"time":"2026-06-08T13:27:44.5409892+08:00","level":"INFO","msg":"T = 5880.000\r","component":"api","simulation_id":12,"stream":"stdout"}
{"time":"2026-06-08T13:27:54.5373732+08:00","level":"INFO","msg":"T = 5890.000\r","component":"api","simulation_id":12,"stream":"stdout"}
{"time":"2026-06-08T13:28:04.5375133+08:00","level":"INFO","msg":"T = 5900.000\r","component":"api","simulation_id":12,"stream":"stdout"}
{"time":"2026-06-08T13:28:14.5400545+08:00","level":"INFO","msg":"T = 5910.000\r","component":"api","simulation_id":12,"stream":"stdout"}
{"time":"2026-06-08T13:28:24.5370128+08:00","level":"INFO","msg":"T = 5920.000\r","component":"api","simulation_id":12,"stream":"stdout"}
{"time":"2026-06-08T13:28:34.5446986+08:00","level":"INFO","msg":"T = 5930.000\r","component":"api","simulation_id":12,"stream":"stdout"}
{"time":"2026-06-08T13:28:44.5383234+08:00","level":"INFO","msg":"T = 5940.000\r","component":"api","simulation_id":12,"stream":"stdout"}
{"time":"2026-06-08T13:28:54.5458344+08:00","level":"INFO","msg":"T = 5950.000\r","component":"api","simulation_id":12,"stream":"stdout"}
{"time":"2026-06-08T13:29:04.5367186+08:00","level":"INFO","msg":"T = 5960.000\r","component":"api","simulation_id":12,"stream":"stdout"}
{"time":"2026-06-08T13:29:14.539473+08:00","level":"INFO","msg":"T = 5970.000\r","component":"api","simulation_id":12,"stream":"stdout"}
{"time":"2026-06-08T13:29:24.5454876+08:00","level":"INFO","msg":"T = 5980.000\r","component":"api","simulation_id":12,"stream":"stdout"}
{"time":"2026-06-08T13:29:34.5453995+08:00","level":"INFO","msg":"T = 5990.000\r","component":"api","simulation_id":12,"stream":"stdout"}
{"time":"2026-06-08T13:29:44.5370738+08:00","level":"INFO","msg":"T = 6000.000\r","component":"api","simulation_id":12,"stream":"stdout"}
{"time":"2026-06-08T13:29:54.5370148+08:00","level":"INFO","msg":"T = 6010.000\r","component":"api","simulation_id":12,"stream":"stdout"}
{"time":"2026-06-08T13:30:04.5406307+08:00","level":"INFO","msg":"T = 6020.000\r","component":"api","simulation_id":12,"stream":"stdout"}
{"time":"2026-06-08T13:30:14.5445353+08:00","level":"INFO","msg":"T = 6030.000\r","component":"api","simulation_id":12,"stream":"stdout"}
{"time":"2026-06-08T13:30:24.5428934+08:00","level":"INFO","msg":"T = 6040.000\r","component":"api","simulation_id":12,"stream":"stdout"}
{"time":"2026-06-08T13:30:34.5462561+08:00","level":"INFO","msg":"T = 6050.000\r","component":"api","simulation_id":12,"stream":"stdout"}
{"time":"2026-06-08T13:30:44.5468212+08:00","level":"INFO","msg":"T = 6060.000\r","component":"api","simulation_id":12,"stream":"stdout"}
{"time":"2026-06-08T13:30:54.547166+08:00","level":"INFO","msg":"T = 6070.000\r","component":"api","simulation_id":12,"stream":"stdout"}
{"time":"2026-06-08T13:31:04.5363812+08:00","level":"INFO","msg":"T = 6080.000\r","component":"api","simulation_id":12,"stream":"stdout"}
{"time":"2026-06-08T13:31:14.547447+08:00","level":"INFO","msg":"T = 6090.000\r","component":"api","simulation_id":12,"stream":"stdout"}
{"time":"2026-06-08T13:31:24.5360022+08:00","level":"INFO","msg":"T = 6100.000\r","component":"api","simulation_id":12,"stream":"stdout"}
{"time":"2026-06-08T13:31:34.5368978+08:00","level":"INFO","msg":"T = 6110.000\r","component":"api","simulation_id":12,"stream":"stdout"}
{"time":"2026-06-08T13:31:44.538442+08:00","level":"INFO","msg":"T = 6120.000\r","component":"api","simulation_id":12,"stream":"stdout"}
{"time":"2026-06-08T13:31:54.5369842+08:00","level":"INFO","msg":"T = 6130.000\r","component":"api","simulation_id":12,"stream":"stdout"}
{"time":"2026-06-08T13:32:04.5411311+08:00","level":"INFO","msg":"T = 6140.000\r","component":"api","simulation_id":12,"stream":"stdout"}
{"time":"2026-06-08T13:32:14.543749+08:00","level":"INFO","msg":"T = 6150.000\r","component":"api","simulation_id":12,"stream":"stdout"}
{"time":"2026-06-08T13:32:24.5411887+08:00","level":"INFO","msg":"T = 6160.000\r","component":"api","simulation_id":12,"stream":"stdout"}
{"time":"2026-06-08T13:32:34.5404345+08:00","level":"INFO","msg":"T = 6170.000\r","component":"api","simulation_id":12,"stream":"stdout"}
{"time":"2026-06-08T13:32:44.541303+08:00","level":"INFO","msg":"T = 6180.000\r","component":"api","simulation_id":12,"stream":"stdout"}
{"time":"2026-06-08T13:32:54.5441083+08:00","level":"INFO","msg":"T = 6190.000\r","component":"api","simulation_id":12,"stream":"stdout"}
{"time":"2026-06-08T13:33:04.5363233+08:00","level":"INFO","msg":"T = 6200.000\r","component":"api","simulation_id":12,"stream":"stdout"}
{"time":"2026-06-08T13:33:14.5410698+08:00","level":"INFO","msg":"T = 6210.000\r","component":"api","simulation_id":12,"stream":"stdout"}
{"time":"2026-06-08T13:33:24.546239+08:00","level":"INFO","msg":"T = 6220.000\r","component":"api","simulation_id":12,"stream":"stdout"}
{"time":"2026-06-08T13:33:34.5364262+08:00","level":"INFO","msg":"T = 6230.000\r","component":"api","simulation_id":12,"stream":"stdout"}
{"time":"2026-06-08T13:33:44.5363834+08:00","level":"INFO","msg":"T = 6240.000\r","component":"api","simulation_id":12,"stream":"stdout"}
{"time":"2026-06-08T13:33:54.5410052+08:00","level":"INFO","msg":"T = 6250.000\r","component":"api","simulation_id":12,"stream":"stdout"}
{"time":"2026-06-08T13:34:04.5362532+08:00","level":"INFO","msg":"T = 6260.000\r","component":"api","simulation_id":12,"stream":"stdout"}
{"time":"2026-06-08T13:34:14.5362255+08:00","level":"INFO","msg":"T = 6270.000\r","component":"api","simulation_id":12,"stream":"stdout"}
{"time":"2026-06-08T13:34:24.537193+08:00","level":"INFO","msg":"T = 6280.000\r","component":"api","simulation_id":12,"stream":"stdout"}
{"time":"2026-06-08T13:34:34.546021+08:00","level":"INFO","msg":"T = 6290.000\r","component":"api","simulation_id":12,"stream":"stdout"}
{"time":"2026-06-08T13:34:44.5424409+08:00","level":"INFO","msg":"T = 6300.000\r","component":"api","simulation_id":12,"stream":"stdout"}
{"time":"2026-06-08T13:34:54.5407686+08:00","level":"INFO","msg":"T = 6310.000\r","component":"api","simulation_id":12,"stream":"stdout"}
{"time":"2026-06-08T13:35:04.5383558+08:00","level":"INFO","msg":"T = 6320.000\r","component":"api","simulation_id":12,"stream":"stdout"}
{"time":"2026-06-08T13:35:14.5398611+08:00","level":"INFO","msg":"T = 6330.000\r","component":"api","simulation_id":12,"stream":"stdout"}
{"time":"2026-06-08T13:35:24.5367946+08:00","level":"INFO","msg":"T = 6340.000\r","component":"api","simulation_id":12,"stream":"stdout"}
{"time":"2026-06-08T13:35:34.5423001+08:00","level":"INFO","msg":"T = 6350.000\r","component":"api","simulation_id":12,"stream":"stdout"}
{"time":"2026-06-08T13:35:44.5417639+08:00","level":"INFO","msg":"T = 6360.000\r","component":"api","simulation_id":12,"stream":"stdout"}
{"time":"2026-06-08T13:35:54.5453858+08:00","level":"INFO","msg":"T = 6370.000\r","component":"api","simulation_id":12,"stream":"stdout"}
{"time":"2026-06-08T13:36:04.5443208+08:00","level":"INFO","msg":"T = 6380.000\r","component":"api","simulation_id":12,"stream":"stdout"}
{"time":"2026-06-08T13:36:14.5418785+08:00","level":"INFO","msg":"T = 6390.000\r","component":"api","simulation_id":12,"stream":"stdout"}
{"time":"2026-06-08T13:36:24.5370154+08:00","level":"INFO","msg":"T = 6400.000\r","component":"api","simulation_id":12,"stream":"stdout"}
{"time":"2026-06-08T13:36:34.536953+08:00","level":"INFO","msg":"T = 6410.000\r","component":"api","simulation_id":12,"stream":"stdout"}
{"time":"2026-06-08T13:36:44.5402886+08:00","level":"INFO","msg":"T = 6420.000\r","component":"api","simulation_id":12,"stream":"stdout"}
{"time":"2026-06-08T13:36:54.5413614+08:00","level":"INFO","msg":"T = 6430.000\r","component":"api","simulation_id":12,"stream":"stdout"}
{"time":"2026-06-08T13:37:04.5419352+08:00","level":"INFO","msg":"T = 6440.000\r","component":"api","simulation_id":12,"stream":"stdout"}
{"time":"2026-06-08T13:37:14.5397766+08:00","level":"INFO","msg":"T = 6450.000\r","component":"api","simulation_id":12,"stream":"stdout"}
{"time":"2026-06-08T13:37:24.543692+08:00","level":"INFO","msg":"T = 6460.000\r","component":"api","simulation_id":12,"stream":"stdout"}
{"time":"2026-06-08T13:37:34.5365034+08:00","level":"INFO","msg":"T = 6470.000\r","component":"api","simulation_id":12,"stream":"stdout"}
{"time":"2026-06-08T13:37:44.5370992+08:00","level":"INFO","msg":"T = 6480.000\r","component":"api","simulation_id":12,"stream":"stdout"}
{"time":"2026-06-08T13:37:54.5441764+08:00","level":"INFO","msg":"T = 6490.000\r","component":"api","simulation_id":12,"stream":"stdout"}
{"time":"2026-06-08T13:38:04.5363408+08:00","level":"INFO","msg":"T = 6500.000\r","component":"api","simulation_id":12,"stream":"stdout"}
{"time":"2026-06-08T13:38:14.5456169+08:00","level":"INFO","msg":"T = 6510.000\r","component":"api","simulation_id":12,"stream":"stdout"}
{"time":"2026-06-08T13:38:24.5425299+08:00","level":"INFO","msg":"T = 6520.000\r","component":"api","simulation_id":12,"stream":"stdout"}
{"time":"2026-06-08T13:38:34.5362198+08:00","level":"INFO","msg":"T = 6530.000\r","component":"api","simulation_id":12,"stream":"stdout"}
{"time":"2026-06-08T13:38:44.5417276+08:00","level":"INFO","msg":"T = 6540.000\r","component":"api","simulation_id":12,"stream":"stdout"}
{"time":"2026-06-08T13:38:54.5373234+08:00","level":"INFO","msg":"T = 6550.000\r","component":"api","simulation_id":12,"stream":"stdout"}
{"time":"2026-06-08T13:39:04.5389639+08:00","level":"INFO","msg":"T = 6560.000\r","component":"api","simulation_id":12,"stream":"stdout"}
{"time":"2026-06-08T13:39:14.5410909+08:00","level":"INFO","msg":"T = 6570.000\r","component":"api","simulation_id":12,"stream":"stdout"}
{"time":"2026-06-08T13:39:24.5403713+08:00","level":"INFO","msg":"T = 6580.000\r","component":"api","simulation_id":12,"stream":"stdout"}
{"time":"2026-06-08T13:39:34.5426394+08:00","level":"INFO","msg":"T = 6590.000\r","component":"api","simulation_id":12,"stream":"stdout"}
{"time":"2026-06-08T13:39:44.5448054+08:00","level":"INFO","msg":"T = 6600.000\r","component":"api","simulation_id":12,"stream":"stdout"}
{"time":"2026-06-08T13:39:54.5403824+08:00","level":"INFO","msg":"T = 6610.000\r","component":"api","simulation_id":12,"stream":"stdout"}
{"time":"2026-06-08T13:40:04.5418049+08:00","level":"INFO","msg":"T = 6620.000\r","component":"api","simulation_id":12,"stream":"stdout"}
{"time":"2026-06-08T13:40:14.5381833+08:00","level":"INFO","msg":"T = 6630.000\r","component":"api","simulation_id":12,"stream":"stdout"}
{"time":"2026-06-08T13:40:24.5447791+08:00","level":"INFO","msg":"T = 6640.000\r","component":"api","simulation_id":12,"stream":"stdout"}
{"time":"2026-06-08T13:40:34.5396787+08:00","level":"INFO","msg":"T = 6650.000\r","component":"api","simulation_id":12,"stream":"stdout"}
{"time":"2026-06-08T13:40:44.545061+08:00","level":"INFO","msg":"T = 6660.000\r","component":"api","simulation_id":12,"stream":"stdout"}
{"time":"2026-06-08T13:40:54.5389341+08:00","level":"INFO","msg":"T = 6670.000\r","component":"api","simulation_id":12,"stream":"stdout"}
{"time":"2026-06-08T13:41:04.5361896+08:00","level":"INFO","msg":"T = 6680.000\r","component":"api","simulation_id":12,"stream":"stdout"}
{"time":"2026-06-08T13:41:14.5362881+08:00","level":"INFO","msg":"T = 6690.000\r","component":"api","simulation_id":12,"stream":"stdout"}
{"time":"2026-06-08T13:41:24.5400426+08:00","level":"INFO","msg":"T = 6700.000\r","component":"api","simulation_id":12,"stream":"stdout"}
{"time":"2026-06-08T13:41:34.5363513+08:00","level":"INFO","msg":"T = 6710.000\r","component":"api","simulation_id":12,"stream":"stdout"}
{"time":"2026-06-08T13:41:44.5473994+08:00","level":"INFO","msg":"T = 6720.000\r","component":"api","simulation_id":12,"stream":"stdout"}
{"time":"2026-06-08T13:41:54.5384595+08:00","level":"INFO","msg":"T = 6730.000\r","component":"api","simulation_id":12,"stream":"stdout"}
{"time":"2026-06-08T13:42:04.5461096+08:00","level":"INFO","msg":"T = 6740.000\r","component":"api","simulation_id":12,"stream":"stdout"}
{"time":"2026-06-08T13:42:14.5452968+08:00","level":"INFO","msg":"T = 6750.000\r","component":"api","simulation_id":12,"stream":"stdout"}
{"time":"2026-06-08T13:42:24.5422954+08:00","level":"INFO","msg":"T = 6760.000\r","component":"api","simulation_id":12,"stream":"stdout"}
{"time":"2026-06-08T13:42:34.5416614+08:00","level":"INFO","msg":"T = 6770.000\r","component":"api","simulation_id":12,"stream":"stdout"}
{"time":"2026-06-08T13:42:44.5370557+08:00","level":"INFO","msg":"T = 6780.000\r","component":"api","simulation_id":12,"stream":"stdout"}
{"time":"2026-06-08T13:42:54.5442339+08:00","level":"INFO","msg":"T = 6790.000\r","component":"api","simulation_id":12,"stream":"stdout"}
{"time":"2026-06-08T13:43:04.5463014+08:00","level":"INFO","msg":"T = 6800.000\r","component":"api","simulation_id":12,"stream":"stdout"}
{"time":"2026-06-08T13:43:14.5361016+08:00","level":"INFO","msg":"T = 6810.000\r","component":"api","simulation_id":12,"stream":"stdout"}
{"time":"2026-06-08T13:43:24.5458056+08:00","level":"INFO","msg":"T = 6820.000\r","component":"api","simulation_id":12,"stream":"stdout"}
{"time":"2026-06-08T13:43:34.5373823+08:00","level":"INFO","msg":"T = 6830.000\r","component":"api","simulation_id":12,"stream":"stdout"}
{"time":"2026-06-08T13:43:44.5462523+08:00","level":"INFO","msg":"T = 6840.000\r","component":"api","simulation_id":12,"stream":"stdout"}
{"time":"2026-06-08T13:43:54.5362307+08:00","level":"INFO","msg":"T = 6850.000\r","component":"api","simulation_id":12,"stream":"stdout"}
{"time":"2026-06-08T13:44:04.5415682+08:00","level":"INFO","msg":"T = 6860.000\r","component":"api","simulation_id":12,"stream":"stdout"}
{"time":"2026-06-08T13:44:14.538754+08:00","level":"INFO","msg":"T = 6870.000\r","component":"api","simulation_id":12,"stream":"stdout"}
{"time":"2026-06-08T13:44:24.5414415+08:00","level":"INFO","msg":"T = 6880.000\r","component":"api","simulation_id":12,"stream":"stdout"}
{"time":"2026-06-08T13:44:34.5430417+08:00","level":"INFO","msg":"T = 6890.000\r","component":"api","simulation_id":12,"stream":"stdout"}
{"time":"2026-06-08T13:44:44.5463073+08:00","level":"INFO","msg":"T = 6900.000\r","component":"api","simulation_id":12,"stream":"stdout"}
{"time":"2026-06-08T13:44:54.5418454+08:00","level":"INFO","msg":"T = 6910.000\r","component":"api","simulation_id":12,"stream":"stdout"}
{"time":"2026-06-08T13:45:04.5434602+08:00","level":"INFO","msg":"T = 6920.000\r","component":"api","simulation_id":12,"stream":"stdout"}
{"time":"2026-06-08T13:45:14.5370254+08:00","level":"INFO","msg":"T = 6930.000\r","component":"api","simulation_id":12,"stream":"stdout"}
{"time":"2026-06-08T13:45:24.5412955+08:00","level":"INFO","msg":"T = 6940.000\r","component":"api","simulation_id":12,"stream":"stdout"}
{"time":"2026-06-08T13:45:26.1487439+08:00","level":"INFO","msg":"WebSocket connection request","component":"api","simulation_id":"12"}
2026/06/08 13:45:26 [DESKTOP-2269V6M/0I7zd4hyWa-000216] "GET http://localhost:8080/api/simulations/12/ws HTTP/1.1" from [::1]:59123 - 000 0B in 1.0336ms
{"time":"2026-06-08T13:45:34.5443578+08:00","level":"INFO","msg":"T = 6950.000\r","component":"api","simulation_id":12,"stream":"stdout"}
{"time":"2026-06-08T13:45:44.5403465+08:00","level":"INFO","msg":"T = 6960.000\r","component":"api","simulation_id":12,"stream":"stdout"}
{"time":"2026-06-08T13:45:54.5404681+08:00","level":"INFO","msg":"T = 6970.000\r","component":"api","simulation_id":12,"stream":"stdout"}
{"time":"2026-06-08T13:46:04.5457895+08:00","level":"INFO","msg":"T = 6980.000\r","component":"api","simulation_id":12,"stream":"stdout"}
{"time":"2026-06-08T13:46:14.5436406+08:00","level":"INFO","msg":"T = 6990.000\r","component":"api","simulation_id":12,"stream":"stdout"}
{"time":"2026-06-08T13:46:24.5366912+08:00","level":"INFO","msg":"T = 7000.000\r","component":"api","simulation_id":12,"stream":"stdout"}
{"time":"2026-06-08T13:46:34.5448348+08:00","level":"INFO","msg":"T = 7010.000\r","component":"api","simulation_id":12,"stream":"stdout"}
{"time":"2026-06-08T13:46:44.5426817+08:00","level":"INFO","msg":"T = 7020.000\r","component":"api","simulation_id":12,"stream":"stdout"}
{"time":"2026-06-08T13:46:54.545444+08:00","level":"INFO","msg":"T = 7030.000\r","component":"api","simulation_id":12,"stream":"stdout"}
{"time":"2026-06-08T13:47:04.5435511+08:00","level":"INFO","msg":"T = 7040.000\r","component":"api","simulation_id":12,"stream":"stdout"}
{"time":"2026-06-08T13:47:14.5370206+08:00","level":"INFO","msg":"T = 7050.000\r","component":"api","simulation_id":12,"stream":"stdout"}
{"time":"2026-06-08T13:47:24.5363586+08:00","level":"INFO","msg":"T = 7060.000\r","component":"api","simulation_id":12,"stream":"stdout"}
{"time":"2026-06-08T13:47:34.5453872+08:00","level":"INFO","msg":"T = 7070.000\r","component":"api","simulation_id":12,"stream":"stdout"}
{"time":"2026-06-08T13:47:44.5383618+08:00","level":"INFO","msg":"T = 7080.000\r","component":"api","simulation_id":12,"stream":"stdout"}
{"time":"2026-06-08T13:47:54.5406424+08:00","level":"INFO","msg":"T = 7090.000\r","component":"api","simulation_id":12,"stream":"stdout"}
{"time":"2026-06-08T13:48:04.5470552+08:00","level":"INFO","msg":"T = 7100.000\r","component":"api","simulation_id":12,"stream":"stdout"}
{"time":"2026-06-08T13:48:14.5397347+08:00","level":"INFO","msg":"T = 7110.000\r","component":"api","simulation_id":12,"stream":"stdout"}
{"time":"2026-06-08T13:48:24.5364505+08:00","level":"INFO","msg":"T = 7120.000\r","component":"api","simulation_id":12,"stream":"stdout"}
{"time":"2026-06-08T13:48:34.5365636+08:00","level":"INFO","msg":"T = 7130.000\r","component":"api","simulation_id":12,"stream":"stdout"}
{"time":"2026-06-08T13:48:44.5367299+08:00","level":"INFO","msg":"T = 7140.000\r","component":"api","simulation_id":12,"stream":"stdout"}
{"time":"2026-06-08T13:48:54.5368746+08:00","level":"INFO","msg":"T = 7150.000\r","component":"api","simulation_id":12,"stream":"stdout"}
{"time":"2026-06-08T13:49:04.5383095+08:00","level":"INFO","msg":"T = 7160.000\r","component":"api","simulation_id":12,"stream":"stdout"}
{"time":"2026-06-08T13:49:14.5461439+08:00","level":"INFO","msg":"T = 7170.000\r","component":"api","simulation_id":12,"stream":"stdout"}
{"time":"2026-06-08T13:49:24.5386709+08:00","level":"INFO","msg":"T = 7180.000\r","component":"api","simulation_id":12,"stream":"stdout"}
{"time":"2026-06-08T13:49:34.537979+08:00","level":"INFO","msg":"T = 7190.000\r","component":"api","simulation_id":12,"stream":"stdout"}
{"time":"2026-06-08T13:49:44.544983+08:00","level":"INFO","msg":"T = 7200.000\r","component":"api","simulation_id":12,"stream":"stdout"}
{"time":"2026-06-08T13:49:54.5423823+08:00","level":"INFO","msg":"T = 7210.000\r","component":"api","simulation_id":12,"stream":"stdout"}
{"time":"2026-06-08T13:50:04.536885+08:00","level":"INFO","msg":"T = 7220.000\r","component":"api","simulation_id":12,"stream":"stdout"}
{"time":"2026-06-08T13:50:14.5399911+08:00","level":"INFO","msg":"T = 7230.000\r","component":"api","simulation_id":12,"stream":"stdout"}
{"time":"2026-06-08T13:50:24.5365668+08:00","level":"INFO","msg":"T = 7240.000\r","component":"api","simulation_id":12,"stream":"stdout"}
{"time":"2026-06-08T13:50:34.5443268+08:00","level":"INFO","msg":"T = 7250.000\r","component":"api","simulation_id":12,"stream":"stdout"}
{"time":"2026-06-08T13:50:44.5368293+08:00","level":"INFO","msg":"T = 7260.000\r","component":"api","simulation_id":12,"stream":"stdout"}
{"time":"2026-06-08T13:50:54.5360514+08:00","level":"INFO","msg":"T = 7270.000\r","component":"api","simulation_id":12,"stream":"stdout"}
{"time":"2026-06-08T13:51:04.5453559+08:00","level":"INFO","msg":"T = 7280.000\r","component":"api","simulation_id":12,"stream":"stdout"}
{"time":"2026-06-08T13:51:14.5448977+08:00","level":"INFO","msg":"T = 7290.000\r","component":"api","simulation_id":12,"stream":"stdout"}
{"time":"2026-06-08T13:51:24.5386514+08:00","level":"INFO","msg":"T = 7300.000\r","component":"api","simulation_id":12,"stream":"stdout"}
{"time":"2026-06-08T13:51:34.5458279+08:00","level":"INFO","msg":"T = 7310.000\r","component":"api","simulation_id":12,"stream":"stdout"}
{"time":"2026-06-08T13:51:44.539412+08:00","level":"INFO","msg":"T = 7320.000\r","component":"api","simulation_id":12,"stream":"stdout"}
{"time":"2026-06-08T13:51:54.5363324+08:00","level":"INFO","msg":"T = 7330.000\r","component":"api","simulation_id":12,"stream":"stdout"}
{"time":"2026-06-08T13:52:04.542149+08:00","level":"INFO","msg":"T = 7340.000\r","component":"api","simulation_id":12,"stream":"stdout"}
{"time":"2026-06-08T13:52:14.5446063+08:00","level":"INFO","msg":"T = 7350.000\r","component":"api","simulation_id":12,"stream":"stdout"}
{"time":"2026-06-08T13:52:24.5380347+08:00","level":"INFO","msg":"T = 7360.000\r","component":"api","simulation_id":12,"stream":"stdout"}
{"time":"2026-06-08T13:52:34.5405861+08:00","level":"INFO","msg":"T = 7370.000\r","component":"api","simulation_id":12,"stream":"stdout"}
{"time":"2026-06-08T13:52:44.5443698+08:00","level":"INFO","msg":"T = 7380.000\r","component":"api","simulation_id":12,"stream":"stdout"}
{"time":"2026-06-08T13:52:54.545843+08:00","level":"INFO","msg":"T = 7390.000\r","component":"api","simulation_id":12,"stream":"stdout"}
{"time":"2026-06-08T13:53:04.5391561+08:00","level":"INFO","msg":"T = 7400.000\r","component":"api","simulation_id":12,"stream":"stdout"}
{"time":"2026-06-08T13:53:14.5421813+08:00","level":"INFO","msg":"T = 7410.000\r","component":"api","simulation_id":12,"stream":"stdout"}
{"time":"2026-06-08T13:53:24.5364244+08:00","level":"INFO","msg":"T = 7420.000\r","component":"api","simulation_id":12,"stream":"stdout"}
{"time":"2026-06-08T13:53:34.5437066+08:00","level":"INFO","msg":"T = 7430.000\r","component":"api","simulation_id":12,"stream":"stdout"}
{"time":"2026-06-08T13:53:44.5369811+08:00","level":"INFO","msg":"T = 7440.000\r","component":"api","simulation_id":12,"stream":"stdout"}
{"time":"2026-06-08T13:53:54.5418746+08:00","level":"INFO","msg":"T = 7450.000\r","component":"api","simulation_id":12,"stream":"stdout"}
{"time":"2026-06-08T13:54:04.5369838+08:00","level":"INFO","msg":"T = 7460.000\r","component":"api","simulation_id":12,"stream":"stdout"}
{"time":"2026-06-08T13:54:14.5365066+08:00","level":"INFO","msg":"T = 7470.000\r","component":"api","simulation_id":12,"stream":"stdout"}
{"time":"2026-06-08T13:54:24.5436943+08:00","level":"INFO","msg":"T = 7480.000\r","component":"api","simulation_id":12,"stream":"stdout"}
{"time":"2026-06-08T13:54:34.5405704+08:00","level":"INFO","msg":"T = 7490.000\r","component":"api","simulation_id":12,"stream":"stdout"}
{"time":"2026-06-08T13:54:44.5418891+08:00","level":"INFO","msg":"T = 7500.000\r","component":"api","simulation_id":12,"stream":"stdout"}
{"time":"2026-06-08T13:54:54.5370897+08:00","level":"INFO","msg":"T = 7510.000\r","component":"api","simulation_id":12,"stream":"stdout"}
{"time":"2026-06-08T13:55:04.543934+08:00","level":"INFO","msg":"T = 7520.000\r","component":"api","simulation_id":12,"stream":"stdout"}
{"time":"2026-06-08T13:55:14.5387962+08:00","level":"INFO","msg":"T = 7530.000\r","component":"api","simulation_id":12,"stream":"stdout"}
{"time":"2026-06-08T13:55:24.5362853+08:00","level":"INFO","msg":"T = 7540.000\r","component":"api","simulation_id":12,"stream":"stdout"}
{"time":"2026-06-08T13:55:34.5395515+08:00","level":"INFO","msg":"T = 7550.000\r","component":"api","simulation_id":12,"stream":"stdout"}
{"time":"2026-06-08T13:55:44.5419014+08:00","level":"INFO","msg":"T = 7560.000\r","component":"api","simulation_id":12,"stream":"stdout"}
{"time":"2026-06-08T13:55:54.5366363+08:00","level":"INFO","msg":"T = 7570.000\r","component":"api","simulation_id":12,"stream":"stdout"}
{"time":"2026-06-08T13:56:04.5376026+08:00","level":"INFO","msg":"T = 7580.000\r","component":"api","simulation_id":12,"stream":"stdout"}
{"time":"2026-06-08T13:56:14.5384764+08:00","level":"INFO","msg":"T = 7590.000\r","component":"api","simulation_id":12,"stream":"stdout"}
{"time":"2026-06-08T13:56:24.537045+08:00","level":"INFO","msg":"T = 7600.000\r","component":"api","simulation_id":12,"stream":"stdout"}
{"time":"2026-06-08T13:56:34.5474544+08:00","level":"INFO","msg":"T = 7610.000\r","component":"api","simulation_id":12,"stream":"stdout"}
{"time":"2026-06-08T13:56:44.5444948+08:00","level":"INFO","msg":"T = 7620.000\r","component":"api","simulation_id":12,"stream":"stdout"}
{"time":"2026-06-08T13:56:54.5471796+08:00","level":"INFO","msg":"T = 7630.000\r","component":"api","simulation_id":12,"stream":"stdout"}
{"time":"2026-06-08T13:57:04.5432117+08:00","level":"INFO","msg":"T = 7640.000\r","component":"api","simulation_id":12,"stream":"stdout"}
{"time":"2026-06-08T13:57:14.5451558+08:00","level":"INFO","msg":"T = 7650.000\r","component":"api","simulation_id":12,"stream":"stdout"}
{"time":"2026-06-08T13:57:24.5430898+08:00","level":"INFO","msg":"T = 7660.000\r","component":"api","simulation_id":12,"stream":"stdout"}
{"time":"2026-06-08T13:57:34.5376441+08:00","level":"INFO","msg":"T = 7670.000\r","component":"api","simulation_id":12,"stream":"stdout"}
{"time":"2026-06-08T13:57:44.539016+08:00","level":"INFO","msg":"T = 7680.000\r","component":"api","simulation_id":12,"stream":"stdout"}
{"time":"2026-06-08T13:57:54.5370331+08:00","level":"INFO","msg":"T = 7690.000\r","component":"api","simulation_id":12,"stream":"stdout"}
{"time":"2026-06-08T13:58:04.5434892+08:00","level":"INFO","msg":"T = 7700.000\r","component":"api","simulation_id":12,"stream":"stdout"}
{"time":"2026-06-08T13:58:14.5455733+08:00","level":"INFO","msg":"T = 7710.000\r","component":"api","simulation_id":12,"stream":"stdout"}
{"time":"2026-06-08T13:58:24.5369731+08:00","level":"INFO","msg":"T = 7720.000\r","component":"api","simulation_id":12,"stream":"stdout"}
{"time":"2026-06-08T13:58:34.5419311+08:00","level":"INFO","msg":"T = 7730.000\r","component":"api","simulation_id":12,"stream":"stdout"}
{"time":"2026-06-08T13:58:44.5409333+08:00","level":"INFO","msg":"T = 7740.000\r","component":"api","simulation_id":12,"stream":"stdout"}
{"time":"2026-06-08T13:58:54.542381+08:00","level":"INFO","msg":"T = 7750.000\r","component":"api","simulation_id":12,"stream":"stdout"}
{"time":"2026-06-08T13:59:04.5411633+08:00","level":"INFO","msg":"T = 7760.000\r","component":"api","simulation_id":12,"stream":"stdout"}
{"time":"2026-06-08T13:59:14.5421805+08:00","level":"INFO","msg":"T = 7770.000\r","component":"api","simulation_id":12,"stream":"stdout"}
{"time":"2026-06-08T13:59:24.5437543+08:00","level":"INFO","msg":"T = 7780.000\r","component":"api","simulation_id":12,"stream":"stdout"}
{"time":"2026-06-08T13:59:34.5364031+08:00","level":"INFO","msg":"T = 7790.000\r","component":"api","simulation_id":12,"stream":"stdout"}
{"time":"2026-06-08T13:59:44.5368091+08:00","level":"INFO","msg":"T = 7800.000\r","component":"api","simulation_id":12,"stream":"stdout"}
{"time":"2026-06-08T13:59:54.5464038+08:00","level":"INFO","msg":"T = 7810.000\r","component":"api","simulation_id":12,"stream":"stdout"}
{"time":"2026-06-08T14:00:04.543287+08:00","level":"INFO","msg":"T = 7820.000\r","component":"api","simulation_id":12,"stream":"stdout"}
{"time":"2026-06-08T14:00:14.5402227+08:00","level":"INFO","msg":"T = 7830.000\r","component":"api","simulation_id":12,"stream":"stdout"}
{"time":"2026-06-08T14:00:24.5432145+08:00","level":"INFO","msg":"T = 7840.000\r","component":"api","simulation_id":12,"stream":"stdout"}
{"time":"2026-06-08T14:00:34.5369573+08:00","level":"INFO","msg":"T = 7850.000\r","component":"api","simulation_id":12,"stream":"stdout"}
{"time":"2026-06-08T14:00:44.5379226+08:00","level":"INFO","msg":"T = 7860.000\r","component":"api","simulation_id":12,"stream":"stdout"}
{"time":"2026-06-08T14:00:54.541878+08:00","level":"INFO","msg":"T = 7870.000\r","component":"api","simulation_id":12,"stream":"stdout"}
{"time":"2026-06-08T14:01:04.5427633+08:00","level":"INFO","msg":"T = 7880.000\r","component":"api","simulation_id":12,"stream":"stdout"}
{"time":"2026-06-08T14:01:14.5373859+08:00","level":"INFO","msg":"T = 7890.000\r","component":"api","simulation_id":12,"stream":"stdout"}
{"time":"2026-06-08T14:01:24.5452001+08:00","level":"INFO","msg":"T = 7900.000\r","component":"api","simulation_id":12,"stream":"stdout"}
{"time":"2026-06-08T14:01:34.5373699+08:00","level":"INFO","msg":"T = 7910.000\r","component":"api","simulation_id":12,"stream":"stdout"}
{"time":"2026-06-08T14:01:44.5434861+08:00","level":"INFO","msg":"T = 7920.000\r","component":"api","simulation_id":12,"stream":"stdout"}
{"time":"2026-06-08T14:01:54.5470532+08:00","level":"INFO","msg":"T = 7930.000\r","component":"api","simulation_id":12,"stream":"stdout"}
{"time":"2026-06-08T14:02:04.5364036+08:00","level":"INFO","msg":"T = 7940.000\r","component":"api","simulation_id":12,"stream":"stdout"}
{"time":"2026-06-08T14:02:14.5450558+08:00","level":"INFO","msg":"T = 7950.000\r","component":"api","simulation_id":12,"stream":"stdout"}
{"time":"2026-06-08T14:02:24.5370518+08:00","level":"INFO","msg":"T = 7960.000\r","component":"api","simulation_id":12,"stream":"stdout"}
{"time":"2026-06-08T14:02:34.5429317+08:00","level":"INFO","msg":"T = 7970.000\r","component":"api","simulation_id":12,"stream":"stdout"}
{"time":"2026-06-08T14:02:44.5369563+08:00","level":"INFO","msg":"T = 7980.000\r","component":"api","simulation_id":12,"stream":"stdout"}
{"time":"2026-06-08T14:02:54.5377963+08:00","level":"INFO","msg":"T = 7990.000\r","component":"api","simulation_id":12,"stream":"stdout"}
{"time":"2026-06-08T14:03:04.5437269+08:00","level":"INFO","msg":"T = 8000.000\r","component":"api","simulation_id":12,"stream":"stdout"}
{"time":"2026-06-08T14:03:14.5401373+08:00","level":"INFO","msg":"T = 8010.000\r","component":"api","simulation_id":12,"stream":"stdout"}
{"time":"2026-06-08T14:03:24.537485+08:00","level":"INFO","msg":"T = 8020.000\r","component":"api","simulation_id":12,"stream":"stdout"}
{"time":"2026-06-08T14:03:34.5369794+08:00","level":"INFO","msg":"T = 8030.000\r","component":"api","simulation_id":12,"stream":"stdout"}
{"time":"2026-06-08T14:03:44.5449565+08:00","level":"INFO","msg":"T = 8040.000\r","component":"api","simulation_id":12,"stream":"stdout"}
{"time":"2026-06-08T14:03:54.5412206+08:00","level":"INFO","msg":"T = 8050.000\r","component":"api","simulation_id":12,"stream":"stdout"}
{"time":"2026-06-08T14:04:04.5418511+08:00","level":"INFO","msg":"T = 8060.000\r","component":"api","simulation_id":12,"stream":"stdout"}
{"time":"2026-06-08T14:04:14.5369685+08:00","level":"INFO","msg":"T = 8070.000\r","component":"api","simulation_id":12,"stream":"stdout"}
{"time":"2026-06-08T14:04:24.5444805+08:00","level":"INFO","msg":"T = 8080.000\r","component":"api","simulation_id":12,"stream":"stdout"}
{"time":"2026-06-08T14:04:34.5438464+08:00","level":"INFO","msg":"T = 8090.000\r","component":"api","simulation_id":12,"stream":"stdout"}
{"time":"2026-06-08T14:04:44.5366814+08:00","level":"INFO","msg":"T = 8100.000\r","component":"api","simulation_id":12,"stream":"stdout"}
{"time":"2026-06-08T14:04:54.547151+08:00","level":"INFO","msg":"T = 8110.000\r","component":"api","simulation_id":12,"stream":"stdout"}
{"time":"2026-06-08T14:05:04.5370907+08:00","level":"INFO","msg":"T = 8120.000\r","component":"api","simulation_id":12,"stream":"stdout"}
{"time":"2026-06-08T14:05:14.5385497+08:00","level":"INFO","msg":"T = 8130.000\r","component":"api","simulation_id":12,"stream":"stdout"}
{"time":"2026-06-08T14:05:24.5429456+08:00","level":"INFO","msg":"T = 8140.000\r","component":"api","simulation_id":12,"stream":"stdout"}
{"time":"2026-06-08T14:05:34.5398132+08:00","level":"INFO","msg":"T = 8150.000\r","component":"api","simulation_id":12,"stream":"stdout"}
{"time":"2026-06-08T14:05:44.5424264+08:00","level":"INFO","msg":"T = 8160.000\r","component":"api","simulation_id":12,"stream":"stdout"}
{"time":"2026-06-08T14:05:54.5369754+08:00","level":"INFO","msg":"T = 8170.000\r","component":"api","simulation_id":12,"stream":"stdout"}
{"time":"2026-06-08T14:06:04.5437695+08:00","level":"INFO","msg":"T = 8180.000\r","component":"api","simulation_id":12,"stream":"stdout"}
{"time":"2026-06-08T14:06:14.5371716+08:00","level":"INFO","msg":"T = 8190.000\r","component":"api","simulation_id":12,"stream":"stdout"}
{"time":"2026-06-08T14:06:24.5409972+08:00","level":"INFO","msg":"T = 8200.000\r","component":"api","simulation_id":12,"stream":"stdout"}
{"time":"2026-06-08T14:06:34.5418417+08:00","level":"INFO","msg":"T = 8210.000\r","component":"api","simulation_id":12,"stream":"stdout"}
{"time":"2026-06-08T14:06:44.5407993+08:00","level":"INFO","msg":"T = 8220.000\r","component":"api","simulation_id":12,"stream":"stdout"}
{"time":"2026-06-08T14:06:54.5388264+08:00","level":"INFO","msg":"T = 8230.000\r","component":"api","simulation_id":12,"stream":"stdout"}
{"time":"2026-06-08T14:07:04.5387205+08:00","level":"INFO","msg":"T = 8240.000\r","component":"api","simulation_id":12,"stream":"stdout"}
{"time":"2026-06-08T14:07:14.536587+08:00","level":"INFO","msg":"T = 8250.000\r","component":"api","simulation_id":12,"stream":"stdout"}
{"time":"2026-06-08T14:07:24.5456543+08:00","level":"INFO","msg":"T = 8260.000\r","component":"api","simulation_id":12,"stream":"stdout"}
{"time":"2026-06-08T14:07:34.544875+08:00","level":"INFO","msg":"T = 8270.000\r","component":"api","simulation_id":12,"stream":"stdout"}
{"time":"2026-06-08T14:07:44.5395903+08:00","level":"INFO","msg":"T = 8280.000\r","component":"api","simulation_id":12,"stream":"stdout"}
{"time":"2026-06-08T14:07:54.5369005+08:00","level":"INFO","msg":"T = 8290.000\r","component":"api","simulation_id":12,"stream":"stdout"}
{"time":"2026-06-08T14:08:04.5369016+08:00","level":"INFO","msg":"T = 8300.000\r","component":"api","simulation_id":12,"stream":"stdout"}
{"time":"2026-06-08T14:08:14.5381816+08:00","level":"INFO","msg":"T = 8310.000\r","component":"api","simulation_id":12,"stream":"stdout"}
{"time":"2026-06-08T14:08:24.5453677+08:00","level":"INFO","msg":"T = 8320.000\r","component":"api","simulation_id":12,"stream":"stdout"}
{"time":"2026-06-08T14:08:34.5441476+08:00","level":"INFO","msg":"T = 8330.000\r","component":"api","simulation_id":12,"stream":"stdout"}
{"time":"2026-06-08T14:08:44.5366223+08:00","level":"INFO","msg":"T = 8340.000\r","component":"api","simulation_id":12,"stream":"stdout"}
{"time":"2026-06-08T14:08:54.5369885+08:00","level":"INFO","msg":"T = 8350.000\r","component":"api","simulation_id":12,"stream":"stdout"}
{"time":"2026-06-08T14:09:04.5380042+08:00","level":"INFO","msg":"T = 8360.000\r","component":"api","simulation_id":12,"stream":"stdout"}
{"time":"2026-06-08T14:09:14.5453703+08:00","level":"INFO","msg":"T = 8370.000\r","component":"api","simulation_id":12,"stream":"stdout"}
{"time":"2026-06-08T14:09:24.5439034+08:00","level":"INFO","msg":"T = 8380.000\r","component":"api","simulation_id":12,"stream":"stdout"}
{"time":"2026-06-08T14:09:34.5413176+08:00","level":"INFO","msg":"T = 8390.000\r","component":"api","simulation_id":12,"stream":"stdout"}
{"time":"2026-06-08T14:09:44.5410299+08:00","level":"INFO","msg":"T = 8400.000\r","component":"api","simulation_id":12,"stream":"stdout"}
{"time":"2026-06-08T14:09:54.5418222+08:00","level":"INFO","msg":"T = 8410.000\r","component":"api","simulation_id":12,"stream":"stdout"}
{"time":"2026-06-08T14:10:04.542317+08:00","level":"INFO","msg":"T = 8420.000\r","component":"api","simulation_id":12,"stream":"stdout"}
{"time":"2026-06-08T14:10:14.5403222+08:00","level":"INFO","msg":"T = 8430.000\r","component":"api","simulation_id":12,"stream":"stdout"}
{"time":"2026-06-08T14:10:24.5381494+08:00","level":"INFO","msg":"T = 8440.000\r","component":"api","simulation_id":12,"stream":"stdout"}
{"time":"2026-06-08T14:10:34.5445258+08:00","level":"INFO","msg":"T = 8450.000\r","component":"api","simulation_id":12,"stream":"stdout"}
{"time":"2026-06-08T14:10:44.537738+08:00","level":"INFO","msg":"T = 8460.000\r","component":"api","simulation_id":12,"stream":"stdout"}
{"time":"2026-06-08T14:10:54.5391216+08:00","level":"INFO","msg":"T = 8470.000\r","component":"api","simulation_id":12,"stream":"stdout"}
{"time":"2026-06-08T14:11:04.5375065+08:00","level":"INFO","msg":"T = 8480.000\r","component":"api","simulation_id":12,"stream":"stdout"}
{"time":"2026-06-08T14:11:14.5401516+08:00","level":"INFO","msg":"T = 8490.000\r","component":"api","simulation_id":12,"stream":"stdout"}
{"time":"2026-06-08T14:11:24.5453334+08:00","level":"INFO","msg":"T = 8500.000\r","component":"api","simulation_id":12,"stream":"stdout"}
{"time":"2026-06-08T14:11:34.5406444+08:00","level":"INFO","msg":"T = 8510.000\r","component":"api","simulation_id":12,"stream":"stdout"}
{"time":"2026-06-08T14:11:44.5416225+08:00","level":"INFO","msg":"T = 8520.000\r","component":"api","simulation_id":12,"stream":"stdout"}
{"time":"2026-06-08T14:11:54.5397082+08:00","level":"INFO","msg":"T = 8530.000\r","component":"api","simulation_id":12,"stream":"stdout"}
{"time":"2026-06-08T14:12:04.5390628+08:00","level":"INFO","msg":"T = 8540.000\r","component":"api","simulation_id":12,"stream":"stdout"}
{"time":"2026-06-08T14:12:14.5373601+08:00","level":"INFO","msg":"T = 8550.000\r","component":"api","simulation_id":12,"stream":"stdout"}
{"time":"2026-06-08T14:12:24.5462881+08:00","level":"INFO","msg":"T = 8560.000\r","component":"api","simulation_id":12,"stream":"stdout"}
{"time":"2026-06-08T14:12:34.5370437+08:00","level":"INFO","msg":"T = 8570.000\r","component":"api","simulation_id":12,"stream":"stdout"}
{"time":"2026-06-08T14:12:44.5464736+08:00","level":"INFO","msg":"T = 8580.000\r","component":"api","simulation_id":12,"stream":"stdout"}
{"time":"2026-06-08T14:12:54.5362454+08:00","level":"INFO","msg":"T = 8590.000\r","component":"api","simulation_id":12,"stream":"stdout"}
{"time":"2026-06-08T14:13:04.5380136+08:00","level":"INFO","msg":"T = 8600.000\r","component":"api","simulation_id":12,"stream":"stdout"}
{"time":"2026-06-08T14:13:14.5421301+08:00","level":"INFO","msg":"T = 8610.000\r","component":"api","simulation_id":12,"stream":"stdout"}
{"time":"2026-06-08T14:13:24.5397113+08:00","level":"INFO","msg":"T = 8620.000\r","component":"api","simulation_id":12,"stream":"stdout"}
{"time":"2026-06-08T14:13:34.5361445+08:00","level":"INFO","msg":"T = 8630.000\r","component":"api","simulation_id":12,"stream":"stdout"}
{"time":"2026-06-08T14:13:44.5361937+08:00","level":"INFO","msg":"T = 8640.000\r","component":"api","simulation_id":12,"stream":"stdout"}
{"time":"2026-06-08T14:13:54.5433989+08:00","level":"INFO","msg":"T = 8650.000\r","component":"api","simulation_id":12,"stream":"stdout"}
2026/06/08 14:14:01 [DESKTOP-2269V6M/0I7zd4hyWa-000217] "GET http://localhost:8080/api/scenarios HTTP/1.1" from [::1]:60438 - 200 129B in 0s
2026/06/08 14:14:01 [DESKTOP-2269V6M/0I7zd4hyWa-000218] "GET http://localhost:8080/api/scenarios HTTP/1.1" from [::1]:60440 - 200 129B in 0s
{"time":"2026-06-08T14:14:04.5468976+08:00","level":"INFO","msg":"T = 8660.000\r","component":"api","simulation_id":12,"stream":"stdout"}
{"time":"2026-06-08T14:14:08.2867922+08:00","level":"INFO","msg":"terminating mission.exe","component":"api","simulation_id":12}
{"time":"2026-06-08T14:14:08.2990559+08:00","level":"ERROR","msg":"failed to read from event pipe","component":"api","simulation_id":12,"error":"reading length prefix: The pipe has been ended."}
{"time":"2026-06-08T14:14:08.2995734+08:00","level":"ERROR","msg":"connector error","component":"api","simulation_id":12,"error":"event pipe read error: reading length prefix: The pipe has been ended."}
{"time":"2026-06-08T14:14:08.303864+08:00","level":"INFO","msg":"mission.exe exited","component":"api","simulation_id":12,"error":"exit status 1"}
2026/06/08 14:14:08 [DESKTOP-2269V6M/0I7zd4hyWa-000219] "POST http://localhost:8080/api/simulations/12/terminate HTTP/1.1" from [::1]:60458 - 200 23B in 17.5888ms
{"time":"2026-06-08T14:14:08.306287+08:00","level":"ERROR","msg":"websocket read error","component":"api","component":"ws-client","error":"websocket: close 1005 (no status)"}
2026/06/08 14:14:14 [DESKTOP-2269V6M/0I7zd4hyWa-000220] "GET http://localhost:8080/api/scenarios HTTP/1.1" from [::1]:60466 - 200 129B in 0s
2026/06/08 14:14:14 [DESKTOP-2269V6M/0I7zd4hyWa-000221] "GET http://localhost:8080/api/scenarios HTTP/1.1" from [::1]:60467 - 200 129B in 0s
2026/06/08 14:48:38 [DESKTOP-2269V6M/0I7zd4hyWa-000222] "GET http://localhost:8080/api/scenarios HTTP/1.1" from [::1]:64476 - 200 129B in 0s
2026/06/08 14:48:38 [DESKTOP-2269V6M/0I7zd4hyWa-000223] "GET http://localhost:8080/api/scenarios HTTP/1.1" from [::1]:64477 - 200 129B in 0s
{"time":"2026-06-08T14:48:40.982694+08:00","level":"INFO","msg":"starting mission.exe","component":"api","simulation_id":13,"path":"e:\\AFsim\\afsimweb-master\\AFSim\\afsim-2.9.0-win64\\bin\\mission.exe","scenario":"scenarios\\test_gateway.scenario","mode":"realtime","args":["-rt","test_gateway.scenario"]}
2026/06/08 14:48:40 [DESKTOP-2269V6M/0I7zd4hyWa-000224] "POST http://localhost:8080/api/simulations HTTP/1.1" from [::1]:64500 - 201 142B in 2.6333ms
{"time":"2026-06-08T14:48:40.9853273+08:00","level":"INFO","msg":"pipe not available, retrying","component":"api","simulation_id":13,"pipe":"events","path":"\\\\.\\pipe\\afsim_events","error":"CreateFile pipe: The system cannot find the file specified.","retry_in":2000000000}
{"time":"2026-06-08T14:48:40.9884812+08:00","level":"INFO","msg":"WebSocket connection request","component":"api","simulation_id":"13"}
2026/06/08 14:48:40 [DESKTOP-2269V6M/0I7zd4hyWa-000225] "GET http://localhost:8080/api/simulations/13/ws HTTP/1.1" from [::1]:64501 - 000 0B in 524.9µs
{"time":"2026-06-08T14:48:41.2135691+08:00","level":"INFO","msg":"mission:\r","component":"api","simulation_id":13,"stream":"stdout"}
{"time":"2026-06-08T14:48:41.2146011+08:00","level":"INFO","msg":"    WSF Version: 2.9.0 02-25-2022\r","component":"api","simulation_id":13,"stream":"stdout"}
{"time":"2026-06-08T14:48:41.2151163+08:00","level":"INFO","msg":"    Built: Feb 25 2022 08:12:40\r","component":"api","simulation_id":13,"stream":"stdout"}
{"time":"2026-06-08T14:48:41.2156312+08:00","level":"INFO","msg":"Plugin API version info:\r","component":"api","simulation_id":13,"stream":"stdout"}
{"time":"2026-06-08T14:48:41.216147+08:00","level":"INFO","msg":"    Version: 2.9\r","component":"api","simulation_id":13,"stream":"stdout"}
{"time":"2026-06-08T14:48:41.2167315+08:00","level":"INFO","msg":"    Compiler: win_1916_64bit_release-hwe\r","component":"api","simulation_id":13,"stream":"stdout"}
{"time":"2026-06-08T14:48:41.2177743+08:00","level":"INFO","msg":"Plugins Loaded:\r","component":"api","simulation_id":13,"stream":"stdout"}
{"time":"2026-06-08T14:48:41.2182904+08:00","level":"INFO","msg":"    wsf_alternate_locations.dll, wsf_coverage.dll, wsf_iads_c2.dll, wsf_prompt.dll, wsf_scenario_analyzer.dll, wsf_scenario_analyzer_iads_c2.dll, wsf_air_combat.dll, wsf_annotation.dll, wsf_argo8.dll, wsf_brawler.dll, wsf_event_gateway.dll, wsf_fires.dll, wsf_multiresolution.dll, wsf_oms_uci.dll, wsf_p6dof.dll, wsf_six_dof.dll, wsf_sosm.dll\r","component":"api","simulation_id":13,"stream":"stdout"}
{"time":"2026-06-08T14:48:41.2188145+08:00","level":"INFO","msg":"Extensions Included: \r","component":"api","simulation_id":13,"stream":"stdout"}
{"time":"2026-06-08T14:48:41.2193419+08:00","level":"INFO","msg":"    sensor_plot_lib, wsf_cyber, wsf_grammar_check, wsf_l16, wsf_mil, wsf_mil_parser, wsf_mtt, wsf_nx, wsf_parser, wsf_ripr, wsf_space, wsf_weapon_server, wsf_simdis\r","component":"api","simulation_id":13,"stream":"stdout"}
{"time":"2026-06-08T14:48:41.2198602+08:00","level":"INFO","msg":"\r","component":"api","simulation_id":13,"stream":"stdout"}
{"time":"2026-06-08T14:48:41.2209046+08:00","level":"INFO","msg":"Loading simulation input.\r","component":"api","simulation_id":13,"stream":"stdout"}
{"time":"2026-06-08T14:48:41.2214197+08:00","level":"INFO","msg":"Loading simulation input complete.\r","component":"api","simulation_id":13,"stream":"stdout"}
{"time":"2026-06-08T14:48:41.2219344+08:00","level":"INFO","msg":"    Elapsed Wall Clock Time: 0.00287\r","component":"api","simulation_id":13,"stream":"stdout"}
{"time":"2026-06-08T14:48:41.2224491+08:00","level":"INFO","msg":"    Elapsed Processor Time : 0\r","component":"api","simulation_id":13,"stream":"stdout"}
{"time":"2026-06-08T14:48:41.2229638+08:00","level":"INFO","msg":"Initializing simulation.\r","component":"api","simulation_id":13,"stream":"stdout"}
{"time":"2026-06-08T14:48:41.2239909+08:00","level":"INFO","msg":"***** ERROR: wsf_event_gateway: Created pipe \\\\.\\pipe\\afsim_events successfully\r","component":"api","simulation_id":13,"stream":"stdout"}
{"time":"2026-06-08T14:48:41.2245066+08:00","level":"INFO","msg":"Initializing simulation complete.\r","component":"api","simulation_id":13,"stream":"stdout"}
{"time":"2026-06-08T14:48:41.2255514+08:00","level":"INFO","msg":"    Elapsed Wall Clock Time: 0.0060967\r","component":"api","simulation_id":13,"stream":"stdout"}
{"time":"2026-06-08T14:48:41.2260731+08:00","level":"INFO","msg":"    Elapsed Processor Time : 0.015625\r","component":"api","simulation_id":13,"stream":"stdout"}
{"time":"2026-06-08T14:48:41.2271161+08:00","level":"INFO","msg":"Starting simulation.\r","component":"api","simulation_id":13,"stream":"stdout"}
{"time":"2026-06-08T14:48:41.2276319+08:00","level":"INFO","msg":"T = 0\r","component":"api","simulation_id":13,"stream":"stdout"}
{"time":"2026-06-08T14:48:42.9864001+08:00","level":"INFO","msg":"connected to named pipe","component":"api","simulation_id":13,"pipe":"events","path":"\\\\.\\pipe\\afsim_events","access":"read-only"}
{"time":"2026-06-08T14:48:42.9875831+08:00","level":"INFO","msg":"connected to named pipe","component":"api","simulation_id":13,"pipe":"control","path":"\\\\.\\pipe\\afsim_control","access":"write-only"}
{"time":"2026-06-08T14:48:42.9876733+08:00","level":"INFO","msg":"connected to both AFSIM pipes, starting event loop","component":"api","simulation_id":13}
{"time":"2026-06-08T14:48:51.2199881+08:00","level":"INFO","msg":"T = 10.000\r","component":"api","simulation_id":13,"stream":"stdout"}
{"time":"2026-06-08T14:49:01.2272534+08:00","level":"INFO","msg":"T = 20.000\r","component":"api","simulation_id":13,"stream":"stdout"}
{"time":"2026-06-08T14:49:01.7023396+08:00","level":"INFO","msg":"terminating mission.exe","component":"api","simulation_id":13}
{"time":"2026-06-08T14:49:01.7182746+08:00","level":"ERROR","msg":"failed to read from event pipe","component":"api","simulation_id":13,"error":"reading length prefix: The pipe has been ended."}
{"time":"2026-06-08T14:49:01.7182746+08:00","level":"ERROR","msg":"connector error","component":"api","simulation_id":13,"error":"event pipe read error: reading length prefix: The pipe has been ended."}
{"time":"2026-06-08T14:49:01.7230395+08:00","level":"INFO","msg":"mission.exe exited","component":"api","simulation_id":13,"error":"exit status 1"}
2026/06/08 14:49:01 [DESKTOP-2269V6M/0I7zd4hyWa-000226] "POST http://localhost:8080/api/simulations/13/terminate HTTP/1.1" from [::1]:64511 - 200 23B in 21.222ms
{"time":"2026-06-08T14:49:01.7252347+08:00","level":"ERROR","msg":"websocket read error","component":"api","component":"ws-client","error":"websocket: close 1005 (no status)"}
2026/06/08 14:49:47 [DESKTOP-2269V6M/0I7zd4hyWa-000227] "GET http://localhost:8080/api/scenarios HTTP/1.1" from [::1]:64550 - 200 129B in 0s
2026/06/08 14:49:47 [DESKTOP-2269V6M/0I7zd4hyWa-000228] "GET http://localhost:8080/api/scenarios HTTP/1.1" from [::1]:64552 - 200 129B in 0s
2026/06/08 14:50:23 [DESKTOP-2269V6M/0I7zd4hyWa-000229] "GET http://localhost:8080/api/scenarios HTTP/1.1" from [::1]:64599 - 200 129B in 0s
{"time":"2026-06-08T14:50:26.5004467+08:00","level":"INFO","msg":"starting mission.exe","component":"api","simulation_id":14,"path":"e:\\AFsim\\afsimweb-master\\AFSim\\afsim-2.9.0-win64\\bin\\mission.exe","scenario":"scenarios\\test_gateway.scenario","mode":"realtime","args":["-rt","test_gateway.scenario"]}
2026/06/08 14:50:26 [DESKTOP-2269V6M/0I7zd4hyWa-000230] "POST http://localhost:8080/api/simulations HTTP/1.1" from [::1]:64602 - 201 143B in 3.101ms
{"time":"2026-06-08T14:50:26.5035477+08:00","level":"INFO","msg":"pipe not available, retrying","component":"api","simulation_id":14,"pipe":"events","path":"\\\\.\\pipe\\afsim_events","error":"CreateFile pipe: The system cannot find the file specified.","retry_in":2000000000}
{"time":"2026-06-08T14:50:26.5066855+08:00","level":"INFO","msg":"WebSocket connection request","component":"api","simulation_id":"14"}
2026/06/08 14:50:26 [DESKTOP-2269V6M/0I7zd4hyWa-000231] "GET http://localhost:8080/api/simulations/14/ws HTTP/1.1" from [::1]:64603 - 000 0B in 524.2µs
{"time":"2026-06-08T14:50:26.6345869+08:00","level":"INFO","msg":"mission:\r","component":"api","simulation_id":14,"stream":"stdout"}
{"time":"2026-06-08T14:50:26.6345869+08:00","level":"INFO","msg":"    WSF Version: 2.9.0 02-25-2022\r","component":"api","simulation_id":14,"stream":"stdout"}
{"time":"2026-06-08T14:50:26.6356249+08:00","level":"INFO","msg":"    Built: Feb 25 2022 08:12:40\r","component":"api","simulation_id":14,"stream":"stdout"}
{"time":"2026-06-08T14:50:26.6361404+08:00","level":"INFO","msg":"Plugin API version info:\r","component":"api","simulation_id":14,"stream":"stdout"}
{"time":"2026-06-08T14:50:26.6366586+08:00","level":"INFO","msg":"    Version: 2.9\r","component":"api","simulation_id":14,"stream":"stdout"}
{"time":"2026-06-08T14:50:26.6371765+08:00","level":"INFO","msg":"    Compiler: win_1916_64bit_release-hwe\r","component":"api","simulation_id":14,"stream":"stdout"}
{"time":"2026-06-08T14:50:26.6382093+08:00","level":"INFO","msg":"Plugins Loaded:\r","component":"api","simulation_id":14,"stream":"stdout"}
{"time":"2026-06-08T14:50:26.6387341+08:00","level":"INFO","msg":"    wsf_alternate_locations.dll, wsf_coverage.dll, wsf_iads_c2.dll, wsf_prompt.dll, wsf_scenario_analyzer.dll, wsf_scenario_analyzer_iads_c2.dll, wsf_air_combat.dll, wsf_annotation.dll, wsf_argo8.dll, wsf_brawler.dll, wsf_event_gateway.dll, wsf_fires.dll, wsf_multiresolution.dll, wsf_oms_uci.dll, wsf_p6dof.dll, wsf_six_dof.dll, wsf_sosm.dll\r","component":"api","simulation_id":14,"stream":"stdout"}
{"time":"2026-06-08T14:50:26.6392493+08:00","level":"INFO","msg":"Extensions Included: \r","component":"api","simulation_id":14,"stream":"stdout"}
{"time":"2026-06-08T14:50:26.6397659+08:00","level":"INFO","msg":"    sensor_plot_lib, wsf_cyber, wsf_grammar_check, wsf_l16, wsf_mil, wsf_mil_parser, wsf_mtt, wsf_nx, wsf_parser, wsf_ripr, wsf_space, wsf_weapon_server, wsf_simdis\r","component":"api","simulation_id":14,"stream":"stdout"}
{"time":"2026-06-08T14:50:26.6402832+08:00","level":"INFO","msg":"\r","component":"api","simulation_id":14,"stream":"stdout"}
{"time":"2026-06-08T14:50:26.6413156+08:00","level":"INFO","msg":"Loading simulation input.\r","component":"api","simulation_id":14,"stream":"stdout"}
{"time":"2026-06-08T14:50:26.6418309+08:00","level":"INFO","msg":"Loading simulation input complete.\r","component":"api","simulation_id":14,"stream":"stdout"}
{"time":"2026-06-08T14:50:26.6423461+08:00","level":"INFO","msg":"    Elapsed Wall Clock Time: 0.0028026\r","component":"api","simulation_id":14,"stream":"stdout"}
{"time":"2026-06-08T14:50:26.6428611+08:00","level":"INFO","msg":"    Elapsed Processor Time : 0\r","component":"api","simulation_id":14,"stream":"stdout"}
{"time":"2026-06-08T14:50:26.6433761+08:00","level":"INFO","msg":"Initializing simulation.\r","component":"api","simulation_id":14,"stream":"stdout"}
{"time":"2026-06-08T14:50:26.6444041+08:00","level":"INFO","msg":"***** ERROR: wsf_event_gateway: Created pipe \\\\.\\pipe\\afsim_events successfully\r","component":"api","simulation_id":14,"stream":"stdout"}
{"time":"2026-06-08T14:50:26.6449193+08:00","level":"INFO","msg":"Initializing simulation complete.\r","component":"api","simulation_id":14,"stream":"stdout"}
{"time":"2026-06-08T14:50:26.6454344+08:00","level":"INFO","msg":"    Elapsed Wall Clock Time: 0.0058883\r","component":"api","simulation_id":14,"stream":"stdout"}
{"time":"2026-06-08T14:50:26.6459505+08:00","level":"INFO","msg":"    Elapsed Processor Time : 0\r","component":"api","simulation_id":14,"stream":"stdout"}
{"time":"2026-06-08T14:50:26.6469892+08:00","level":"INFO","msg":"Starting simulation.\r","component":"api","simulation_id":14,"stream":"stdout"}
{"time":"2026-06-08T14:50:26.6475047+08:00","level":"INFO","msg":"T = 0\r","component":"api","simulation_id":14,"stream":"stdout"}
{"time":"2026-06-08T14:50:28.5059703+08:00","level":"INFO","msg":"connected to named pipe","component":"api","simulation_id":14,"pipe":"events","path":"\\\\.\\pipe\\afsim_events","access":"read-only"}
{"time":"2026-06-08T14:50:28.5071392+08:00","level":"INFO","msg":"connected to named pipe","component":"api","simulation_id":14,"pipe":"control","path":"\\\\.\\pipe\\afsim_control","access":"write-only"}
{"time":"2026-06-08T14:50:28.5076571+08:00","level":"INFO","msg":"connected to both AFSIM pipes, starting event loop","component":"api","simulation_id":14}
{"time":"2026-06-08T14:50:30.141443+08:00","level":"INFO","msg":"terminating mission.exe","component":"api","simulation_id":14}
{"time":"2026-06-08T14:50:30.1538224+08:00","level":"ERROR","msg":"failed to read from event pipe","component":"api","simulation_id":14,"error":"reading length prefix: The pipe has been ended."}
{"time":"2026-06-08T14:50:30.1538224+08:00","level":"ERROR","msg":"connector error","component":"api","simulation_id":14,"error":"event pipe read error: reading length prefix: The pipe has been ended."}
{"time":"2026-06-08T14:50:30.158424+08:00","level":"INFO","msg":"mission.exe exited","component":"api","simulation_id":14,"error":"exit status 1"}
2026/06/08 14:50:30 [DESKTOP-2269V6M/0I7zd4hyWa-000232] "POST http://localhost:8080/api/simulations/14/terminate HTTP/1.1" from [::1]:64606 - 200 23B in 17.4839ms
{"time":"2026-06-08T14:50:30.1605409+08:00","level":"ERROR","msg":"websocket read error","component":"api","component":"ws-client","error":"websocket: close 1005 (no status)"}
2026/06/08 15:03:19 [DESKTOP-2269V6M/0I7zd4hyWa-000233] "GET http://localhost:8080/api/scenarios HTTP/1.1" from [::1]:49330 - 200 129B in 0s
2026/06/08 15:03:19 [DESKTOP-2269V6M/0I7zd4hyWa-000234] "GET http://localhost:8080/api/scenarios HTTP/1.1" from [::1]:49332 - 200 129B in 0s
2026/06/08 15:07:56 [DESKTOP-2269V6M/0I7zd4hyWa-000235] "GET http://localhost:8080/api/scenarios HTTP/1.1" from [::1]:49928 - 200 129B in 0s
2026/06/08 15:07:56 [DESKTOP-2269V6M/0I7zd4hyWa-000236] "GET http://localhost:8080/api/scenarios HTTP/1.1" from [::1]:49930 - 200 129B in 0s
{"time":"2026-06-08T15:07:58.3493925+08:00","level":"INFO","msg":"starting mission.exe","component":"api","simulation_id":15,"path":"e:\\AFsim\\afsimweb-master\\AFSim\\afsim-2.9.0-win64\\bin\\mission.exe","scenario":"scenarios\\test_gateway.scenario","mode":"realtime","args":["-rt","test_gateway.scenario"]}
2026/06/08 15:07:58 [DESKTOP-2269V6M/0I7zd4hyWa-000237] "POST http://localhost:8080/api/simulations HTTP/1.1" from [::1]:49939 - 201 143B in 29.2516ms
{"time":"2026-06-08T15:07:58.3786441+08:00","level":"INFO","msg":"pipe not available, retrying","component":"api","simulation_id":15,"pipe":"events","path":"\\\\.\\pipe\\afsim_events","error":"CreateFile pipe: The system cannot find the file specified.","retry_in":2000000000}
{"time":"2026-06-08T15:07:58.3836513+08:00","level":"INFO","msg":"WebSocket connection request","component":"api","simulation_id":"15"}
2026/06/08 15:07:58 [DESKTOP-2269V6M/0I7zd4hyWa-000238] "GET http://localhost:8080/api/simulations/15/ws HTTP/1.1" from [::1]:49940 - 000 0B in 519µs
{"time":"2026-06-08T15:07:59.7762372+08:00","level":"INFO","msg":"mission:\r","component":"api","simulation_id":15,"stream":"stdout"}
{"time":"2026-06-08T15:07:59.7762372+08:00","level":"INFO","msg":"    WSF Version: 2.9.0 02-25-2022\r","component":"api","simulation_id":15,"stream":"stdout"}
{"time":"2026-06-08T15:07:59.7767513+08:00","level":"INFO","msg":"    Built: Feb 25 2022 08:12:40\r","component":"api","simulation_id":15,"stream":"stdout"}
{"time":"2026-06-08T15:07:59.7767513+08:00","level":"INFO","msg":"Plugin API version info:\r","component":"api","simulation_id":15,"stream":"stdout"}
{"time":"2026-06-08T15:07:59.777263+08:00","level":"INFO","msg":"    Version: 2.9\r","component":"api","simulation_id":15,"stream":"stdout"}
{"time":"2026-06-08T15:07:59.777263+08:00","level":"INFO","msg":"    Compiler: win_1916_64bit_release-hwe\r","component":"api","simulation_id":15,"stream":"stdout"}
{"time":"2026-06-08T15:07:59.7777812+08:00","level":"INFO","msg":"Plugins Loaded:\r","component":"api","simulation_id":15,"stream":"stdout"}
{"time":"2026-06-08T15:07:59.7777812+08:00","level":"INFO","msg":"    wsf_alternate_locations.dll, wsf_coverage.dll, wsf_iads_c2.dll, wsf_prompt.dll, wsf_scenario_analyzer.dll, wsf_scenario_analyzer_iads_c2.dll, wsf_air_combat.dll, wsf_annotation.dll, wsf_argo8.dll, wsf_brawler.dll, wsf_event_gateway.dll, wsf_fires.dll, wsf_multiresolution.dll, wsf_oms_uci.dll, wsf_p6dof.dll, wsf_six_dof.dll, wsf_sosm.dll\r","component":"api","simulation_id":15,"stream":"stdout"}
{"time":"2026-06-08T15:07:59.7782929+08:00","level":"INFO","msg":"Extensions Included: \r","component":"api","simulation_id":15,"stream":"stdout"}
{"time":"2026-06-08T15:07:59.7782929+08:00","level":"INFO","msg":"    sensor_plot_lib, wsf_cyber, wsf_grammar_check, wsf_l16, wsf_mil, wsf_mil_parser, wsf_mtt, wsf_nx, wsf_parser, wsf_ripr, wsf_space, wsf_weapon_server, wsf_simdis\r","component":"api","simulation_id":15,"stream":"stdout"}
{"time":"2026-06-08T15:07:59.7788077+08:00","level":"INFO","msg":"\r","component":"api","simulation_id":15,"stream":"stdout"}
{"time":"2026-06-08T15:07:59.7788077+08:00","level":"INFO","msg":"Loading simulation input.\r","component":"api","simulation_id":15,"stream":"stdout"}
{"time":"2026-06-08T15:07:59.7793283+08:00","level":"INFO","msg":"Loading simulation input complete.\r","component":"api","simulation_id":15,"stream":"stdout"}
{"time":"2026-06-08T15:07:59.7793283+08:00","level":"INFO","msg":"    Elapsed Wall Clock Time: 0.0540246\r","component":"api","simulation_id":15,"stream":"stdout"}
{"time":"2026-06-08T15:07:59.7798414+08:00","level":"INFO","msg":"    Elapsed Processor Time : 0\r","component":"api","simulation_id":15,"stream":"stdout"}
{"time":"2026-06-08T15:07:59.7798414+08:00","level":"INFO","msg":"Initializing simulation.\r","component":"api","simulation_id":15,"stream":"stdout"}
{"time":"2026-06-08T15:07:59.7814019+08:00","level":"INFO","msg":"***** ERROR: wsf_event_gateway: Created pipe \\\\.\\pipe\\afsim_events successfully\r","component":"api","simulation_id":15,"stream":"stdout"}
{"time":"2026-06-08T15:07:59.7824232+08:00","level":"INFO","msg":"Initializing simulation complete.\r","component":"api","simulation_id":15,"stream":"stdout"}
{"time":"2026-06-08T15:07:59.7829391+08:00","level":"INFO","msg":"    Elapsed Wall Clock Time: 0.0063914\r","component":"api","simulation_id":15,"stream":"stdout"}
{"time":"2026-06-08T15:07:59.7829391+08:00","level":"INFO","msg":"    Elapsed Processor Time : 0.03125\r","component":"api","simulation_id":15,"stream":"stdout"}
{"time":"2026-06-08T15:07:59.7834508+08:00","level":"INFO","msg":"Starting simulation.\r","component":"api","simulation_id":15,"stream":"stdout"}
{"time":"2026-06-08T15:07:59.7834508+08:00","level":"INFO","msg":"T = 0\r","component":"api","simulation_id":15,"stream":"stdout"}
{"time":"2026-06-08T15:08:00.3796659+08:00","level":"INFO","msg":"connected to named pipe","component":"api","simulation_id":15,"pipe":"events","path":"\\\\.\\pipe\\afsim_events","access":"read-only"}
{"time":"2026-06-08T15:08:00.3796659+08:00","level":"INFO","msg":"connected to named pipe","component":"api","simulation_id":15,"pipe":"control","path":"\\\\.\\pipe\\afsim_control","access":"write-only"}
{"time":"2026-06-08T15:08:00.3810359+08:00","level":"INFO","msg":"connected to both AFSIM pipes, starting event loop","component":"api","simulation_id":15}
{"time":"2026-06-08T15:08:09.7824668+08:00","level":"INFO","msg":"T = 10.000\r","component":"api","simulation_id":15,"stream":"stdout"}
{"time":"2026-06-08T15:08:19.7892904+08:00","level":"INFO","msg":"T = 20.000\r","component":"api","simulation_id":15,"stream":"stdout"}
{"time":"2026-06-08T15:08:21.7341516+08:00","level":"INFO","msg":"terminating mission.exe","component":"api","simulation_id":15}
{"time":"2026-06-08T15:08:21.7511632+08:00","level":"ERROR","msg":"failed to read from event pipe","component":"api","simulation_id":15,"error":"reading length prefix: The pipe has been ended."}
{"time":"2026-06-08T15:08:21.7511632+08:00","level":"ERROR","msg":"connector error","component":"api","simulation_id":15,"error":"event pipe read error: reading length prefix: The pipe has been ended."}
{"time":"2026-06-08T15:08:21.7566847+08:00","level":"INFO","msg":"mission.exe exited","component":"api","simulation_id":15,"error":"exit status 1"}
2026/06/08 15:08:21 [DESKTOP-2269V6M/0I7zd4hyWa-000239] "POST http://localhost:8080/api/simulations/15/terminate HTTP/1.1" from [::1]:50132 - 200 23B in 23.0499ms
{"time":"2026-06-08T15:08:21.7588022+08:00","level":"ERROR","msg":"websocket read error","component":"api","component":"ws-client","error":"websocket: close 1005 (no status)"}
2026/06/08 15:17:16 [DESKTOP-2269V6M/0I7zd4hyWa-000240] "GET http://localhost:8080/api/scenarios HTTP/1.1" from [::1]:51092 - 200 129B in 0s
2026/06/08 15:17:16 [DESKTOP-2269V6M/0I7zd4hyWa-000241] "GET http://localhost:8080/api/scenarios HTTP/1.1" from [::1]:51094 - 200 129B in 0s
2026/06/08 16:44:25 [DESKTOP-2269V6M/0I7zd4hyWa-000242] "GET http://localhost:8080/api/scenarios HTTP/1.1" from [::1]:57138 - 200 129B in 0s
2026/06/08 16:44:25 [DESKTOP-2269V6M/0I7zd4hyWa-000243] "GET http://localhost:8080/api/scenarios HTTP/1.1" from [::1]:57140 - 200 129B in 0s
{"time":"2026-06-08T16:44:55.7121066+08:00","level":"INFO","msg":"starting mission.exe","component":"api","simulation_id":16,"path":"e:\\AFsim\\afsimweb-master\\AFSim\\afsim-2.9.0-win64\\bin\\mission.exe","scenario":"scenarios\\test_gateway.scenario","mode":"realtime","args":["-rt","test_gateway.scenario"]}
2026/06/08 16:44:55 [DESKTOP-2269V6M/0I7zd4hyWa-000244] "POST http://localhost:8080/api/simulations HTTP/1.1" from [::1]:57186 - 201 143B in 3.6684ms
{"time":"2026-06-08T16:44:55.715775+08:00","level":"INFO","msg":"pipe not available, retrying","component":"api","simulation_id":16,"pipe":"events","path":"\\\\.\\pipe\\afsim_events","error":"CreateFile pipe: The system cannot find the file specified.","retry_in":2000000000}
{"time":"2026-06-08T16:44:55.7184582+08:00","level":"INFO","msg":"WebSocket connection request","component":"api","simulation_id":"16"}
2026/06/08 16:44:55 [DESKTOP-2269V6M/0I7zd4hyWa-000245] "GET http://localhost:8080/api/simulations/16/ws HTTP/1.1" from [::1]:57187 - 000 0B in 528.6µs
{"time":"2026-06-08T16:44:55.8447008+08:00","level":"INFO","msg":"mission:\r","component":"api","simulation_id":16,"stream":"stdout"}
{"time":"2026-06-08T16:44:55.8452186+08:00","level":"INFO","msg":"    WSF Version: 2.9.0 02-25-2022\r","component":"api","simulation_id":16,"stream":"stdout"}
{"time":"2026-06-08T16:44:55.8457333+08:00","level":"INFO","msg":"    Built: Feb 25 2022 08:12:40\r","component":"api","simulation_id":16,"stream":"stdout"}
{"time":"2026-06-08T16:44:55.8462456+08:00","level":"INFO","msg":"Plugin API version info:\r","component":"api","simulation_id":16,"stream":"stdout"}
{"time":"2026-06-08T16:44:55.846765+08:00","level":"INFO","msg":"    Version: 2.9\r","component":"api","simulation_id":16,"stream":"stdout"}
{"time":"2026-06-08T16:44:55.846765+08:00","level":"INFO","msg":"    Compiler: win_1916_64bit_release-hwe\r","component":"api","simulation_id":16,"stream":"stdout"}
{"time":"2026-06-08T16:44:55.8473215+08:00","level":"INFO","msg":"Plugins Loaded:\r","component":"api","simulation_id":16,"stream":"stdout"}
{"time":"2026-06-08T16:44:55.8478441+08:00","level":"INFO","msg":"    wsf_alternate_locations.dll, wsf_coverage.dll, wsf_iads_c2.dll, wsf_prompt.dll, wsf_scenario_analyzer.dll, wsf_scenario_analyzer_iads_c2.dll, wsf_air_combat.dll, wsf_annotation.dll, wsf_argo8.dll, wsf_brawler.dll, wsf_event_gateway.dll, wsf_fires.dll, wsf_multiresolution.dll, wsf_oms_uci.dll, wsf_p6dof.dll, wsf_six_dof.dll, wsf_sosm.dll\r","component":"api","simulation_id":16,"stream":"stdout"}
{"time":"2026-06-08T16:44:55.8483669+08:00","level":"INFO","msg":"Extensions Included: \r","component":"api","simulation_id":16,"stream":"stdout"}
{"time":"2026-06-08T16:44:55.8488872+08:00","level":"INFO","msg":"    sensor_plot_lib, wsf_cyber, wsf_grammar_check, wsf_l16, wsf_mil, wsf_mil_parser, wsf_mtt, wsf_nx, wsf_parser, wsf_ripr, wsf_space, wsf_weapon_server, wsf_simdis\r","component":"api","simulation_id":16,"stream":"stdout"}
{"time":"2026-06-08T16:44:55.8494038+08:00","level":"INFO","msg":"\r","component":"api","simulation_id":16,"stream":"stdout"}
{"time":"2026-06-08T16:44:55.8494038+08:00","level":"INFO","msg":"Loading simulation input.\r","component":"api","simulation_id":16,"stream":"stdout"}
{"time":"2026-06-08T16:44:55.8499282+08:00","level":"INFO","msg":"Loading simulation input complete.\r","component":"api","simulation_id":16,"stream":"stdout"}
{"time":"2026-06-08T16:44:55.8509706+08:00","level":"INFO","msg":"    Elapsed Wall Clock Time: 0.0029146\r","component":"api","simulation_id":16,"stream":"stdout"}
{"time":"2026-06-08T16:44:55.8514857+08:00","level":"INFO","msg":"    Elapsed Processor Time : 0\r","component":"api","simulation_id":16,"stream":"stdout"}
{"time":"2026-06-08T16:44:55.8520007+08:00","level":"INFO","msg":"Initializing simulation.\r","component":"api","simulation_id":16,"stream":"stdout"}
{"time":"2026-06-08T16:44:55.852515+08:00","level":"INFO","msg":"***** ERROR: wsf_event_gateway: Created pipe \\\\.\\pipe\\afsim_events successfully\r","component":"api","simulation_id":16,"stream":"stdout"}
{"time":"2026-06-08T16:44:55.8530295+08:00","level":"INFO","msg":"Initializing simulation complete.\r","component":"api","simulation_id":16,"stream":"stdout"}
{"time":"2026-06-08T16:44:55.8535577+08:00","level":"INFO","msg":"    Elapsed Wall Clock Time: 0.0062716\r","component":"api","simulation_id":16,"stream":"stdout"}
{"time":"2026-06-08T16:44:55.8540724+08:00","level":"INFO","msg":"    Elapsed Processor Time : 0\r","component":"api","simulation_id":16,"stream":"stdout"}
{"time":"2026-06-08T16:44:55.854587+08:00","level":"INFO","msg":"Starting simulation.\r","component":"api","simulation_id":16,"stream":"stdout"}
{"time":"2026-06-08T16:44:55.8551014+08:00","level":"INFO","msg":"T = 0\r","component":"api","simulation_id":16,"stream":"stdout"}
{"time":"2026-06-08T16:44:57.717554+08:00","level":"INFO","msg":"connected to named pipe","component":"api","simulation_id":16,"pipe":"events","path":"\\\\.\\pipe\\afsim_events","access":"read-only"}
{"time":"2026-06-08T16:44:57.7186801+08:00","level":"INFO","msg":"connected to named pipe","component":"api","simulation_id":16,"pipe":"control","path":"\\\\.\\pipe\\afsim_control","access":"write-only"}
{"time":"2026-06-08T16:44:57.7187279+08:00","level":"INFO","msg":"connected to both AFSIM pipes, starting event loop","component":"api","simulation_id":16}
{"time":"2026-06-08T16:45:05.8528739+08:00","level":"INFO","msg":"T = 10.000\r","component":"api","simulation_id":16,"stream":"stdout"}
{"time":"2026-06-08T16:45:15.8621728+08:00","level":"INFO","msg":"T = 20.000\r","component":"api","simulation_id":16,"stream":"stdout"}
{"time":"2026-06-08T16:45:25.8522936+08:00","level":"INFO","msg":"T = 30.000\r","component":"api","simulation_id":16,"stream":"stdout"}
{"time":"2026-06-08T16:45:35.8508836+08:00","level":"INFO","msg":"T = 40.000\r","component":"api","simulation_id":16,"stream":"stdout"}
{"time":"2026-06-08T16:45:45.8507509+08:00","level":"INFO","msg":"T = 50.000\r","component":"api","simulation_id":16,"stream":"stdout"}
{"time":"2026-06-08T16:45:55.8547042+08:00","level":"INFO","msg":"T = 60.000\r","component":"api","simulation_id":16,"stream":"stdout"}
{"time":"2026-06-08T16:46:05.8588529+08:00","level":"INFO","msg":"T = 70.000\r","component":"api","simulation_id":16,"stream":"stdout"}
{"time":"2026-06-08T16:46:15.8601409+08:00","level":"INFO","msg":"T = 80.000\r","component":"api","simulation_id":16,"stream":"stdout"}
{"time":"2026-06-08T16:46:25.8512658+08:00","level":"INFO","msg":"T = 90.000\r","component":"api","simulation_id":16,"stream":"stdout"}
{"time":"2026-06-08T16:46:35.8545598+08:00","level":"INFO","msg":"T = 100.000\r","component":"api","simulation_id":16,"stream":"stdout"}
{"time":"2026-06-08T16:46:45.8597439+08:00","level":"INFO","msg":"T = 110.000\r","component":"api","simulation_id":16,"stream":"stdout"}
{"time":"2026-06-08T16:46:55.8606765+08:00","level":"INFO","msg":"T = 120.000\r","component":"api","simulation_id":16,"stream":"stdout"}
{"time":"2026-06-08T16:47:05.8504592+08:00","level":"INFO","msg":"T = 130.000\r","component":"api","simulation_id":16,"stream":"stdout"}
{"time":"2026-06-08T16:47:15.8540076+08:00","level":"INFO","msg":"T = 140.000\r","component":"api","simulation_id":16,"stream":"stdout"}
{"time":"2026-06-08T16:47:25.8607176+08:00","level":"INFO","msg":"T = 150.000\r","component":"api","simulation_id":16,"stream":"stdout"}
{"time":"2026-06-08T16:47:35.8508908+08:00","level":"INFO","msg":"T = 160.000\r","component":"api","simulation_id":16,"stream":"stdout"}
{"time":"2026-06-08T16:47:45.8610986+08:00","level":"INFO","msg":"T = 170.000\r","component":"api","simulation_id":16,"stream":"stdout"}
{"time":"2026-06-08T16:47:55.8598263+08:00","level":"INFO","msg":"T = 180.000\r","component":"api","simulation_id":16,"stream":"stdout"}
{"time":"2026-06-08T16:48:05.8534229+08:00","level":"INFO","msg":"T = 190.000\r","component":"api","simulation_id":16,"stream":"stdout"}
{"time":"2026-06-08T16:48:15.8611134+08:00","level":"INFO","msg":"T = 200.000\r","component":"api","simulation_id":16,"stream":"stdout"}
{"time":"2026-06-08T16:48:25.8554598+08:00","level":"INFO","msg":"T = 210.000\r","component":"api","simulation_id":16,"stream":"stdout"}
{"time":"2026-06-08T16:48:35.855437+08:00","level":"INFO","msg":"T = 220.000\r","component":"api","simulation_id":16,"stream":"stdout"}
{"time":"2026-06-08T16:48:45.8602725+08:00","level":"INFO","msg":"T = 230.000\r","component":"api","simulation_id":16,"stream":"stdout"}
{"time":"2026-06-08T16:48:55.859478+08:00","level":"INFO","msg":"T = 240.000\r","component":"api","simulation_id":16,"stream":"stdout"}
{"time":"2026-06-08T16:49:05.8509964+08:00","level":"INFO","msg":"T = 250.000\r","component":"api","simulation_id":16,"stream":"stdout"}
{"time":"2026-06-08T16:49:15.8554555+08:00","level":"INFO","msg":"T = 260.000\r","component":"api","simulation_id":16,"stream":"stdout"}
{"time":"2026-06-08T16:49:25.8524785+08:00","level":"INFO","msg":"T = 270.000\r","component":"api","simulation_id":16,"stream":"stdout"}
{"time":"2026-06-08T16:49:35.8616584+08:00","level":"INFO","msg":"T = 280.000\r","component":"api","simulation_id":16,"stream":"stdout"}
{"time":"2026-06-08T16:49:45.8505277+08:00","level":"INFO","msg":"T = 290.000\r","component":"api","simulation_id":16,"stream":"stdout"}
{"time":"2026-06-08T16:49:55.850498+08:00","level":"INFO","msg":"T = 300.000\r","component":"api","simulation_id":16,"stream":"stdout"}
{"time":"2026-06-08T16:50:05.8510364+08:00","level":"INFO","msg":"T = 310.000\r","component":"api","simulation_id":16,"stream":"stdout"}
{"time":"2026-06-08T16:50:15.8583868+08:00","level":"INFO","msg":"T = 320.000\r","component":"api","simulation_id":16,"stream":"stdout"}
{"time":"2026-06-08T16:50:25.8594364+08:00","level":"INFO","msg":"T = 330.000\r","component":"api","simulation_id":16,"stream":"stdout"}
{"time":"2026-06-08T16:50:35.8553116+08:00","level":"INFO","msg":"T = 340.000\r","component":"api","simulation_id":16,"stream":"stdout"}
{"time":"2026-06-08T16:50:45.8505402+08:00","level":"INFO","msg":"T = 350.000\r","component":"api","simulation_id":16,"stream":"stdout"}
{"time":"2026-06-08T16:50:55.861855+08:00","level":"INFO","msg":"T = 360.000\r","component":"api","simulation_id":16,"stream":"stdout"}
{"time":"2026-06-08T16:51:05.860863+08:00","level":"INFO","msg":"T = 370.000\r","component":"api","simulation_id":16,"stream":"stdout"}
{"time":"2026-06-08T16:51:15.8507494+08:00","level":"INFO","msg":"T = 380.000\r","component":"api","simulation_id":16,"stream":"stdout"}
{"time":"2026-06-08T16:51:25.8510151+08:00","level":"INFO","msg":"T = 390.000\r","component":"api","simulation_id":16,"stream":"stdout"}
{"time":"2026-06-08T16:51:35.8581726+08:00","level":"INFO","msg":"T = 400.000\r","component":"api","simulation_id":16,"stream":"stdout"}
{"time":"2026-06-08T16:51:45.8590736+08:00","level":"INFO","msg":"T = 410.000\r","component":"api","simulation_id":16,"stream":"stdout"}
{"time":"2026-06-08T16:51:55.8615768+08:00","level":"INFO","msg":"T = 420.000\r","component":"api","simulation_id":16,"stream":"stdout"}
{"time":"2026-06-08T16:52:05.8504923+08:00","level":"INFO","msg":"T = 430.000\r","component":"api","simulation_id":16,"stream":"stdout"}
{"time":"2026-06-08T16:52:15.8586211+08:00","level":"INFO","msg":"T = 440.000\r","component":"api","simulation_id":16,"stream":"stdout"}
{"time":"2026-06-08T16:52:25.8520559+08:00","level":"INFO","msg":"T = 450.000\r","component":"api","simulation_id":16,"stream":"stdout"}
{"time":"2026-06-08T16:52:35.8510353+08:00","level":"INFO","msg":"T = 460.000\r","component":"api","simulation_id":16,"stream":"stdout"}
{"time":"2026-06-08T16:52:45.8538695+08:00","level":"INFO","msg":"T = 470.000\r","component":"api","simulation_id":16,"stream":"stdout"}
{"time":"2026-06-08T16:52:55.8577545+08:00","level":"INFO","msg":"T = 480.000\r","component":"api","simulation_id":16,"stream":"stdout"}
{"time":"2026-06-08T16:53:05.8529897+08:00","level":"INFO","msg":"T = 490.000\r","component":"api","simulation_id":16,"stream":"stdout"}
{"time":"2026-06-08T16:53:15.8602397+08:00","level":"INFO","msg":"T = 500.000\r","component":"api","simulation_id":16,"stream":"stdout"}
{"time":"2026-06-08T16:53:25.8554797+08:00","level":"INFO","msg":"T = 510.000\r","component":"api","simulation_id":16,"stream":"stdout"}
{"time":"2026-06-08T16:53:35.8516019+08:00","level":"INFO","msg":"T = 520.000\r","component":"api","simulation_id":16,"stream":"stdout"}
{"time":"2026-06-08T16:53:45.8562284+08:00","level":"INFO","msg":"T = 530.000\r","component":"api","simulation_id":16,"stream":"stdout"}
{"time":"2026-06-08T16:53:55.852452+08:00","level":"INFO","msg":"T = 540.000\r","component":"api","simulation_id":16,"stream":"stdout"}
{"time":"2026-06-08T16:54:05.8527998+08:00","level":"INFO","msg":"T = 550.000\r","component":"api","simulation_id":16,"stream":"stdout"}
{"time":"2026-06-08T16:54:15.8532738+08:00","level":"INFO","msg":"T = 560.000\r","component":"api","simulation_id":16,"stream":"stdout"}
{"time":"2026-06-08T16:54:25.8513993+08:00","level":"INFO","msg":"T = 570.000\r","component":"api","simulation_id":16,"stream":"stdout"}
{"time":"2026-06-08T16:54:35.851228+08:00","level":"INFO","msg":"T = 580.000\r","component":"api","simulation_id":16,"stream":"stdout"}
{"time":"2026-06-08T16:54:45.8528633+08:00","level":"INFO","msg":"T = 590.000\r","component":"api","simulation_id":16,"stream":"stdout"}
{"time":"2026-06-08T16:54:55.8585549+08:00","level":"INFO","msg":"T = 600.000\r","component":"api","simulation_id":16,"stream":"stdout"}
{"time":"2026-06-08T16:55:05.8562527+08:00","level":"INFO","msg":"T = 610.000\r","component":"api","simulation_id":16,"stream":"stdout"}
{"time":"2026-06-08T16:55:15.8603601+08:00","level":"INFO","msg":"T = 620.000\r","component":"api","simulation_id":16,"stream":"stdout"}
{"time":"2026-06-08T16:55:25.8504561+08:00","level":"INFO","msg":"T = 630.000\r","component":"api","simulation_id":16,"stream":"stdout"}
{"time":"2026-06-08T16:55:35.8586354+08:00","level":"INFO","msg":"T = 640.000\r","component":"api","simulation_id":16,"stream":"stdout"}
{"time":"2026-06-08T16:55:45.8581491+08:00","level":"INFO","msg":"T = 650.000\r","component":"api","simulation_id":16,"stream":"stdout"}
{"time":"2026-06-08T16:55:55.8532172+08:00","level":"INFO","msg":"T = 660.000\r","component":"api","simulation_id":16,"stream":"stdout"}
{"time":"2026-06-08T16:56:05.8586104+08:00","level":"INFO","msg":"T = 670.000\r","component":"api","simulation_id":16,"stream":"stdout"}
{"time":"2026-06-08T16:56:15.8507968+08:00","level":"INFO","msg":"T = 680.000\r","component":"api","simulation_id":16,"stream":"stdout"}
{"time":"2026-06-08T16:56:25.8588678+08:00","level":"INFO","msg":"T = 690.000\r","component":"api","simulation_id":16,"stream":"stdout"}
{"time":"2026-06-08T16:56:35.8520896+08:00","level":"INFO","msg":"T = 700.000\r","component":"api","simulation_id":16,"stream":"stdout"}
{"time":"2026-06-08T16:56:45.8577445+08:00","level":"INFO","msg":"T = 710.000\r","component":"api","simulation_id":16,"stream":"stdout"}
{"time":"2026-06-08T16:56:55.8508065+08:00","level":"INFO","msg":"T = 720.000\r","component":"api","simulation_id":16,"stream":"stdout"}
{"time":"2026-06-08T16:57:05.86016+08:00","level":"INFO","msg":"T = 730.000\r","component":"api","simulation_id":16,"stream":"stdout"}
{"time":"2026-06-08T16:57:15.8576893+08:00","level":"INFO","msg":"T = 740.000\r","component":"api","simulation_id":16,"stream":"stdout"}
{"time":"2026-06-08T16:57:25.8537713+08:00","level":"INFO","msg":"T = 750.000\r","component":"api","simulation_id":16,"stream":"stdout"}
{"time":"2026-06-08T16:57:35.8512452+08:00","level":"INFO","msg":"T = 760.000\r","component":"api","simulation_id":16,"stream":"stdout"}
{"time":"2026-06-08T16:57:45.8545517+08:00","level":"INFO","msg":"T = 770.000\r","component":"api","simulation_id":16,"stream":"stdout"}
{"time":"2026-06-08T16:57:55.8601627+08:00","level":"INFO","msg":"T = 780.000\r","component":"api","simulation_id":16,"stream":"stdout"}
{"time":"2026-06-08T16:58:05.8508935+08:00","level":"INFO","msg":"T = 790.000\r","component":"api","simulation_id":16,"stream":"stdout"}
{"time":"2026-06-08T16:58:15.8576468+08:00","level":"INFO","msg":"T = 800.000\r","component":"api","simulation_id":16,"stream":"stdout"}
{"time":"2026-06-08T16:58:25.8511292+08:00","level":"INFO","msg":"T = 810.000\r","component":"api","simulation_id":16,"stream":"stdout"}
{"time":"2026-06-08T16:58:35.859038+08:00","level":"INFO","msg":"T = 820.000\r","component":"api","simulation_id":16,"stream":"stdout"}
{"time":"2026-06-08T16:58:45.8512279+08:00","level":"INFO","msg":"T = 830.000\r","component":"api","simulation_id":16,"stream":"stdout"}
{"time":"2026-06-08T16:58:55.8516642+08:00","level":"INFO","msg":"T = 840.000\r","component":"api","simulation_id":16,"stream":"stdout"}
{"time":"2026-06-08T16:59:05.8503127+08:00","level":"INFO","msg":"T = 850.000\r","component":"api","simulation_id":16,"stream":"stdout"}
{"time":"2026-06-08T16:59:15.858507+08:00","level":"INFO","msg":"T = 860.000\r","component":"api","simulation_id":16,"stream":"stdout"}
{"time":"2026-06-08T16:59:25.8504318+08:00","level":"INFO","msg":"T = 870.000\r","component":"api","simulation_id":16,"stream":"stdout"}
{"time":"2026-06-08T16:59:35.8617934+08:00","level":"INFO","msg":"T = 880.000\r","component":"api","simulation_id":16,"stream":"stdout"}
{"time":"2026-06-08T16:59:45.8578449+08:00","level":"INFO","msg":"T = 890.000\r","component":"api","simulation_id":16,"stream":"stdout"}
{"time":"2026-06-08T16:59:55.8556514+08:00","level":"INFO","msg":"T = 900.000\r","component":"api","simulation_id":16,"stream":"stdout"}
{"time":"2026-06-08T17:00:05.8552807+08:00","level":"INFO","msg":"T = 910.000\r","component":"api","simulation_id":16,"stream":"stdout"}
{"time":"2026-06-08T17:00:15.8593111+08:00","level":"INFO","msg":"T = 920.000\r","component":"api","simulation_id":16,"stream":"stdout"}
{"time":"2026-06-08T17:00:25.8610518+08:00","level":"INFO","msg":"T = 930.000\r","component":"api","simulation_id":16,"stream":"stdout"}
{"time":"2026-06-08T17:00:35.860283+08:00","level":"INFO","msg":"T = 940.000\r","component":"api","simulation_id":16,"stream":"stdout"}
{"time":"2026-06-08T17:00:45.8505048+08:00","level":"INFO","msg":"T = 950.000\r","component":"api","simulation_id":16,"stream":"stdout"}
{"time":"2026-06-08T17:00:55.8576294+08:00","level":"INFO","msg":"T = 960.000\r","component":"api","simulation_id":16,"stream":"stdout"}
{"time":"2026-06-08T17:01:05.8505206+08:00","level":"INFO","msg":"T = 970.000\r","component":"api","simulation_id":16,"stream":"stdout"}
{"time":"2026-06-08T17:01:15.8580325+08:00","level":"INFO","msg":"T = 980.000\r","component":"api","simulation_id":16,"stream":"stdout"}
{"time":"2026-06-08T17:01:25.8596904+08:00","level":"INFO","msg":"T = 990.000\r","component":"api","simulation_id":16,"stream":"stdout"}
{"time":"2026-06-08T17:01:35.8579159+08:00","level":"INFO","msg":"T = 1000.000\r","component":"api","simulation_id":16,"stream":"stdout"}
{"time":"2026-06-08T17:01:45.8507488+08:00","level":"INFO","msg":"T = 1010.000\r","component":"api","simulation_id":16,"stream":"stdout"}
{"time":"2026-06-08T17:01:55.8507318+08:00","level":"INFO","msg":"T = 1020.000\r","component":"api","simulation_id":16,"stream":"stdout"}
{"time":"2026-06-08T17:02:05.8608173+08:00","level":"INFO","msg":"T = 1030.000\r","component":"api","simulation_id":16,"stream":"stdout"}
{"time":"2026-06-08T17:02:15.852438+08:00","level":"INFO","msg":"T = 1040.000\r","component":"api","simulation_id":16,"stream":"stdout"}
{"time":"2026-06-08T17:02:25.8502807+08:00","level":"INFO","msg":"T = 1050.000\r","component":"api","simulation_id":16,"stream":"stdout"}
{"time":"2026-06-08T17:02:35.8590822+08:00","level":"INFO","msg":"T = 1060.000\r","component":"api","simulation_id":16,"stream":"stdout"}
{"time":"2026-06-08T17:02:45.8502478+08:00","level":"INFO","msg":"T = 1070.000\r","component":"api","simulation_id":16,"stream":"stdout"}
{"time":"2026-06-08T17:02:55.8597436+08:00","level":"INFO","msg":"T = 1080.000\r","component":"api","simulation_id":16,"stream":"stdout"}
{"time":"2026-06-08T17:03:05.8593258+08:00","level":"INFO","msg":"T = 1090.000\r","component":"api","simulation_id":16,"stream":"stdout"}
{"time":"2026-06-08T17:03:15.8503109+08:00","level":"INFO","msg":"T = 1100.000\r","component":"api","simulation_id":16,"stream":"stdout"}
{"time":"2026-06-08T17:03:25.8512174+08:00","level":"INFO","msg":"T = 1110.000\r","component":"api","simulation_id":16,"stream":"stdout"}
{"time":"2026-06-08T17:03:35.8612532+08:00","level":"INFO","msg":"T = 1120.000\r","component":"api","simulation_id":16,"stream":"stdout"}
{"time":"2026-06-08T17:03:45.8593217+08:00","level":"INFO","msg":"T = 1130.000\r","component":"api","simulation_id":16,"stream":"stdout"}
{"time":"2026-06-08T17:03:55.8531588+08:00","level":"INFO","msg":"T = 1140.000\r","component":"api","simulation_id":16,"stream":"stdout"}
{"time":"2026-06-08T17:04:05.8525913+08:00","level":"INFO","msg":"T = 1150.000\r","component":"api","simulation_id":16,"stream":"stdout"}
{"time":"2026-06-08T17:04:15.8538548+08:00","level":"INFO","msg":"T = 1160.000\r","component":"api","simulation_id":16,"stream":"stdout"}
{"time":"2026-06-08T17:04:25.8579883+08:00","level":"INFO","msg":"T = 1170.000\r","component":"api","simulation_id":16,"stream":"stdout"}
{"time":"2026-06-08T17:04:35.8517191+08:00","level":"INFO","msg":"T = 1180.000\r","component":"api","simulation_id":16,"stream":"stdout"}
{"time":"2026-06-08T17:04:45.8603526+08:00","level":"INFO","msg":"T = 1190.000\r","component":"api","simulation_id":16,"stream":"stdout"}
{"time":"2026-06-08T17:04:55.8602342+08:00","level":"INFO","msg":"T = 1200.000\r","component":"api","simulation_id":16,"stream":"stdout"}
{"time":"2026-06-08T17:05:05.8511766+08:00","level":"INFO","msg":"T = 1210.000\r","component":"api","simulation_id":16,"stream":"stdout"}
{"time":"2026-06-08T17:05:15.8542297+08:00","level":"INFO","msg":"T = 1220.000\r","component":"api","simulation_id":16,"stream":"stdout"}
{"time":"2026-06-08T17:05:25.8612173+08:00","level":"INFO","msg":"T = 1230.000\r","component":"api","simulation_id":16,"stream":"stdout"}
{"time":"2026-06-08T17:05:35.8602043+08:00","level":"INFO","msg":"T = 1240.000\r","component":"api","simulation_id":16,"stream":"stdout"}
{"time":"2026-06-08T17:05:45.8602695+08:00","level":"INFO","msg":"T = 1250.000\r","component":"api","simulation_id":16,"stream":"stdout"}
{"time":"2026-06-08T17:05:55.8590215+08:00","level":"INFO","msg":"T = 1260.000\r","component":"api","simulation_id":16,"stream":"stdout"}
{"time":"2026-06-08T17:06:05.8587062+08:00","level":"INFO","msg":"T = 1270.000\r","component":"api","simulation_id":16,"stream":"stdout"}
{"time":"2026-06-08T17:06:15.8509581+08:00","level":"INFO","msg":"T = 1280.000\r","component":"api","simulation_id":16,"stream":"stdout"}
{"time":"2026-06-08T17:06:25.8544514+08:00","level":"INFO","msg":"T = 1290.000\r","component":"api","simulation_id":16,"stream":"stdout"}
{"time":"2026-06-08T17:06:35.8503685+08:00","level":"INFO","msg":"T = 1300.000\r","component":"api","simulation_id":16,"stream":"stdout"}
{"time":"2026-06-08T17:06:45.8583785+08:00","level":"INFO","msg":"T = 1310.000\r","component":"api","simulation_id":16,"stream":"stdout"}
{"time":"2026-06-08T17:06:55.8510036+08:00","level":"INFO","msg":"T = 1320.000\r","component":"api","simulation_id":16,"stream":"stdout"}
{"time":"2026-06-08T17:07:05.8561422+08:00","level":"INFO","msg":"T = 1330.000\r","component":"api","simulation_id":16,"stream":"stdout"}
{"time":"2026-06-08T17:07:15.8587536+08:00","level":"INFO","msg":"T = 1340.000\r","component":"api","simulation_id":16,"stream":"stdout"}
{"time":"2026-06-08T17:07:25.8540694+08:00","level":"INFO","msg":"T = 1350.000\r","component":"api","simulation_id":16,"stream":"stdout"}
{"time":"2026-06-08T17:07:35.8512218+08:00","level":"INFO","msg":"T = 1360.000\r","component":"api","simulation_id":16,"stream":"stdout"}
{"time":"2026-06-08T17:07:45.8504109+08:00","level":"INFO","msg":"T = 1370.000\r","component":"api","simulation_id":16,"stream":"stdout"}
{"time":"2026-06-08T17:07:55.8577361+08:00","level":"INFO","msg":"T = 1380.000\r","component":"api","simulation_id":16,"stream":"stdout"}
{"time":"2026-06-08T17:08:05.8510701+08:00","level":"INFO","msg":"T = 1390.000\r","component":"api","simulation_id":16,"stream":"stdout"}
{"time":"2026-06-08T17:08:15.8518153+08:00","level":"INFO","msg":"T = 1400.000\r","component":"api","simulation_id":16,"stream":"stdout"}
{"time":"2026-06-08T17:08:25.853007+08:00","level":"INFO","msg":"T = 1410.000\r","component":"api","simulation_id":16,"stream":"stdout"}
{"time":"2026-06-08T17:08:35.8581706+08:00","level":"INFO","msg":"T = 1420.000\r","component":"api","simulation_id":16,"stream":"stdout"}
{"time":"2026-06-08T17:08:45.8588622+08:00","level":"INFO","msg":"T = 1430.000\r","component":"api","simulation_id":16,"stream":"stdout"}
{"time":"2026-06-08T17:08:55.8565519+08:00","level":"INFO","msg":"T = 1440.000\r","component":"api","simulation_id":16,"stream":"stdout"}
{"time":"2026-06-08T17:09:05.8569004+08:00","level":"INFO","msg":"T = 1450.000\r","component":"api","simulation_id":16,"stream":"stdout"}
{"time":"2026-06-08T17:09:15.8502251+08:00","level":"INFO","msg":"T = 1460.000\r","component":"api","simulation_id":16,"stream":"stdout"}
{"time":"2026-06-08T17:09:25.8578766+08:00","level":"INFO","msg":"T = 1470.000\r","component":"api","simulation_id":16,"stream":"stdout"}
{"time":"2026-06-08T17:09:28.6110131+08:00","level":"INFO","msg":"Platform hit target.\r","component":"api","simulation_id":16,"stream":"stdout"}
{"time":"2026-06-08T17:09:29.0033331+08:00","level":"INFO","msg":"    T = 1472.75\r","component":"api","simulation_id":16,"stream":"stdout"}
{"time":"2026-06-08T17:09:29.0861959+08:00","level":"INFO","msg":"    Platform: SimpleStriker\r","component":"api","simulation_id":16,"stream":"stdout"}
{"time":"2026-06-08T17:09:29.1243812+08:00","level":"INFO","msg":"    Lat: 01:03:00.0n\r","component":"api","simulation_id":16,"stream":"stdout"}
{"time":"2026-06-08T17:09:29.4179343+08:00","level":"INFO","msg":"    Lon: 05:00:00.0e\r","component":"api","simulation_id":16,"stream":"stdout"}
{"time":"2026-06-08T17:09:29.4217584+08:00","level":"INFO","msg":"    Alt: 9144 m\r","component":"api","simulation_id":16,"stream":"stdout"}
{"time":"2026-06-08T17:09:29.4243399+08:00","level":"INFO","msg":"    Speed: 298.378 m/s\r","component":"api","simulation_id":16,"stream":"stdout"}
{"time":"2026-06-08T17:09:35.8563405+08:00","level":"INFO","msg":"T = 1480.000\r","component":"api","simulation_id":16,"stream":"stdout"}
{"time":"2026-06-08T17:09:45.8550708+08:00","level":"INFO","msg":"T = 1490.000\r","component":"api","simulation_id":16,"stream":"stdout"}
{"time":"2026-06-08T17:09:55.8606404+08:00","level":"INFO","msg":"T = 1500.000\r","component":"api","simulation_id":16,"stream":"stdout"}
{"time":"2026-06-08T17:10:05.859989+08:00","level":"INFO","msg":"T = 1510.000\r","component":"api","simulation_id":16,"stream":"stdout"}
{"time":"2026-06-08T17:10:15.8563389+08:00","level":"INFO","msg":"T = 1520.000\r","component":"api","simulation_id":16,"stream":"stdout"}
{"time":"2026-06-08T17:10:25.8503952+08:00","level":"INFO","msg":"T = 1530.000\r","component":"api","simulation_id":16,"stream":"stdout"}
{"time":"2026-06-08T17:10:35.8512089+08:00","level":"INFO","msg":"T = 1540.000\r","component":"api","simulation_id":16,"stream":"stdout"}
{"time":"2026-06-08T17:10:45.8502789+08:00","level":"INFO","msg":"T = 1550.000\r","component":"api","simulation_id":16,"stream":"stdout"}
{"time":"2026-06-08T17:10:55.8529765+08:00","level":"INFO","msg":"T = 1560.000\r","component":"api","simulation_id":16,"stream":"stdout"}
{"time":"2026-06-08T17:11:05.8512067+08:00","level":"INFO","msg":"T = 1570.000\r","component":"api","simulation_id":16,"stream":"stdout"}
{"time":"2026-06-08T17:11:15.8541484+08:00","level":"INFO","msg":"T = 1580.000\r","component":"api","simulation_id":16,"stream":"stdout"}
{"time":"2026-06-08T17:11:25.8614714+08:00","level":"INFO","msg":"T = 1590.000\r","component":"api","simulation_id":16,"stream":"stdout"}
{"time":"2026-06-08T17:11:35.8590322+08:00","level":"INFO","msg":"T = 1600.000\r","component":"api","simulation_id":16,"stream":"stdout"}
{"time":"2026-06-08T17:11:45.8606186+08:00","level":"INFO","msg":"T = 1610.000\r","component":"api","simulation_id":16,"stream":"stdout"}
{"time":"2026-06-08T17:11:55.8600797+08:00","level":"INFO","msg":"T = 1620.000\r","component":"api","simulation_id":16,"stream":"stdout"}
{"time":"2026-06-08T17:12:05.8577199+08:00","level":"INFO","msg":"T = 1630.000\r","component":"api","simulation_id":16,"stream":"stdout"}
{"time":"2026-06-08T17:12:15.8579884+08:00","level":"INFO","msg":"T = 1640.000\r","component":"api","simulation_id":16,"stream":"stdout"}
{"time":"2026-06-08T17:12:25.8566256+08:00","level":"INFO","msg":"T = 1650.000\r","component":"api","simulation_id":16,"stream":"stdout"}
{"time":"2026-06-08T17:12:35.8541003+08:00","level":"INFO","msg":"T = 1660.000\r","component":"api","simulation_id":16,"stream":"stdout"}
{"time":"2026-06-08T17:12:45.8503345+08:00","level":"INFO","msg":"T = 1670.000\r","component":"api","simulation_id":16,"stream":"stdout"}
{"time":"2026-06-08T17:12:55.8502557+08:00","level":"INFO","msg":"T = 1680.000\r","component":"api","simulation_id":16,"stream":"stdout"}
{"time":"2026-06-08T17:13:05.8599129+08:00","level":"INFO","msg":"T = 1690.000\r","component":"api","simulation_id":16,"stream":"stdout"}
{"time":"2026-06-08T17:13:15.8609963+08:00","level":"INFO","msg":"T = 1700.000\r","component":"api","simulation_id":16,"stream":"stdout"}
{"time":"2026-06-08T17:13:25.8574696+08:00","level":"INFO","msg":"T = 1710.000\r","component":"api","simulation_id":16,"stream":"stdout"}
{"time":"2026-06-08T17:13:35.8599662+08:00","level":"INFO","msg":"T = 1720.000\r","component":"api","simulation_id":16,"stream":"stdout"}
{"time":"2026-06-08T17:13:45.8557576+08:00","level":"INFO","msg":"T = 1730.000\r","component":"api","simulation_id":16,"stream":"stdout"}
{"time":"2026-06-08T17:13:55.8595139+08:00","level":"INFO","msg":"T = 1740.000\r","component":"api","simulation_id":16,"stream":"stdout"}
{"time":"2026-06-08T17:14:05.8597573+08:00","level":"INFO","msg":"T = 1750.000\r","component":"api","simulation_id":16,"stream":"stdout"}
{"time":"2026-06-08T17:14:15.8603472+08:00","level":"INFO","msg":"T = 1760.000\r","component":"api","simulation_id":16,"stream":"stdout"}
{"time":"2026-06-08T17:14:25.860688+08:00","level":"INFO","msg":"T = 1770.000\r","component":"api","simulation_id":16,"stream":"stdout"}
{"time":"2026-06-08T17:14:35.8519534+08:00","level":"INFO","msg":"T = 1780.000\r","component":"api","simulation_id":16,"stream":"stdout"}
{"time":"2026-06-08T17:14:45.851958+08:00","level":"INFO","msg":"T = 1790.000\r","component":"api","simulation_id":16,"stream":"stdout"}
{"time":"2026-06-08T17:14:55.8565933+08:00","level":"INFO","msg":"T = 1800.000\r","component":"api","simulation_id":16,"stream":"stdout"}
{"time":"2026-06-08T17:15:05.8549331+08:00","level":"INFO","msg":"T = 1810.000\r","component":"api","simulation_id":16,"stream":"stdout"}
{"time":"2026-06-08T17:15:15.8592865+08:00","level":"INFO","msg":"T = 1820.000\r","component":"api","simulation_id":16,"stream":"stdout"}
{"time":"2026-06-08T17:15:25.8542198+08:00","level":"INFO","msg":"T = 1830.000\r","component":"api","simulation_id":16,"stream":"stdout"}
{"time":"2026-06-08T17:15:35.8601574+08:00","level":"INFO","msg":"T = 1840.000\r","component":"api","simulation_id":16,"stream":"stdout"}
{"time":"2026-06-08T17:15:45.8580071+08:00","level":"INFO","msg":"T = 1850.000\r","component":"api","simulation_id":16,"stream":"stdout"}
{"time":"2026-06-08T17:15:55.8540894+08:00","level":"INFO","msg":"T = 1860.000\r","component":"api","simulation_id":16,"stream":"stdout"}
{"time":"2026-06-08T17:16:05.8606101+08:00","level":"INFO","msg":"T = 1870.000\r","component":"api","simulation_id":16,"stream":"stdout"}
{"time":"2026-06-08T17:16:15.8598833+08:00","level":"INFO","msg":"T = 1880.000\r","component":"api","simulation_id":16,"stream":"stdout"}
{"time":"2026-06-08T17:16:25.8510864+08:00","level":"INFO","msg":"T = 1890.000\r","component":"api","simulation_id":16,"stream":"stdout"}
{"time":"2026-06-08T17:16:35.8593891+08:00","level":"INFO","msg":"T = 1900.000\r","component":"api","simulation_id":16,"stream":"stdout"}
{"time":"2026-06-08T17:16:45.8535027+08:00","level":"INFO","msg":"T = 1910.000\r","component":"api","simulation_id":16,"stream":"stdout"}
{"time":"2026-06-08T17:16:55.8570916+08:00","level":"INFO","msg":"T = 1920.000\r","component":"api","simulation_id":16,"stream":"stdout"}
{"time":"2026-06-08T17:17:05.8558912+08:00","level":"INFO","msg":"T = 1930.000\r","component":"api","simulation_id":16,"stream":"stdout"}
{"time":"2026-06-08T17:17:15.8520889+08:00","level":"INFO","msg":"T = 1940.000\r","component":"api","simulation_id":16,"stream":"stdout"}
{"time":"2026-06-08T17:17:25.8552937+08:00","level":"INFO","msg":"T = 1950.000\r","component":"api","simulation_id":16,"stream":"stdout"}
{"time":"2026-06-08T17:17:35.8525085+08:00","level":"INFO","msg":"T = 1960.000\r","component":"api","simulation_id":16,"stream":"stdout"}
{"time":"2026-06-08T17:17:45.8537239+08:00","level":"INFO","msg":"T = 1970.000\r","component":"api","simulation_id":16,"stream":"stdout"}
{"time":"2026-06-08T17:17:55.855775+08:00","level":"INFO","msg":"T = 1980.000\r","component":"api","simulation_id":16,"stream":"stdout"}
{"time":"2026-06-08T17:18:05.8589843+08:00","level":"INFO","msg":"T = 1990.000\r","component":"api","simulation_id":16,"stream":"stdout"}
{"time":"2026-06-08T17:18:15.8512321+08:00","level":"INFO","msg":"T = 2000.000\r","component":"api","simulation_id":16,"stream":"stdout"}
{"time":"2026-06-08T17:18:25.8512306+08:00","level":"INFO","msg":"T = 2010.000\r","component":"api","simulation_id":16,"stream":"stdout"}
{"time":"2026-06-08T17:18:35.8577558+08:00","level":"INFO","msg":"T = 2020.000\r","component":"api","simulation_id":16,"stream":"stdout"}
{"time":"2026-06-08T17:18:45.860686+08:00","level":"INFO","msg":"T = 2030.000\r","component":"api","simulation_id":16,"stream":"stdout"}
{"time":"2026-06-08T17:18:55.850917+08:00","level":"INFO","msg":"T = 2040.000\r","component":"api","simulation_id":16,"stream":"stdout"}
{"time":"2026-06-08T17:19:05.8508635+08:00","level":"INFO","msg":"T = 2050.000\r","component":"api","simulation_id":16,"stream":"stdout"}
{"time":"2026-06-08T17:19:15.851168+08:00","level":"INFO","msg":"T = 2060.000\r","component":"api","simulation_id":16,"stream":"stdout"}
{"time":"2026-06-08T17:19:25.8563995+08:00","level":"INFO","msg":"T = 2070.000\r","component":"api","simulation_id":16,"stream":"stdout"}
{"time":"2026-06-08T17:19:35.8510166+08:00","level":"INFO","msg":"T = 2080.000\r","component":"api","simulation_id":16,"stream":"stdout"}
{"time":"2026-06-08T17:19:45.8563272+08:00","level":"INFO","msg":"T = 2090.000\r","component":"api","simulation_id":16,"stream":"stdout"}
{"time":"2026-06-08T17:19:55.8607947+08:00","level":"INFO","msg":"T = 2100.000\r","component":"api","simulation_id":16,"stream":"stdout"}
{"time":"2026-06-08T17:20:05.8591394+08:00","level":"INFO","msg":"T = 2110.000\r","component":"api","simulation_id":16,"stream":"stdout"}
{"time":"2026-06-08T17:20:15.8512514+08:00","level":"INFO","msg":"T = 2120.000\r","component":"api","simulation_id":16,"stream":"stdout"}
{"time":"2026-06-08T17:20:25.8556471+08:00","level":"INFO","msg":"T = 2130.000\r","component":"api","simulation_id":16,"stream":"stdout"}
{"time":"2026-06-08T17:20:35.851279+08:00","level":"INFO","msg":"T = 2140.000\r","component":"api","simulation_id":16,"stream":"stdout"}
{"time":"2026-06-08T17:20:45.8568969+08:00","level":"INFO","msg":"T = 2150.000\r","component":"api","simulation_id":16,"stream":"stdout"}
{"time":"2026-06-08T17:20:55.8560773+08:00","level":"INFO","msg":"T = 2160.000\r","component":"api","simulation_id":16,"stream":"stdout"}
{"time":"2026-06-08T17:21:05.8591809+08:00","level":"INFO","msg":"T = 2170.000\r","component":"api","simulation_id":16,"stream":"stdout"}
{"time":"2026-06-08T17:21:15.8619432+08:00","level":"INFO","msg":"T = 2180.000\r","component":"api","simulation_id":16,"stream":"stdout"}
{"time":"2026-06-08T17:21:25.8579459+08:00","level":"INFO","msg":"T = 2190.000\r","component":"api","simulation_id":16,"stream":"stdout"}
{"time":"2026-06-08T17:21:35.859909+08:00","level":"INFO","msg":"T = 2200.000\r","component":"api","simulation_id":16,"stream":"stdout"}
{"time":"2026-06-08T17:21:45.8569389+08:00","level":"INFO","msg":"T = 2210.000\r","component":"api","simulation_id":16,"stream":"stdout"}
{"time":"2026-06-08T17:21:55.8513363+08:00","level":"INFO","msg":"T = 2220.000\r","component":"api","simulation_id":16,"stream":"stdout"}
{"time":"2026-06-08T17:22:05.852242+08:00","level":"INFO","msg":"T = 2230.000\r","component":"api","simulation_id":16,"stream":"stdout"}
{"time":"2026-06-08T17:22:15.8502263+08:00","level":"INFO","msg":"T = 2240.000\r","component":"api","simulation_id":16,"stream":"stdout"}
{"time":"2026-06-08T17:22:25.8585063+08:00","level":"INFO","msg":"T = 2250.000\r","component":"api","simulation_id":16,"stream":"stdout"}
{"time":"2026-06-08T17:22:35.8594147+08:00","level":"INFO","msg":"T = 2260.000\r","component":"api","simulation_id":16,"stream":"stdout"}
{"time":"2026-06-08T17:22:45.8511921+08:00","level":"INFO","msg":"T = 2270.000\r","component":"api","simulation_id":16,"stream":"stdout"}
{"time":"2026-06-08T17:22:55.8617969+08:00","level":"INFO","msg":"T = 2280.000\r","component":"api","simulation_id":16,"stream":"stdout"}
{"time":"2026-06-08T17:23:05.8604809+08:00","level":"INFO","msg":"T = 2290.000\r","component":"api","simulation_id":16,"stream":"stdout"}
{"time":"2026-06-08T17:23:15.8582683+08:00","level":"INFO","msg":"T = 2300.000\r","component":"api","simulation_id":16,"stream":"stdout"}
{"time":"2026-06-08T17:23:25.8555803+08:00","level":"INFO","msg":"T = 2310.000\r","component":"api","simulation_id":16,"stream":"stdout"}
{"time":"2026-06-08T17:23:35.8507531+08:00","level":"INFO","msg":"T = 2320.000\r","component":"api","simulation_id":16,"stream":"stdout"}
{"time":"2026-06-08T17:23:45.85414+08:00","level":"INFO","msg":"T = 2330.000\r","component":"api","simulation_id":16,"stream":"stdout"}
{"time":"2026-06-08T17:23:55.8567837+08:00","level":"INFO","msg":"T = 2340.000\r","component":"api","simulation_id":16,"stream":"stdout"}
{"time":"2026-06-08T17:24:05.8512099+08:00","level":"INFO","msg":"T = 2350.000\r","component":"api","simulation_id":16,"stream":"stdout"}
{"time":"2026-06-08T17:24:15.8615846+08:00","level":"INFO","msg":"T = 2360.000\r","component":"api","simulation_id":16,"stream":"stdout"}
{"time":"2026-06-08T17:24:25.8565591+08:00","level":"INFO","msg":"T = 2370.000\r","component":"api","simulation_id":16,"stream":"stdout"}
{"time":"2026-06-08T17:24:35.8599238+08:00","level":"INFO","msg":"T = 2380.000\r","component":"api","simulation_id":16,"stream":"stdout"}
{"time":"2026-06-08T17:24:45.8604902+08:00","level":"INFO","msg":"T = 2390.000\r","component":"api","simulation_id":16,"stream":"stdout"}
{"time":"2026-06-08T17:24:55.8503062+08:00","level":"INFO","msg":"T = 2400.000\r","component":"api","simulation_id":16,"stream":"stdout"}
{"time":"2026-06-08T17:25:05.8511636+08:00","level":"INFO","msg":"T = 2410.000\r","component":"api","simulation_id":16,"stream":"stdout"}
{"time":"2026-06-08T17:25:15.8511997+08:00","level":"INFO","msg":"T = 2420.000\r","component":"api","simulation_id":16,"stream":"stdout"}
{"time":"2026-06-08T17:25:25.8615146+08:00","level":"INFO","msg":"T = 2430.000\r","component":"api","simulation_id":16,"stream":"stdout"}
{"time":"2026-06-08T17:25:35.8613471+08:00","level":"INFO","msg":"T = 2440.000\r","component":"api","simulation_id":16,"stream":"stdout"}
{"time":"2026-06-08T17:25:45.8593844+08:00","level":"INFO","msg":"T = 2450.000\r","component":"api","simulation_id":16,"stream":"stdout"}
{"time":"2026-06-08T17:25:55.8505582+08:00","level":"INFO","msg":"T = 2460.000\r","component":"api","simulation_id":16,"stream":"stdout"}
{"time":"2026-06-08T17:26:05.851592+08:00","level":"INFO","msg":"T = 2470.000\r","component":"api","simulation_id":16,"stream":"stdout"}
{"time":"2026-06-08T17:26:15.8582829+08:00","level":"INFO","msg":"T = 2480.000\r","component":"api","simulation_id":16,"stream":"stdout"}
{"time":"2026-06-08T17:26:25.8564053+08:00","level":"INFO","msg":"T = 2490.000\r","component":"api","simulation_id":16,"stream":"stdout"}
{"time":"2026-06-08T17:26:35.8605167+08:00","level":"INFO","msg":"T = 2500.000\r","component":"api","simulation_id":16,"stream":"stdout"}
{"time":"2026-06-08T17:26:45.8559975+08:00","level":"INFO","msg":"T = 2510.000\r","component":"api","simulation_id":16,"stream":"stdout"}
{"time":"2026-06-08T17:26:55.8586234+08:00","level":"INFO","msg":"T = 2520.000\r","component":"api","simulation_id":16,"stream":"stdout"}
{"time":"2026-06-08T17:27:05.8555412+08:00","level":"INFO","msg":"T = 2530.000\r","component":"api","simulation_id":16,"stream":"stdout"}
{"time":"2026-06-08T17:27:15.8594239+08:00","level":"INFO","msg":"T = 2540.000\r","component":"api","simulation_id":16,"stream":"stdout"}
{"time":"2026-06-08T17:27:25.8525255+08:00","level":"INFO","msg":"T = 2550.000\r","component":"api","simulation_id":16,"stream":"stdout"}
{"time":"2026-06-08T17:27:35.8603828+08:00","level":"INFO","msg":"T = 2560.000\r","component":"api","simulation_id":16,"stream":"stdout"}
{"time":"2026-06-08T17:27:45.857022+08:00","level":"INFO","msg":"T = 2570.000\r","component":"api","simulation_id":16,"stream":"stdout"}
{"time":"2026-06-08T17:27:55.8541842+08:00","level":"INFO","msg":"T = 2580.000\r","component":"api","simulation_id":16,"stream":"stdout"}
{"time":"2026-06-08T17:28:05.8532121+08:00","level":"INFO","msg":"T = 2590.000\r","component":"api","simulation_id":16,"stream":"stdout"}
{"time":"2026-06-08T17:28:15.8509103+08:00","level":"INFO","msg":"T = 2600.000\r","component":"api","simulation_id":16,"stream":"stdout"}
{"time":"2026-06-08T17:28:25.854339+08:00","level":"INFO","msg":"T = 2610.000\r","component":"api","simulation_id":16,"stream":"stdout"}
{"time":"2026-06-08T17:28:35.8556576+08:00","level":"INFO","msg":"T = 2620.000\r","component":"api","simulation_id":16,"stream":"stdout"}
{"time":"2026-06-08T17:28:45.8549182+08:00","level":"INFO","msg":"T = 2630.000\r","component":"api","simulation_id":16,"stream":"stdout"}
{"time":"2026-06-08T17:28:55.8511821+08:00","level":"INFO","msg":"T = 2640.000\r","component":"api","simulation_id":16,"stream":"stdout"}
{"time":"2026-06-08T17:29:05.8577527+08:00","level":"INFO","msg":"T = 2650.000\r","component":"api","simulation_id":16,"stream":"stdout"}
{"time":"2026-06-08T17:29:15.8503699+08:00","level":"INFO","msg":"T = 2660.000\r","component":"api","simulation_id":16,"stream":"stdout"}
{"time":"2026-06-08T17:29:25.8598688+08:00","level":"INFO","msg":"T = 2670.000\r","component":"api","simulation_id":16,"stream":"stdout"}
{"time":"2026-06-08T17:29:35.8596622+08:00","level":"INFO","msg":"T = 2680.000\r","component":"api","simulation_id":16,"stream":"stdout"}
{"time":"2026-06-08T17:29:45.858342+08:00","level":"INFO","msg":"T = 2690.000\r","component":"api","simulation_id":16,"stream":"stdout"}
{"time":"2026-06-08T17:29:55.8599322+08:00","level":"INFO","msg":"T = 2700.000\r","component":"api","simulation_id":16,"stream":"stdout"}
{"time":"2026-06-08T17:30:05.8577186+08:00","level":"INFO","msg":"T = 2710.000\r","component":"api","simulation_id":16,"stream":"stdout"}
{"time":"2026-06-08T17:30:15.8588193+08:00","level":"INFO","msg":"T = 2720.000\r","component":"api","simulation_id":16,"stream":"stdout"}
{"time":"2026-06-08T17:30:25.8567348+08:00","level":"INFO","msg":"T = 2730.000\r","component":"api","simulation_id":16,"stream":"stdout"}
{"time":"2026-06-08T17:30:35.8575821+08:00","level":"INFO","msg":"T = 2740.000\r","component":"api","simulation_id":16,"stream":"stdout"}
{"time":"2026-06-08T17:30:45.8616756+08:00","level":"INFO","msg":"T = 2750.000\r","component":"api","simulation_id":16,"stream":"stdout"}
{"time":"2026-06-08T17:30:55.8595359+08:00","level":"INFO","msg":"T = 2760.000\r","component":"api","simulation_id":16,"stream":"stdout"}
{"time":"2026-06-08T17:31:05.8509954+08:00","level":"INFO","msg":"T = 2770.000\r","component":"api","simulation_id":16,"stream":"stdout"}
{"time":"2026-06-08T17:31:15.8608964+08:00","level":"INFO","msg":"T = 2780.000\r","component":"api","simulation_id":16,"stream":"stdout"}
{"time":"2026-06-08T17:31:25.8569424+08:00","level":"INFO","msg":"T = 2790.000\r","component":"api","simulation_id":16,"stream":"stdout"}
{"time":"2026-06-08T17:31:35.8510442+08:00","level":"INFO","msg":"T = 2800.000\r","component":"api","simulation_id":16,"stream":"stdout"}
{"time":"2026-06-08T17:31:45.8511735+08:00","level":"INFO","msg":"T = 2810.000\r","component":"api","simulation_id":16,"stream":"stdout"}
{"time":"2026-06-08T17:31:55.860317+08:00","level":"INFO","msg":"T = 2820.000\r","component":"api","simulation_id":16,"stream":"stdout"}
{"time":"2026-06-08T17:32:05.8505694+08:00","level":"INFO","msg":"T = 2830.000\r","component":"api","simulation_id":16,"stream":"stdout"}
{"time":"2026-06-08T17:32:15.853567+08:00","level":"INFO","msg":"T = 2840.000\r","component":"api","simulation_id":16,"stream":"stdout"}
{"time":"2026-06-08T17:32:25.8535488+08:00","level":"INFO","msg":"T = 2850.000\r","component":"api","simulation_id":16,"stream":"stdout"}
{"time":"2026-06-08T17:32:35.8503858+08:00","level":"INFO","msg":"T = 2860.000\r","component":"api","simulation_id":16,"stream":"stdout"}
{"time":"2026-06-08T17:32:45.8593711+08:00","level":"INFO","msg":"T = 2870.000\r","component":"api","simulation_id":16,"stream":"stdout"}
{"time":"2026-06-08T17:32:55.8510416+08:00","level":"INFO","msg":"T = 2880.000\r","component":"api","simulation_id":16,"stream":"stdout"}
{"time":"2026-06-08T17:33:05.8604238+08:00","level":"INFO","msg":"T = 2890.000\r","component":"api","simulation_id":16,"stream":"stdout"}
{"time":"2026-06-08T17:33:15.8587092+08:00","level":"INFO","msg":"T = 2900.000\r","component":"api","simulation_id":16,"stream":"stdout"}
{"time":"2026-06-08T17:33:25.8595743+08:00","level":"INFO","msg":"T = 2910.000\r","component":"api","simulation_id":16,"stream":"stdout"}
{"time":"2026-06-08T17:33:35.8591134+08:00","level":"INFO","msg":"T = 2920.000\r","component":"api","simulation_id":16,"stream":"stdout"}
{"time":"2026-06-08T17:33:45.8612638+08:00","level":"INFO","msg":"T = 2930.000\r","component":"api","simulation_id":16,"stream":"stdout"}
{"time":"2026-06-08T17:33:55.8513428+08:00","level":"INFO","msg":"T = 2940.000\r","component":"api","simulation_id":16,"stream":"stdout"}
{"time":"2026-06-08T17:34:05.8504181+08:00","level":"INFO","msg":"T = 2950.000\r","component":"api","simulation_id":16,"stream":"stdout"}
{"time":"2026-06-08T17:34:15.8595478+08:00","level":"INFO","msg":"T = 2960.000\r","component":"api","simulation_id":16,"stream":"stdout"}
{"time":"2026-06-08T17:34:25.8550484+08:00","level":"INFO","msg":"T = 2970.000\r","component":"api","simulation_id":16,"stream":"stdout"}
{"time":"2026-06-08T17:34:35.8528058+08:00","level":"INFO","msg":"T = 2980.000\r","component":"api","simulation_id":16,"stream":"stdout"}
{"time":"2026-06-08T17:34:45.8565263+08:00","level":"INFO","msg":"T = 2990.000\r","component":"api","simulation_id":16,"stream":"stdout"}
{"time":"2026-06-08T17:34:55.8581729+08:00","level":"INFO","msg":"T = 3000.000\r","component":"api","simulation_id":16,"stream":"stdout"}
{"time":"2026-06-08T17:35:05.8556665+08:00","level":"INFO","msg":"T = 3010.000\r","component":"api","simulation_id":16,"stream":"stdout"}
{"time":"2026-06-08T17:35:15.8519022+08:00","level":"INFO","msg":"T = 3020.000\r","component":"api","simulation_id":16,"stream":"stdout"}
{"time":"2026-06-08T17:35:25.8512081+08:00","level":"INFO","msg":"T = 3030.000\r","component":"api","simulation_id":16,"stream":"stdout"}
{"time":"2026-06-08T17:35:35.8531334+08:00","level":"INFO","msg":"T = 3040.000\r","component":"api","simulation_id":16,"stream":"stdout"}
{"time":"2026-06-08T17:35:45.8507392+08:00","level":"INFO","msg":"T = 3050.000\r","component":"api","simulation_id":16,"stream":"stdout"}
{"time":"2026-06-08T17:35:55.8532432+08:00","level":"INFO","msg":"T = 3060.000\r","component":"api","simulation_id":16,"stream":"stdout"}
{"time":"2026-06-08T17:36:05.861741+08:00","level":"INFO","msg":"T = 3070.000\r","component":"api","simulation_id":16,"stream":"stdout"}
{"time":"2026-06-08T17:36:15.8523327+08:00","level":"INFO","msg":"T = 3080.000\r","component":"api","simulation_id":16,"stream":"stdout"}
{"time":"2026-06-08T17:36:25.8557349+08:00","level":"INFO","msg":"T = 3090.000\r","component":"api","simulation_id":16,"stream":"stdout"}
{"time":"2026-06-08T17:36:35.8601229+08:00","level":"INFO","msg":"T = 3100.000\r","component":"api","simulation_id":16,"stream":"stdout"}
{"time":"2026-06-08T17:36:45.8505488+08:00","level":"INFO","msg":"T = 3110.000\r","component":"api","simulation_id":16,"stream":"stdout"}
{"time":"2026-06-08T17:36:55.8510605+08:00","level":"INFO","msg":"T = 3120.000\r","component":"api","simulation_id":16,"stream":"stdout"}
{"time":"2026-06-08T17:37:05.859879+08:00","level":"INFO","msg":"T = 3130.000\r","component":"api","simulation_id":16,"stream":"stdout"}
{"time":"2026-06-08T17:37:15.8507959+08:00","level":"INFO","msg":"T = 3140.000\r","component":"api","simulation_id":16,"stream":"stdout"}
{"time":"2026-06-08T17:37:25.8505237+08:00","level":"INFO","msg":"T = 3150.000\r","component":"api","simulation_id":16,"stream":"stdout"}
{"time":"2026-06-08T17:37:35.8609762+08:00","level":"INFO","msg":"T = 3160.000\r","component":"api","simulation_id":16,"stream":"stdout"}
{"time":"2026-06-08T17:37:45.8610874+08:00","level":"INFO","msg":"T = 3170.000\r","component":"api","simulation_id":16,"stream":"stdout"}
{"time":"2026-06-08T17:37:55.8593607+08:00","level":"INFO","msg":"T = 3180.000\r","component":"api","simulation_id":16,"stream":"stdout"}
{"time":"2026-06-08T17:38:05.8593056+08:00","level":"INFO","msg":"T = 3190.000\r","component":"api","simulation_id":16,"stream":"stdout"}
{"time":"2026-06-08T17:38:15.8508853+08:00","level":"INFO","msg":"T = 3200.000\r","component":"api","simulation_id":16,"stream":"stdout"}
{"time":"2026-06-08T17:38:25.8593103+08:00","level":"INFO","msg":"T = 3210.000\r","component":"api","simulation_id":16,"stream":"stdout"}
{"time":"2026-06-08T17:38:35.8578341+08:00","level":"INFO","msg":"T = 3220.000\r","component":"api","simulation_id":16,"stream":"stdout"}
{"time":"2026-06-08T17:38:45.8525639+08:00","level":"INFO","msg":"T = 3230.000\r","component":"api","simulation_id":16,"stream":"stdout"}
{"time":"2026-06-08T17:38:55.8588177+08:00","level":"INFO","msg":"T = 3240.000\r","component":"api","simulation_id":16,"stream":"stdout"}
{"time":"2026-06-08T17:39:05.8508951+08:00","level":"INFO","msg":"T = 3250.000\r","component":"api","simulation_id":16,"stream":"stdout"}
{"time":"2026-06-08T17:39:15.8510304+08:00","level":"INFO","msg":"T = 3260.000\r","component":"api","simulation_id":16,"stream":"stdout"}
{"time":"2026-06-08T17:39:25.8548026+08:00","level":"INFO","msg":"T = 3270.000\r","component":"api","simulation_id":16,"stream":"stdout"}
{"time":"2026-06-08T17:39:35.8505366+08:00","level":"INFO","msg":"T = 3280.000\r","component":"api","simulation_id":16,"stream":"stdout"}
{"time":"2026-06-08T17:39:45.8510258+08:00","level":"INFO","msg":"T = 3290.000\r","component":"api","simulation_id":16,"stream":"stdout"}
{"time":"2026-06-08T17:39:55.8598649+08:00","level":"INFO","msg":"T = 3300.000\r","component":"api","simulation_id":16,"stream":"stdout"}
{"time":"2026-06-08T17:40:05.8602476+08:00","level":"INFO","msg":"T = 3310.000\r","component":"api","simulation_id":16,"stream":"stdout"}
{"time":"2026-06-08T17:40:15.8543265+08:00","level":"INFO","msg":"T = 3320.000\r","component":"api","simulation_id":16,"stream":"stdout"}
{"time":"2026-06-08T17:40:25.8532559+08:00","level":"INFO","msg":"T = 3330.000\r","component":"api","simulation_id":16,"stream":"stdout"}
{"time":"2026-06-08T17:40:35.855842+08:00","level":"INFO","msg":"T = 3340.000\r","component":"api","simulation_id":16,"stream":"stdout"}
{"time":"2026-06-08T17:40:45.8560048+08:00","level":"INFO","msg":"T = 3350.000\r","component":"api","simulation_id":16,"stream":"stdout"}
{"time":"2026-06-08T17:40:55.8522641+08:00","level":"INFO","msg":"T = 3360.000\r","component":"api","simulation_id":16,"stream":"stdout"}
{"time":"2026-06-08T17:41:05.8611864+08:00","level":"INFO","msg":"T = 3370.000\r","component":"api","simulation_id":16,"stream":"stdout"}
{"time":"2026-06-08T17:41:15.8545306+08:00","level":"INFO","msg":"T = 3380.000\r","component":"api","simulation_id":16,"stream":"stdout"}
{"time":"2026-06-08T17:41:25.850293+08:00","level":"INFO","msg":"T = 3390.000\r","component":"api","simulation_id":16,"stream":"stdout"}
{"time":"2026-06-08T17:41:35.8599208+08:00","level":"INFO","msg":"T = 3400.000\r","component":"api","simulation_id":16,"stream":"stdout"}
{"time":"2026-06-08T17:41:45.8603875+08:00","level":"INFO","msg":"T = 3410.000\r","component":"api","simulation_id":16,"stream":"stdout"}
{"time":"2026-06-08T17:41:55.8604294+08:00","level":"INFO","msg":"T = 3420.000\r","component":"api","simulation_id":16,"stream":"stdout"}
{"time":"2026-06-08T17:42:05.8582166+08:00","level":"INFO","msg":"T = 3430.000\r","component":"api","simulation_id":16,"stream":"stdout"}
{"time":"2026-06-08T17:42:15.8592421+08:00","level":"INFO","msg":"T = 3440.000\r","component":"api","simulation_id":16,"stream":"stdout"}
{"time":"2026-06-08T17:42:25.8505473+08:00","level":"INFO","msg":"T = 3450.000\r","component":"api","simulation_id":16,"stream":"stdout"}
{"time":"2026-06-08T17:42:35.8523786+08:00","level":"INFO","msg":"T = 3460.000\r","component":"api","simulation_id":16,"stream":"stdout"}
{"time":"2026-06-08T17:42:45.8526999+08:00","level":"INFO","msg":"T = 3470.000\r","component":"api","simulation_id":16,"stream":"stdout"}
{"time":"2026-06-08T17:42:55.8518857+08:00","level":"INFO","msg":"T = 3480.000\r","component":"api","simulation_id":16,"stream":"stdout"}
{"time":"2026-06-08T17:43:05.8531235+08:00","level":"INFO","msg":"T = 3490.000\r","component":"api","simulation_id":16,"stream":"stdout"}
{"time":"2026-06-08T17:43:15.8596774+08:00","level":"INFO","msg":"T = 3500.000\r","component":"api","simulation_id":16,"stream":"stdout"}
{"time":"2026-06-08T17:43:25.8604012+08:00","level":"INFO","msg":"T = 3510.000\r","component":"api","simulation_id":16,"stream":"stdout"}
{"time":"2026-06-08T17:43:35.8511011+08:00","level":"INFO","msg":"T = 3520.000\r","component":"api","simulation_id":16,"stream":"stdout"}
{"time":"2026-06-08T17:43:45.8582427+08:00","level":"INFO","msg":"T = 3530.000\r","component":"api","simulation_id":16,"stream":"stdout"}
{"time":"2026-06-08T17:43:55.8520445+08:00","level":"INFO","msg":"T = 3540.000\r","component":"api","simulation_id":16,"stream":"stdout"}
{"time":"2026-06-08T17:44:05.8583362+08:00","level":"INFO","msg":"T = 3550.000\r","component":"api","simulation_id":16,"stream":"stdout"}
{"time":"2026-06-08T17:44:15.8530868+08:00","level":"INFO","msg":"T = 3560.000\r","component":"api","simulation_id":16,"stream":"stdout"}
{"time":"2026-06-08T17:44:25.8512613+08:00","level":"INFO","msg":"T = 3570.000\r","component":"api","simulation_id":16,"stream":"stdout"}
{"time":"2026-06-08T17:44:35.8606681+08:00","level":"INFO","msg":"T = 3580.000\r","component":"api","simulation_id":16,"stream":"stdout"}
{"time":"2026-06-08T17:44:45.8571984+08:00","level":"INFO","msg":"T = 3590.000\r","component":"api","simulation_id":16,"stream":"stdout"}
{"time":"2026-06-08T17:44:55.8502698+08:00","level":"INFO","msg":"T = 3600.000\r","component":"api","simulation_id":16,"stream":"stdout"}
{"time":"2026-06-08T17:45:05.851705+08:00","level":"INFO","msg":"T = 3610.000\r","component":"api","simulation_id":16,"stream":"stdout"}
{"time":"2026-06-08T17:45:15.8511441+08:00","level":"INFO","msg":"T = 3620.000\r","component":"api","simulation_id":16,"stream":"stdout"}
{"time":"2026-06-08T17:45:25.861928+08:00","level":"INFO","msg":"T = 3630.000\r","component":"api","simulation_id":16,"stream":"stdout"}
{"time":"2026-06-08T17:45:35.8563684+08:00","level":"INFO","msg":"T = 3640.000\r","component":"api","simulation_id":16,"stream":"stdout"}
{"time":"2026-06-08T17:45:45.8604282+08:00","level":"INFO","msg":"T = 3650.000\r","component":"api","simulation_id":16,"stream":"stdout"}
{"time":"2026-06-08T17:45:55.8602315+08:00","level":"INFO","msg":"T = 3660.000\r","component":"api","simulation_id":16,"stream":"stdout"}
{"time":"2026-06-08T17:46:05.8581422+08:00","level":"INFO","msg":"T = 3670.000\r","component":"api","simulation_id":16,"stream":"stdout"}
{"time":"2026-06-08T17:46:15.8606223+08:00","level":"INFO","msg":"T = 3680.000\r","component":"api","simulation_id":16,"stream":"stdout"}
{"time":"2026-06-08T17:46:25.8600793+08:00","level":"INFO","msg":"T = 3690.000\r","component":"api","simulation_id":16,"stream":"stdout"}
{"time":"2026-06-08T17:46:35.8555381+08:00","level":"INFO","msg":"T = 3700.000\r","component":"api","simulation_id":16,"stream":"stdout"}
{"time":"2026-06-08T17:46:45.855707+08:00","level":"INFO","msg":"T = 3710.000\r","component":"api","simulation_id":16,"stream":"stdout"}
{"time":"2026-06-08T17:46:55.8566495+08:00","level":"INFO","msg":"T = 3720.000\r","component":"api","simulation_id":16,"stream":"stdout"}
{"time":"2026-06-08T17:47:05.8599762+08:00","level":"INFO","msg":"T = 3730.000\r","component":"api","simulation_id":16,"stream":"stdout"}
{"time":"2026-06-08T17:47:15.8580463+08:00","level":"INFO","msg":"T = 3740.000\r","component":"api","simulation_id":16,"stream":"stdout"}
{"time":"2026-06-08T17:47:25.8512093+08:00","level":"INFO","msg":"T = 3750.000\r","component":"api","simulation_id":16,"stream":"stdout"}
{"time":"2026-06-08T17:47:35.851157+08:00","level":"INFO","msg":"T = 3760.000\r","component":"api","simulation_id":16,"stream":"stdout"}
{"time":"2026-06-08T17:47:45.8599728+08:00","level":"INFO","msg":"T = 3770.000\r","component":"api","simulation_id":16,"stream":"stdout"}
{"time":"2026-06-08T17:47:55.8584929+08:00","level":"INFO","msg":"T = 3780.000\r","component":"api","simulation_id":16,"stream":"stdout"}
{"time":"2026-06-08T17:48:05.8508507+08:00","level":"INFO","msg":"T = 3790.000\r","component":"api","simulation_id":16,"stream":"stdout"}
{"time":"2026-06-08T17:48:15.8549119+08:00","level":"INFO","msg":"T = 3800.000\r","component":"api","simulation_id":16,"stream":"stdout"}
{"time":"2026-06-08T17:48:25.8583302+08:00","level":"INFO","msg":"T = 3810.000\r","component":"api","simulation_id":16,"stream":"stdout"}
{"time":"2026-06-08T17:48:35.8504806+08:00","level":"INFO","msg":"T = 3820.000\r","component":"api","simulation_id":16,"stream":"stdout"}
{"time":"2026-06-08T17:48:45.8600704+08:00","level":"INFO","msg":"T = 3830.000\r","component":"api","simulation_id":16,"stream":"stdout"}
{"time":"2026-06-08T17:48:55.8587128+08:00","level":"INFO","msg":"T = 3840.000\r","component":"api","simulation_id":16,"stream":"stdout"}
{"time":"2026-06-08T17:49:05.8512395+08:00","level":"INFO","msg":"T = 3850.000\r","component":"api","simulation_id":16,"stream":"stdout"}
{"time":"2026-06-08T17:49:15.8543071+08:00","level":"INFO","msg":"T = 3860.000\r","component":"api","simulation_id":16,"stream":"stdout"}
{"time":"2026-06-08T17:49:25.8603203+08:00","level":"INFO","msg":"T = 3870.000\r","component":"api","simulation_id":16,"stream":"stdout"}
{"time":"2026-06-08T17:49:35.8557717+08:00","level":"INFO","msg":"T = 3880.000\r","component":"api","simulation_id":16,"stream":"stdout"}
{"time":"2026-06-08T17:49:45.8559793+08:00","level":"INFO","msg":"T = 3890.000\r","component":"api","simulation_id":16,"stream":"stdout"}
{"time":"2026-06-08T17:49:55.852454+08:00","level":"INFO","msg":"T = 3900.000\r","component":"api","simulation_id":16,"stream":"stdout"}
{"time":"2026-06-08T17:50:05.8570732+08:00","level":"INFO","msg":"T = 3910.000\r","component":"api","simulation_id":16,"stream":"stdout"}
{"time":"2026-06-08T17:50:15.8599325+08:00","level":"INFO","msg":"T = 3920.000\r","component":"api","simulation_id":16,"stream":"stdout"}
{"time":"2026-06-08T17:50:25.8543804+08:00","level":"INFO","msg":"T = 3930.000\r","component":"api","simulation_id":16,"stream":"stdout"}
{"time":"2026-06-08T17:50:35.8613111+08:00","level":"INFO","msg":"T = 3940.000\r","component":"api","simulation_id":16,"stream":"stdout"}
{"time":"2026-06-08T17:50:45.853519+08:00","level":"INFO","msg":"T = 3950.000\r","component":"api","simulation_id":16,"stream":"stdout"}
{"time":"2026-06-08T17:50:55.860525+08:00","level":"INFO","msg":"T = 3960.000\r","component":"api","simulation_id":16,"stream":"stdout"}
{"time":"2026-06-08T17:51:05.8507197+08:00","level":"INFO","msg":"T = 3970.000\r","component":"api","simulation_id":16,"stream":"stdout"}
{"time":"2026-06-08T17:51:15.8594877+08:00","level":"INFO","msg":"T = 3980.000\r","component":"api","simulation_id":16,"stream":"stdout"}
{"time":"2026-06-08T17:51:25.8579455+08:00","level":"INFO","msg":"T = 3990.000\r","component":"api","simulation_id":16,"stream":"stdout"}
{"time":"2026-06-08T17:51:35.8544749+08:00","level":"INFO","msg":"T = 4000.000\r","component":"api","simulation_id":16,"stream":"stdout"}
{"time":"2026-06-08T17:51:45.8549791+08:00","level":"INFO","msg":"T = 4010.000\r","component":"api","simulation_id":16,"stream":"stdout"}
{"time":"2026-06-08T17:51:55.8535565+08:00","level":"INFO","msg":"T = 4020.000\r","component":"api","simulation_id":16,"stream":"stdout"}
{"time":"2026-06-08T17:52:05.8530329+08:00","level":"INFO","msg":"T = 4030.000\r","component":"api","simulation_id":16,"stream":"stdout"}
{"time":"2026-06-08T17:52:15.8608475+08:00","level":"INFO","msg":"T = 4040.000\r","component":"api","simulation_id":16,"stream":"stdout"}
{"time":"2026-06-08T17:52:25.8504795+08:00","level":"INFO","msg":"T = 4050.000\r","component":"api","simulation_id":16,"stream":"stdout"}
{"time":"2026-06-08T17:52:35.8532642+08:00","level":"INFO","msg":"T = 4060.000\r","component":"api","simulation_id":16,"stream":"stdout"}
{"time":"2026-06-08T17:52:45.857739+08:00","level":"INFO","msg":"T = 4070.000\r","component":"api","simulation_id":16,"stream":"stdout"}
{"time":"2026-06-08T17:52:55.8587921+08:00","level":"INFO","msg":"T = 4080.000\r","component":"api","simulation_id":16,"stream":"stdout"}
{"time":"2026-06-08T17:53:05.8553006+08:00","level":"INFO","msg":"T = 4090.000\r","component":"api","simulation_id":16,"stream":"stdout"}
{"time":"2026-06-08T17:53:15.8603029+08:00","level":"INFO","msg":"T = 4100.000\r","component":"api","simulation_id":16,"stream":"stdout"}
{"time":"2026-06-08T17:53:25.856293+08:00","level":"INFO","msg":"T = 4110.000\r","component":"api","simulation_id":16,"stream":"stdout"}
{"time":"2026-06-08T17:53:35.8585627+08:00","level":"INFO","msg":"T = 4120.000\r","component":"api","simulation_id":16,"stream":"stdout"}
{"time":"2026-06-08T17:53:45.8507357+08:00","level":"INFO","msg":"T = 4130.000\r","component":"api","simulation_id":16,"stream":"stdout"}
{"time":"2026-06-08T17:53:55.8511944+08:00","level":"INFO","msg":"T = 4140.000\r","component":"api","simulation_id":16,"stream":"stdout"}
{"time":"2026-06-08T17:54:05.8509485+08:00","level":"INFO","msg":"T = 4150.000\r","component":"api","simulation_id":16,"stream":"stdout"}
{"time":"2026-06-08T17:54:15.8547738+08:00","level":"INFO","msg":"T = 4160.000\r","component":"api","simulation_id":16,"stream":"stdout"}
{"time":"2026-06-08T17:54:25.8599283+08:00","level":"INFO","msg":"T = 4170.000\r","component":"api","simulation_id":16,"stream":"stdout"}
{"time":"2026-06-08T17:54:35.8546532+08:00","level":"INFO","msg":"T = 4180.000\r","component":"api","simulation_id":16,"stream":"stdout"}
{"time":"2026-06-08T17:54:45.8528732+08:00","level":"INFO","msg":"T = 4190.000\r","component":"api","simulation_id":16,"stream":"stdout"}
{"time":"2026-06-08T17:54:55.8598088+08:00","level":"INFO","msg":"T = 4200.000\r","component":"api","simulation_id":16,"stream":"stdout"}
{"time":"2026-06-08T17:55:05.858547+08:00","level":"INFO","msg":"T = 4210.000\r","component":"api","simulation_id":16,"stream":"stdout"}
{"time":"2026-06-08T17:55:15.85671+08:00","level":"INFO","msg":"T = 4220.000\r","component":"api","simulation_id":16,"stream":"stdout"}
{"time":"2026-06-08T17:55:25.8547532+08:00","level":"INFO","msg":"T = 4230.000\r","component":"api","simulation_id":16,"stream":"stdout"}
{"time":"2026-06-08T17:55:35.8571058+08:00","level":"INFO","msg":"T = 4240.000\r","component":"api","simulation_id":16,"stream":"stdout"}
{"time":"2026-06-08T17:55:45.8612887+08:00","level":"INFO","msg":"T = 4250.000\r","component":"api","simulation_id":16,"stream":"stdout"}
{"time":"2026-06-08T17:55:55.8541386+08:00","level":"INFO","msg":"T = 4260.000\r","component":"api","simulation_id":16,"stream":"stdout"}
{"time":"2026-06-08T17:56:05.8549313+08:00","level":"INFO","msg":"T = 4270.000\r","component":"api","simulation_id":16,"stream":"stdout"}
{"time":"2026-06-08T17:56:15.8508022+08:00","level":"INFO","msg":"T = 4280.000\r","component":"api","simulation_id":16,"stream":"stdout"}
{"time":"2026-06-08T17:56:25.8507498+08:00","level":"INFO","msg":"T = 4290.000\r","component":"api","simulation_id":16,"stream":"stdout"}
{"time":"2026-06-08T17:56:35.8609041+08:00","level":"INFO","msg":"T = 4300.000\r","component":"api","simulation_id":16,"stream":"stdout"}
{"time":"2026-06-08T17:56:45.8563199+08:00","level":"INFO","msg":"T = 4310.000\r","component":"api","simulation_id":16,"stream":"stdout"}
{"time":"2026-06-08T17:56:55.8544237+08:00","level":"INFO","msg":"T = 4320.000\r","component":"api","simulation_id":16,"stream":"stdout"}
{"time":"2026-06-08T17:57:05.8597677+08:00","level":"INFO","msg":"T = 4330.000\r","component":"api","simulation_id":16,"stream":"stdout"}
{"time":"2026-06-08T17:57:15.8590874+08:00","level":"INFO","msg":"T = 4340.000\r","component":"api","simulation_id":16,"stream":"stdout"}
{"time":"2026-06-08T17:57:25.8596349+08:00","level":"INFO","msg":"T = 4350.000\r","component":"api","simulation_id":16,"stream":"stdout"}
{"time":"2026-06-08T17:57:35.8591673+08:00","level":"INFO","msg":"T = 4360.000\r","component":"api","simulation_id":16,"stream":"stdout"}
{"time":"2026-06-08T17:57:45.8605737+08:00","level":"INFO","msg":"T = 4370.000\r","component":"api","simulation_id":16,"stream":"stdout"}
{"time":"2026-06-08T17:57:55.8581966+08:00","level":"INFO","msg":"T = 4380.000\r","component":"api","simulation_id":16,"stream":"stdout"}
{"time":"2026-06-08T17:58:05.859868+08:00","level":"INFO","msg":"T = 4390.000\r","component":"api","simulation_id":16,"stream":"stdout"}
{"time":"2026-06-08T17:58:15.8503633+08:00","level":"INFO","msg":"T = 4400.000\r","component":"api","simulation_id":16,"stream":"stdout"}
{"time":"2026-06-08T17:58:25.8516978+08:00","level":"INFO","msg":"T = 4410.000\r","component":"api","simulation_id":16,"stream":"stdout"}
{"time":"2026-06-08T17:58:35.8540036+08:00","level":"INFO","msg":"T = 4420.000\r","component":"api","simulation_id":16,"stream":"stdout"}
{"time":"2026-06-08T17:58:45.8512178+08:00","level":"INFO","msg":"T = 4430.000\r","component":"api","simulation_id":16,"stream":"stdout"}
{"time":"2026-06-08T17:58:55.8556947+08:00","level":"INFO","msg":"T = 4440.000\r","component":"api","simulation_id":16,"stream":"stdout"}
{"time":"2026-06-08T17:59:05.850588+08:00","level":"INFO","msg":"T = 4450.000\r","component":"api","simulation_id":16,"stream":"stdout"}
{"time":"2026-06-08T17:59:15.857515+08:00","level":"INFO","msg":"T = 4460.000\r","component":"api","simulation_id":16,"stream":"stdout"}
{"time":"2026-06-08T17:59:25.86067+08:00","level":"INFO","msg":"T = 4470.000\r","component":"api","simulation_id":16,"stream":"stdout"}
{"time":"2026-06-08T17:59:35.859786+08:00","level":"INFO","msg":"T = 4480.000\r","component":"api","simulation_id":16,"stream":"stdout"}
{"time":"2026-06-08T17:59:45.8572379+08:00","level":"INFO","msg":"T = 4490.000\r","component":"api","simulation_id":16,"stream":"stdout"}
{"time":"2026-06-08T17:59:55.8545933+08:00","level":"INFO","msg":"T = 4500.000\r","component":"api","simulation_id":16,"stream":"stdout"}
{"time":"2026-06-08T18:00:05.8506033+08:00","level":"INFO","msg":"T = 4510.000\r","component":"api","simulation_id":16,"stream":"stdout"}
{"time":"2026-06-08T18:00:15.851008+08:00","level":"INFO","msg":"T = 4520.000\r","component":"api","simulation_id":16,"stream":"stdout"}
{"time":"2026-06-08T18:00:25.8562123+08:00","level":"INFO","msg":"T = 4530.000\r","component":"api","simulation_id":16,"stream":"stdout"}
{"time":"2026-06-08T18:00:35.854555+08:00","level":"INFO","msg":"T = 4540.000\r","component":"api","simulation_id":16,"stream":"stdout"}
{"time":"2026-06-08T18:00:45.8613787+08:00","level":"INFO","msg":"T = 4550.000\r","component":"api","simulation_id":16,"stream":"stdout"}
{"time":"2026-06-08T18:00:55.8543198+08:00","level":"INFO","msg":"T = 4560.000\r","component":"api","simulation_id":16,"stream":"stdout"}
{"time":"2026-06-08T18:01:05.8600863+08:00","level":"INFO","msg":"T = 4570.000\r","component":"api","simulation_id":16,"stream":"stdout"}
{"time":"2026-06-08T18:01:15.8511099+08:00","level":"INFO","msg":"T = 4580.000\r","component":"api","simulation_id":16,"stream":"stdout"}
{"time":"2026-06-08T18:01:25.8505761+08:00","level":"INFO","msg":"T = 4590.000\r","component":"api","simulation_id":16,"stream":"stdout"}
{"time":"2026-06-08T18:01:35.8510354+08:00","level":"INFO","msg":"T = 4600.000\r","component":"api","simulation_id":16,"stream":"stdout"}
{"time":"2026-06-08T18:01:45.8596173+08:00","level":"INFO","msg":"T = 4610.000\r","component":"api","simulation_id":16,"stream":"stdout"}
{"time":"2026-06-08T18:01:55.8503057+08:00","level":"INFO","msg":"T = 4620.000\r","component":"api","simulation_id":16,"stream":"stdout"}
{"time":"2026-06-08T18:02:05.8576021+08:00","level":"INFO","msg":"T = 4630.000\r","component":"api","simulation_id":16,"stream":"stdout"}
{"time":"2026-06-08T18:02:15.855042+08:00","level":"INFO","msg":"T = 4640.000\r","component":"api","simulation_id":16,"stream":"stdout"}
{"time":"2026-06-08T18:02:25.8607269+08:00","level":"INFO","msg":"T = 4650.000\r","component":"api","simulation_id":16,"stream":"stdout"}
{"time":"2026-06-08T18:02:35.8618802+08:00","level":"INFO","msg":"T = 4660.000\r","component":"api","simulation_id":16,"stream":"stdout"}
{"time":"2026-06-08T18:02:45.8557122+08:00","level":"INFO","msg":"T = 4670.000\r","component":"api","simulation_id":16,"stream":"stdout"}
{"time":"2026-06-08T18:02:55.859692+08:00","level":"INFO","msg":"T = 4680.000\r","component":"api","simulation_id":16,"stream":"stdout"}
{"time":"2026-06-08T18:03:05.860609+08:00","level":"INFO","msg":"T = 4690.000\r","component":"api","simulation_id":16,"stream":"stdout"}
{"time":"2026-06-08T18:03:15.8508116+08:00","level":"INFO","msg":"T = 4700.000\r","component":"api","simulation_id":16,"stream":"stdout"}
{"time":"2026-06-08T18:03:25.8522837+08:00","level":"INFO","msg":"T = 4710.000\r","component":"api","simulation_id":16,"stream":"stdout"}
{"time":"2026-06-08T18:03:35.8597258+08:00","level":"INFO","msg":"T = 4720.000\r","component":"api","simulation_id":16,"stream":"stdout"}
{"time":"2026-06-08T18:03:45.8568925+08:00","level":"INFO","msg":"T = 4730.000\r","component":"api","simulation_id":16,"stream":"stdout"}
{"time":"2026-06-08T18:03:55.8555404+08:00","level":"INFO","msg":"T = 4740.000\r","component":"api","simulation_id":16,"stream":"stdout"}
{"time":"2026-06-08T18:04:05.8505045+08:00","level":"INFO","msg":"T = 4750.000\r","component":"api","simulation_id":16,"stream":"stdout"}
{"time":"2026-06-08T18:04:15.8603298+08:00","level":"INFO","msg":"T = 4760.000\r","component":"api","simulation_id":16,"stream":"stdout"}
{"time":"2026-06-08T18:04:25.8512398+08:00","level":"INFO","msg":"T = 4770.000\r","component":"api","simulation_id":16,"stream":"stdout"}
{"time":"2026-06-08T18:04:35.8618936+08:00","level":"INFO","msg":"T = 4780.000\r","component":"api","simulation_id":16,"stream":"stdout"}
{"time":"2026-06-08T18:04:45.8563988+08:00","level":"INFO","msg":"T = 4790.000\r","component":"api","simulation_id":16,"stream":"stdout"}
{"time":"2026-06-08T18:04:55.8514762+08:00","level":"INFO","msg":"T = 4800.000\r","component":"api","simulation_id":16,"stream":"stdout"}
{"time":"2026-06-08T18:05:05.8547478+08:00","level":"INFO","msg":"T = 4810.000\r","component":"api","simulation_id":16,"stream":"stdout"}
{"time":"2026-06-08T18:05:15.8511345+08:00","level":"INFO","msg":"T = 4820.000\r","component":"api","simulation_id":16,"stream":"stdout"}
{"time":"2026-06-08T18:05:25.8593862+08:00","level":"INFO","msg":"T = 4830.000\r","component":"api","simulation_id":16,"stream":"stdout"}
{"time":"2026-06-08T18:05:35.8560281+08:00","level":"INFO","msg":"T = 4840.000\r","component":"api","simulation_id":16,"stream":"stdout"}
{"time":"2026-06-08T18:05:45.8604092+08:00","level":"INFO","msg":"T = 4850.000\r","component":"api","simulation_id":16,"stream":"stdout"}
{"time":"2026-06-08T18:05:55.8557443+08:00","level":"INFO","msg":"T = 4860.000\r","component":"api","simulation_id":16,"stream":"stdout"}
{"time":"2026-06-08T18:06:05.859465+08:00","level":"INFO","msg":"T = 4870.000\r","component":"api","simulation_id":16,"stream":"stdout"}
{"time":"2026-06-08T18:06:15.8558307+08:00","level":"INFO","msg":"T = 4880.000\r","component":"api","simulation_id":16,"stream":"stdout"}
{"time":"2026-06-08T18:06:25.857693+08:00","level":"INFO","msg":"T = 4890.000\r","component":"api","simulation_id":16,"stream":"stdout"}
{"time":"2026-06-08T18:06:35.8515777+08:00","level":"INFO","msg":"T = 4900.000\r","component":"api","simulation_id":16,"stream":"stdout"}
{"time":"2026-06-08T18:06:45.8589067+08:00","level":"INFO","msg":"T = 4910.000\r","component":"api","simulation_id":16,"stream":"stdout"}
{"time":"2026-06-08T18:06:55.8510229+08:00","level":"INFO","msg":"T = 4920.000\r","component":"api","simulation_id":16,"stream":"stdout"}
{"time":"2026-06-08T18:07:05.8506848+08:00","level":"INFO","msg":"T = 4930.000\r","component":"api","simulation_id":16,"stream":"stdout"}
{"time":"2026-06-08T18:07:15.8534928+08:00","level":"INFO","msg":"T = 4940.000\r","component":"api","simulation_id":16,"stream":"stdout"}
{"time":"2026-06-08T18:07:25.8510609+08:00","level":"INFO","msg":"T = 4950.000\r","component":"api","simulation_id":16,"stream":"stdout"}
{"time":"2026-06-08T18:07:35.8606453+08:00","level":"INFO","msg":"T = 4960.000\r","component":"api","simulation_id":16,"stream":"stdout"}
{"time":"2026-06-08T18:07:45.8596635+08:00","level":"INFO","msg":"T = 4970.000\r","component":"api","simulation_id":16,"stream":"stdout"}
{"time":"2026-06-08T18:07:55.8572595+08:00","level":"INFO","msg":"T = 4980.000\r","component":"api","simulation_id":16,"stream":"stdout"}
{"time":"2026-06-08T18:08:05.8589812+08:00","level":"INFO","msg":"T = 4990.000\r","component":"api","simulation_id":16,"stream":"stdout"}
{"time":"2026-06-08T18:08:15.8579544+08:00","level":"INFO","msg":"T = 5000.000\r","component":"api","simulation_id":16,"stream":"stdout"}
{"time":"2026-06-08T18:08:25.8574093+08:00","level":"INFO","msg":"T = 5010.000\r","component":"api","simulation_id":16,"stream":"stdout"}
{"time":"2026-06-08T18:08:35.858737+08:00","level":"INFO","msg":"T = 5020.000\r","component":"api","simulation_id":16,"stream":"stdout"}
{"time":"2026-06-08T18:08:45.8561093+08:00","level":"INFO","msg":"T = 5030.000\r","component":"api","simulation_id":16,"stream":"stdout"}
{"time":"2026-06-08T18:08:55.8574849+08:00","level":"INFO","msg":"T = 5040.000\r","component":"api","simulation_id":16,"stream":"stdout"}
{"time":"2026-06-08T18:09:05.8541343+08:00","level":"INFO","msg":"T = 5050.000\r","component":"api","simulation_id":16,"stream":"stdout"}
{"time":"2026-06-08T18:09:15.8527706+08:00","level":"INFO","msg":"T = 5060.000\r","component":"api","simulation_id":16,"stream":"stdout"}
{"time":"2026-06-08T18:09:25.8530466+08:00","level":"INFO","msg":"T = 5070.000\r","component":"api","simulation_id":16,"stream":"stdout"}
{"time":"2026-06-08T18:09:35.8508068+08:00","level":"INFO","msg":"T = 5080.000\r","component":"api","simulation_id":16,"stream":"stdout"}
{"time":"2026-06-08T18:09:45.8536612+08:00","level":"INFO","msg":"T = 5090.000\r","component":"api","simulation_id":16,"stream":"stdout"}
{"time":"2026-06-08T18:09:55.8504179+08:00","level":"INFO","msg":"T = 5100.000\r","component":"api","simulation_id":16,"stream":"stdout"}
{"time":"2026-06-08T18:10:05.8620578+08:00","level":"INFO","msg":"T = 5110.000\r","component":"api","simulation_id":16,"stream":"stdout"}
{"time":"2026-06-08T18:10:15.8540091+08:00","level":"INFO","msg":"T = 5120.000\r","component":"api","simulation_id":16,"stream":"stdout"}
{"time":"2026-06-08T18:10:25.8612237+08:00","level":"INFO","msg":"T = 5130.000\r","component":"api","simulation_id":16,"stream":"stdout"}
{"time":"2026-06-08T18:10:35.8528468+08:00","level":"INFO","msg":"T = 5140.000\r","component":"api","simulation_id":16,"stream":"stdout"}
{"time":"2026-06-08T18:10:45.8567092+08:00","level":"INFO","msg":"T = 5150.000\r","component":"api","simulation_id":16,"stream":"stdout"}
{"time":"2026-06-08T18:10:55.8503263+08:00","level":"INFO","msg":"T = 5160.000\r","component":"api","simulation_id":16,"stream":"stdout"}
{"time":"2026-06-08T18:11:05.8608688+08:00","level":"INFO","msg":"T = 5170.000\r","component":"api","simulation_id":16,"stream":"stdout"}
{"time":"2026-06-08T18:11:15.8505704+08:00","level":"INFO","msg":"T = 5180.000\r","component":"api","simulation_id":16,"stream":"stdout"}
{"time":"2026-06-08T18:11:25.8512213+08:00","level":"INFO","msg":"T = 5190.000\r","component":"api","simulation_id":16,"stream":"stdout"}
{"time":"2026-06-08T18:11:35.8601624+08:00","level":"INFO","msg":"T = 5200.000\r","component":"api","simulation_id":16,"stream":"stdout"}
{"time":"2026-06-08T18:11:45.8602375+08:00","level":"INFO","msg":"T = 5210.000\r","component":"api","simulation_id":16,"stream":"stdout"}
{"time":"2026-06-08T18:11:55.8606421+08:00","level":"INFO","msg":"T = 5220.000\r","component":"api","simulation_id":16,"stream":"stdout"}
{"time":"2026-06-08T18:12:05.859378+08:00","level":"INFO","msg":"T = 5230.000\r","component":"api","simulation_id":16,"stream":"stdout"}
{"time":"2026-06-08T18:12:15.8543616+08:00","level":"INFO","msg":"T = 5240.000\r","component":"api","simulation_id":16,"stream":"stdout"}
{"time":"2026-06-08T18:12:25.8521958+08:00","level":"INFO","msg":"T = 5250.000\r","component":"api","simulation_id":16,"stream":"stdout"}
{"time":"2026-06-08T18:12:35.851241+08:00","level":"INFO","msg":"T = 5260.000\r","component":"api","simulation_id":16,"stream":"stdout"}
{"time":"2026-06-08T18:12:45.8582775+08:00","level":"INFO","msg":"T = 5270.000\r","component":"api","simulation_id":16,"stream":"stdout"}
{"time":"2026-06-08T18:12:55.8511787+08:00","level":"INFO","msg":"T = 5280.000\r","component":"api","simulation_id":16,"stream":"stdout"}
{"time":"2026-06-08T18:13:05.8520671+08:00","level":"INFO","msg":"T = 5290.000\r","component":"api","simulation_id":16,"stream":"stdout"}
{"time":"2026-06-08T18:13:15.8562704+08:00","level":"INFO","msg":"T = 5300.000\r","component":"api","simulation_id":16,"stream":"stdout"}
{"time":"2026-06-08T18:13:25.8601572+08:00","level":"INFO","msg":"T = 5310.000\r","component":"api","simulation_id":16,"stream":"stdout"}
{"time":"2026-06-08T18:13:35.8619584+08:00","level":"INFO","msg":"T = 5320.000\r","component":"api","simulation_id":16,"stream":"stdout"}
{"time":"2026-06-08T18:13:45.8569987+08:00","level":"INFO","msg":"T = 5330.000\r","component":"api","simulation_id":16,"stream":"stdout"}
{"time":"2026-06-08T18:13:55.8600254+08:00","level":"INFO","msg":"T = 5340.000\r","component":"api","simulation_id":16,"stream":"stdout"}
{"time":"2026-06-08T18:14:05.8562743+08:00","level":"INFO","msg":"T = 5350.000\r","component":"api","simulation_id":16,"stream":"stdout"}
{"time":"2026-06-08T18:14:15.8504695+08:00","level":"INFO","msg":"T = 5360.000\r","component":"api","simulation_id":16,"stream":"stdout"}
{"time":"2026-06-08T18:14:25.8566863+08:00","level":"INFO","msg":"T = 5370.000\r","component":"api","simulation_id":16,"stream":"stdout"}
{"time":"2026-06-08T18:14:35.8605374+08:00","level":"INFO","msg":"T = 5380.000\r","component":"api","simulation_id":16,"stream":"stdout"}
{"time":"2026-06-08T18:14:45.859247+08:00","level":"INFO","msg":"T = 5390.000\r","component":"api","simulation_id":16,"stream":"stdout"}
{"time":"2026-06-08T18:14:55.8581384+08:00","level":"INFO","msg":"T = 5400.000\r","component":"api","simulation_id":16,"stream":"stdout"}
{"time":"2026-06-08T18:15:05.8585842+08:00","level":"INFO","msg":"T = 5410.000\r","component":"api","simulation_id":16,"stream":"stdout"}
{"time":"2026-06-08T18:15:15.8619148+08:00","level":"INFO","msg":"T = 5420.000\r","component":"api","simulation_id":16,"stream":"stdout"}
{"time":"2026-06-08T18:15:25.8560373+08:00","level":"INFO","msg":"T = 5430.000\r","component":"api","simulation_id":16,"stream":"stdout"}
{"time":"2026-06-08T18:15:35.8512128+08:00","level":"INFO","msg":"T = 5440.000\r","component":"api","simulation_id":16,"stream":"stdout"}
{"time":"2026-06-08T18:15:45.8597994+08:00","level":"INFO","msg":"T = 5450.000\r","component":"api","simulation_id":16,"stream":"stdout"}
{"time":"2026-06-08T18:15:55.8607724+08:00","level":"INFO","msg":"T = 5460.000\r","component":"api","simulation_id":16,"stream":"stdout"}
{"time":"2026-06-08T18:16:05.8543567+08:00","level":"INFO","msg":"T = 5470.000\r","component":"api","simulation_id":16,"stream":"stdout"}
{"time":"2026-06-08T18:16:15.860816+08:00","level":"INFO","msg":"T = 5480.000\r","component":"api","simulation_id":16,"stream":"stdout"}
{"time":"2026-06-08T18:16:25.8512005+08:00","level":"INFO","msg":"T = 5490.000\r","component":"api","simulation_id":16,"stream":"stdout"}
{"time":"2026-06-08T18:16:35.852378+08:00","level":"INFO","msg":"T = 5500.000\r","component":"api","simulation_id":16,"stream":"stdout"}
{"time":"2026-06-08T18:16:45.8512911+08:00","level":"INFO","msg":"T = 5510.000\r","component":"api","simulation_id":16,"stream":"stdout"}
{"time":"2026-06-08T18:16:55.8593397+08:00","level":"INFO","msg":"T = 5520.000\r","component":"api","simulation_id":16,"stream":"stdout"}
{"time":"2026-06-08T18:17:05.8510796+08:00","level":"INFO","msg":"T = 5530.000\r","component":"api","simulation_id":16,"stream":"stdout"}
{"time":"2026-06-08T18:17:15.8601906+08:00","level":"INFO","msg":"T = 5540.000\r","component":"api","simulation_id":16,"stream":"stdout"}
{"time":"2026-06-08T18:17:25.8521873+08:00","level":"INFO","msg":"T = 5550.000\r","component":"api","simulation_id":16,"stream":"stdout"}
{"time":"2026-06-08T18:17:35.8545385+08:00","level":"INFO","msg":"T = 5560.000\r","component":"api","simulation_id":16,"stream":"stdout"}
{"time":"2026-06-08T18:17:45.8559656+08:00","level":"INFO","msg":"T = 5570.000\r","component":"api","simulation_id":16,"stream":"stdout"}
{"time":"2026-06-08T18:17:55.8510458+08:00","level":"INFO","msg":"T = 5580.000\r","component":"api","simulation_id":16,"stream":"stdout"}
{"time":"2026-06-08T18:18:05.8575286+08:00","level":"INFO","msg":"T = 5590.000\r","component":"api","simulation_id":16,"stream":"stdout"}
{"time":"2026-06-08T18:18:15.8558643+08:00","level":"INFO","msg":"T = 5600.000\r","component":"api","simulation_id":16,"stream":"stdout"}
{"time":"2026-06-08T18:18:25.8537606+08:00","level":"INFO","msg":"T = 5610.000\r","component":"api","simulation_id":16,"stream":"stdout"}
{"time":"2026-06-08T18:18:35.8516514+08:00","level":"INFO","msg":"T = 5620.000\r","component":"api","simulation_id":16,"stream":"stdout"}
{"time":"2026-06-08T18:18:45.8507467+08:00","level":"INFO","msg":"T = 5630.000\r","component":"api","simulation_id":16,"stream":"stdout"}
{"time":"2026-06-08T18:18:55.8617917+08:00","level":"INFO","msg":"T = 5640.000\r","component":"api","simulation_id":16,"stream":"stdout"}
{"time":"2026-06-08T18:19:05.860623+08:00","level":"INFO","msg":"T = 5650.000\r","component":"api","simulation_id":16,"stream":"stdout"}
{"time":"2026-06-08T18:19:15.8507748+08:00","level":"INFO","msg":"T = 5660.000\r","component":"api","simulation_id":16,"stream":"stdout"}
{"time":"2026-06-08T18:19:25.8513504+08:00","level":"INFO","msg":"T = 5670.000\r","component":"api","simulation_id":16,"stream":"stdout"}
{"time":"2026-06-08T18:19:35.8557164+08:00","level":"INFO","msg":"T = 5680.000\r","component":"api","simulation_id":16,"stream":"stdout"}
{"time":"2026-06-08T18:19:45.8613909+08:00","level":"INFO","msg":"T = 5690.000\r","component":"api","simulation_id":16,"stream":"stdout"}
{"time":"2026-06-08T18:19:55.8569751+08:00","level":"INFO","msg":"T = 5700.000\r","component":"api","simulation_id":16,"stream":"stdout"}
{"time":"2026-06-08T18:20:05.8509359+08:00","level":"INFO","msg":"T = 5710.000\r","component":"api","simulation_id":16,"stream":"stdout"}
{"time":"2026-06-08T18:20:15.8616658+08:00","level":"INFO","msg":"T = 5720.000\r","component":"api","simulation_id":16,"stream":"stdout"}
{"time":"2026-06-08T18:20:25.859678+08:00","level":"INFO","msg":"T = 5730.000\r","component":"api","simulation_id":16,"stream":"stdout"}
{"time":"2026-06-08T18:20:35.8603045+08:00","level":"INFO","msg":"T = 5740.000\r","component":"api","simulation_id":16,"stream":"stdout"}
{"time":"2026-06-08T18:20:45.8597755+08:00","level":"INFO","msg":"T = 5750.000\r","component":"api","simulation_id":16,"stream":"stdout"}
{"time":"2026-06-08T18:20:55.8581878+08:00","level":"INFO","msg":"T = 5760.000\r","component":"api","simulation_id":16,"stream":"stdout"}
{"time":"2026-06-08T18:21:05.850848+08:00","level":"INFO","msg":"T = 5770.000\r","component":"api","simulation_id":16,"stream":"stdout"}
{"time":"2026-06-08T18:21:15.850996+08:00","level":"INFO","msg":"T = 5780.000\r","component":"api","simulation_id":16,"stream":"stdout"}
{"time":"2026-06-08T18:21:25.8608952+08:00","level":"INFO","msg":"T = 5790.000\r","component":"api","simulation_id":16,"stream":"stdout"}
{"time":"2026-06-08T18:21:35.8589103+08:00","level":"INFO","msg":"T = 5800.000\r","component":"api","simulation_id":16,"stream":"stdout"}
{"time":"2026-06-08T18:21:45.8505137+08:00","level":"INFO","msg":"T = 5810.000\r","component":"api","simulation_id":16,"stream":"stdout"}
{"time":"2026-06-08T18:21:55.8507038+08:00","level":"INFO","msg":"T = 5820.000\r","component":"api","simulation_id":16,"stream":"stdout"}
{"time":"2026-06-08T18:22:05.8580586+08:00","level":"INFO","msg":"T = 5830.000\r","component":"api","simulation_id":16,"stream":"stdout"}
{"time":"2026-06-08T18:22:15.8567887+08:00","level":"INFO","msg":"T = 5840.000\r","component":"api","simulation_id":16,"stream":"stdout"}
{"time":"2026-06-08T18:22:25.8615721+08:00","level":"INFO","msg":"T = 5850.000\r","component":"api","simulation_id":16,"stream":"stdout"}
{"time":"2026-06-08T18:22:35.8603508+08:00","level":"INFO","msg":"T = 5860.000\r","component":"api","simulation_id":16,"stream":"stdout"}
{"time":"2026-06-08T18:22:45.8561787+08:00","level":"INFO","msg":"T = 5870.000\r","component":"api","simulation_id":16,"stream":"stdout"}
{"time":"2026-06-08T18:22:55.850892+08:00","level":"INFO","msg":"T = 5880.000\r","component":"api","simulation_id":16,"stream":"stdout"}
{"time":"2026-06-08T18:23:05.8596409+08:00","level":"INFO","msg":"T = 5890.000\r","component":"api","simulation_id":16,"stream":"stdout"}
{"time":"2026-06-08T18:23:15.8508576+08:00","level":"INFO","msg":"T = 5900.000\r","component":"api","simulation_id":16,"stream":"stdout"}
{"time":"2026-06-08T18:23:25.8584273+08:00","level":"INFO","msg":"T = 5910.000\r","component":"api","simulation_id":16,"stream":"stdout"}
{"time":"2026-06-08T18:23:35.8572901+08:00","level":"INFO","msg":"T = 5920.000\r","component":"api","simulation_id":16,"stream":"stdout"}
{"time":"2026-06-08T18:23:45.8590349+08:00","level":"INFO","msg":"T = 5930.000\r","component":"api","simulation_id":16,"stream":"stdout"}
{"time":"2026-06-08T18:23:55.8576495+08:00","level":"INFO","msg":"T = 5940.000\r","component":"api","simulation_id":16,"stream":"stdout"}
{"time":"2026-06-08T18:24:05.8602137+08:00","level":"INFO","msg":"T = 5950.000\r","component":"api","simulation_id":16,"stream":"stdout"}
{"time":"2026-06-08T18:24:15.8622244+08:00","level":"INFO","msg":"T = 5960.000\r","component":"api","simulation_id":16,"stream":"stdout"}
{"time":"2026-06-08T18:24:25.8619844+08:00","level":"INFO","msg":"T = 5970.000\r","component":"api","simulation_id":16,"stream":"stdout"}
{"time":"2026-06-08T18:24:35.8539021+08:00","level":"INFO","msg":"T = 5980.000\r","component":"api","simulation_id":16,"stream":"stdout"}
{"time":"2026-06-08T18:24:45.860617+08:00","level":"INFO","msg":"T = 5990.000\r","component":"api","simulation_id":16,"stream":"stdout"}
{"time":"2026-06-08T18:24:55.8504707+08:00","level":"INFO","msg":"T = 6000.000\r","component":"api","simulation_id":16,"stream":"stdout"}
{"time":"2026-06-08T18:25:05.86036+08:00","level":"INFO","msg":"T = 6010.000\r","component":"api","simulation_id":16,"stream":"stdout"}
{"time":"2026-06-08T18:25:15.8586809+08:00","level":"INFO","msg":"T = 6020.000\r","component":"api","simulation_id":16,"stream":"stdout"}
{"time":"2026-06-08T18:25:25.8606434+08:00","level":"INFO","msg":"T = 6030.000\r","component":"api","simulation_id":16,"stream":"stdout"}
{"time":"2026-06-08T18:25:35.8601883+08:00","level":"INFO","msg":"T = 6040.000\r","component":"api","simulation_id":16,"stream":"stdout"}
{"time":"2026-06-08T18:25:45.8523491+08:00","level":"INFO","msg":"T = 6050.000\r","component":"api","simulation_id":16,"stream":"stdout"}
{"time":"2026-06-08T18:25:55.853584+08:00","level":"INFO","msg":"T = 6060.000\r","component":"api","simulation_id":16,"stream":"stdout"}
{"time":"2026-06-08T18:26:05.8530498+08:00","level":"INFO","msg":"T = 6070.000\r","component":"api","simulation_id":16,"stream":"stdout"}
{"time":"2026-06-08T18:26:15.8581356+08:00","level":"INFO","msg":"T = 6080.000\r","component":"api","simulation_id":16,"stream":"stdout"}
{"time":"2026-06-08T18:26:25.8544584+08:00","level":"INFO","msg":"T = 6090.000\r","component":"api","simulation_id":16,"stream":"stdout"}
{"time":"2026-06-08T18:26:35.858194+08:00","level":"INFO","msg":"T = 6100.000\r","component":"api","simulation_id":16,"stream":"stdout"}
{"time":"2026-06-08T18:26:45.8508991+08:00","level":"INFO","msg":"T = 6110.000\r","component":"api","simulation_id":16,"stream":"stdout"}
{"time":"2026-06-08T18:26:55.8579347+08:00","level":"INFO","msg":"T = 6120.000\r","component":"api","simulation_id":16,"stream":"stdout"}
{"time":"2026-06-08T18:27:05.8523345+08:00","level":"INFO","msg":"T = 6130.000\r","component":"api","simulation_id":16,"stream":"stdout"}
{"time":"2026-06-08T18:27:15.8502502+08:00","level":"INFO","msg":"T = 6140.000\r","component":"api","simulation_id":16,"stream":"stdout"}
{"time":"2026-06-08T18:27:25.8577667+08:00","level":"INFO","msg":"T = 6150.000\r","component":"api","simulation_id":16,"stream":"stdout"}
{"time":"2026-06-08T18:27:35.850726+08:00","level":"INFO","msg":"T = 6160.000\r","component":"api","simulation_id":16,"stream":"stdout"}
{"time":"2026-06-08T18:27:45.8507753+08:00","level":"INFO","msg":"T = 6170.000\r","component":"api","simulation_id":16,"stream":"stdout"}
{"time":"2026-06-08T18:27:55.8513005+08:00","level":"INFO","msg":"T = 6180.000\r","component":"api","simulation_id":16,"stream":"stdout"}
{"time":"2026-06-08T18:28:05.859187+08:00","level":"INFO","msg":"T = 6190.000\r","component":"api","simulation_id":16,"stream":"stdout"}
{"time":"2026-06-08T18:28:15.859747+08:00","level":"INFO","msg":"T = 6200.000\r","component":"api","simulation_id":16,"stream":"stdout"}
{"time":"2026-06-08T18:28:25.85811+08:00","level":"INFO","msg":"T = 6210.000\r","component":"api","simulation_id":16,"stream":"stdout"}
{"time":"2026-06-08T18:28:35.8614835+08:00","level":"INFO","msg":"T = 6220.000\r","component":"api","simulation_id":16,"stream":"stdout"}
{"time":"2026-06-08T18:28:45.8593309+08:00","level":"INFO","msg":"T = 6230.000\r","component":"api","simulation_id":16,"stream":"stdout"}
{"time":"2026-06-08T18:28:55.8602565+08:00","level":"INFO","msg":"T = 6240.000\r","component":"api","simulation_id":16,"stream":"stdout"}
{"time":"2026-06-08T18:29:05.850209+08:00","level":"INFO","msg":"T = 6250.000\r","component":"api","simulation_id":16,"stream":"stdout"}
{"time":"2026-06-08T18:29:15.8602352+08:00","level":"INFO","msg":"T = 6260.000\r","component":"api","simulation_id":16,"stream":"stdout"}
{"time":"2026-06-08T18:29:25.8578337+08:00","level":"INFO","msg":"T = 6270.000\r","component":"api","simulation_id":16,"stream":"stdout"}
{"time":"2026-06-08T18:29:35.8549034+08:00","level":"INFO","msg":"T = 6280.000\r","component":"api","simulation_id":16,"stream":"stdout"}
{"time":"2026-06-08T18:29:45.8609729+08:00","level":"INFO","msg":"T = 6290.000\r","component":"api","simulation_id":16,"stream":"stdout"}
{"time":"2026-06-08T18:29:55.8503936+08:00","level":"INFO","msg":"T = 6300.000\r","component":"api","simulation_id":16,"stream":"stdout"}
{"time":"2026-06-08T18:30:05.8512355+08:00","level":"INFO","msg":"T = 6310.000\r","component":"api","simulation_id":16,"stream":"stdout"}
{"time":"2026-06-08T18:30:15.8512801+08:00","level":"INFO","msg":"T = 6320.000\r","component":"api","simulation_id":16,"stream":"stdout"}
{"time":"2026-06-08T18:30:25.8589317+08:00","level":"INFO","msg":"T = 6330.000\r","component":"api","simulation_id":16,"stream":"stdout"}
{"time":"2026-06-08T18:30:35.8558761+08:00","level":"INFO","msg":"T = 6340.000\r","component":"api","simulation_id":16,"stream":"stdout"}
{"time":"2026-06-08T18:30:45.8512338+08:00","level":"INFO","msg":"T = 6350.000\r","component":"api","simulation_id":16,"stream":"stdout"}
{"time":"2026-06-08T18:30:55.8534286+08:00","level":"INFO","msg":"T = 6360.000\r","component":"api","simulation_id":16,"stream":"stdout"}
{"time":"2026-06-08T18:31:05.8565018+08:00","level":"INFO","msg":"T = 6370.000\r","component":"api","simulation_id":16,"stream":"stdout"}
{"time":"2026-06-08T18:31:15.8601777+08:00","level":"INFO","msg":"T = 6380.000\r","component":"api","simulation_id":16,"stream":"stdout"}
{"time":"2026-06-08T18:31:25.8600532+08:00","level":"INFO","msg":"T = 6390.000\r","component":"api","simulation_id":16,"stream":"stdout"}
{"time":"2026-06-08T18:31:35.8511968+08:00","level":"INFO","msg":"T = 6400.000\r","component":"api","simulation_id":16,"stream":"stdout"}
{"time":"2026-06-08T18:31:45.8542877+08:00","level":"INFO","msg":"T = 6410.000\r","component":"api","simulation_id":16,"stream":"stdout"}
2026/06/08 18:31:51 [DESKTOP-2269V6M/0I7zd4hyWa-000246] "GET http://127.0.0.1:8080/health HTTP/1.1" from 127.0.0.1:62439 - 200 90B in 0s
{"time":"2026-06-08T18:31:55.8578378+08:00","level":"INFO","msg":"T = 6420.000\r","component":"api","simulation_id":16,"stream":"stdout"}
{"time":"2026-06-08T18:32:05.8524514+08:00","level":"INFO","msg":"T = 6430.000\r","component":"api","simulation_id":16,"stream":"stdout"}
{"time":"2026-06-08T18:32:15.8592998+08:00","level":"INFO","msg":"T = 6440.000\r","component":"api","simulation_id":16,"stream":"stdout"}
{"time":"2026-06-08T18:32:25.8581448+08:00","level":"INFO","msg":"T = 6450.000\r","component":"api","simulation_id":16,"stream":"stdout"}
{"time":"2026-06-08T18:32:35.8514086+08:00","level":"INFO","msg":"T = 6460.000\r","component":"api","simulation_id":16,"stream":"stdout"}
{"time":"2026-06-08T18:32:45.8580308+08:00","level":"INFO","msg":"T = 6470.000\r","component":"api","simulation_id":16,"stream":"stdout"}
{"time":"2026-06-08T18:32:55.8556581+08:00","level":"INFO","msg":"T = 6480.000\r","component":"api","simulation_id":16,"stream":"stdout"}
{"time":"2026-06-08T18:33:05.8509845+08:00","level":"INFO","msg":"T = 6490.000\r","component":"api","simulation_id":16,"stream":"stdout"}
{"time":"2026-06-08T18:33:15.8604635+08:00","level":"INFO","msg":"T = 6500.000\r","component":"api","simulation_id":16,"stream":"stdout"}
{"time":"2026-06-08T18:33:25.8611204+08:00","level":"INFO","msg":"T = 6510.000\r","component":"api","simulation_id":16,"stream":"stdout"}
{"time":"2026-06-08T18:33:35.8570326+08:00","level":"INFO","msg":"T = 6520.000\r","component":"api","simulation_id":16,"stream":"stdout"}
{"time":"2026-06-08T18:33:45.8528453+08:00","level":"INFO","msg":"T = 6530.000\r","component":"api","simulation_id":16,"stream":"stdout"}
{"time":"2026-06-08T18:33:55.8616269+08:00","level":"INFO","msg":"T = 6540.000\r","component":"api","simulation_id":16,"stream":"stdout"}
{"time":"2026-06-08T18:34:05.8548588+08:00","level":"INFO","msg":"T = 6550.000\r","component":"api","simulation_id":16,"stream":"stdout"}
{"time":"2026-06-08T18:34:15.8519429+08:00","level":"INFO","msg":"T = 6560.000\r","component":"api","simulation_id":16,"stream":"stdout"}
{"time":"2026-06-08T18:34:25.8532564+08:00","level":"INFO","msg":"T = 6570.000\r","component":"api","simulation_id":16,"stream":"stdout"}
{"time":"2026-06-08T18:34:35.8504649+08:00","level":"INFO","msg":"T = 6580.000\r","component":"api","simulation_id":16,"stream":"stdout"}
{"time":"2026-06-08T18:34:45.8559529+08:00","level":"INFO","msg":"T = 6590.000\r","component":"api","simulation_id":16,"stream":"stdout"}
{"time":"2026-06-08T18:34:55.8596936+08:00","level":"INFO","msg":"T = 6600.000\r","component":"api","simulation_id":16,"stream":"stdout"}
{"time":"2026-06-08T18:35:05.8508829+08:00","level":"INFO","msg":"T = 6610.000\r","component":"api","simulation_id":16,"stream":"stdout"}
{"time":"2026-06-08T18:35:15.8534988+08:00","level":"INFO","msg":"T = 6620.000\r","component":"api","simulation_id":16,"stream":"stdout"}
{"time":"2026-06-08T18:35:25.8539101+08:00","level":"INFO","msg":"T = 6630.000\r","component":"api","simulation_id":16,"stream":"stdout"}
{"time":"2026-06-08T18:35:35.8506138+08:00","level":"INFO","msg":"T = 6640.000\r","component":"api","simulation_id":16,"stream":"stdout"}
{"time":"2026-06-08T18:35:45.8601635+08:00","level":"INFO","msg":"T = 6650.000\r","component":"api","simulation_id":16,"stream":"stdout"}
{"time":"2026-06-08T18:35:55.8546105+08:00","level":"INFO","msg":"T = 6660.000\r","component":"api","simulation_id":16,"stream":"stdout"}
{"time":"2026-06-08T18:36:05.857051+08:00","level":"INFO","msg":"T = 6670.000\r","component":"api","simulation_id":16,"stream":"stdout"}
{"time":"2026-06-08T18:36:15.854384+08:00","level":"INFO","msg":"T = 6680.000\r","component":"api","simulation_id":16,"stream":"stdout"}
{"time":"2026-06-08T18:36:25.8549671+08:00","level":"INFO","msg":"T = 6690.000\r","component":"api","simulation_id":16,"stream":"stdout"}
{"time":"2026-06-08T18:36:35.8557281+08:00","level":"INFO","msg":"T = 6700.000\r","component":"api","simulation_id":16,"stream":"stdout"}
{"time":"2026-06-08T18:36:45.8611347+08:00","level":"INFO","msg":"T = 6710.000\r","component":"api","simulation_id":16,"stream":"stdout"}
{"time":"2026-06-08T18:36:55.8570279+08:00","level":"INFO","msg":"T = 6720.000\r","component":"api","simulation_id":16,"stream":"stdout"}
{"time":"2026-06-08T18:37:05.8602528+08:00","level":"INFO","msg":"T = 6730.000\r","component":"api","simulation_id":16,"stream":"stdout"}
{"time":"2026-06-08T18:37:15.8503665+08:00","level":"INFO","msg":"T = 6740.000\r","component":"api","simulation_id":16,"stream":"stdout"}
{"time":"2026-06-08T18:37:25.8615798+08:00","level":"INFO","msg":"T = 6750.000\r","component":"api","simulation_id":16,"stream":"stdout"}
{"time":"2026-06-08T18:37:35.8572309+08:00","level":"INFO","msg":"T = 6760.000\r","component":"api","simulation_id":16,"stream":"stdout"}
{"time":"2026-06-08T18:37:45.8510581+08:00","level":"INFO","msg":"T = 6770.000\r","component":"api","simulation_id":16,"stream":"stdout"}
{"time":"2026-06-08T18:37:55.8610323+08:00","level":"INFO","msg":"T = 6780.000\r","component":"api","simulation_id":16,"stream":"stdout"}
{"time":"2026-06-08T18:38:05.8555112+08:00","level":"INFO","msg":"T = 6790.000\r","component":"api","simulation_id":16,"stream":"stdout"}
{"time":"2026-06-08T18:38:15.8610272+08:00","level":"INFO","msg":"T = 6800.000\r","component":"api","simulation_id":16,"stream":"stdout"}
{"time":"2026-06-08T18:38:25.8510144+08:00","level":"INFO","msg":"T = 6810.000\r","component":"api","simulation_id":16,"stream":"stdout"}
{"time":"2026-06-08T18:38:35.8502876+08:00","level":"INFO","msg":"T = 6820.000\r","component":"api","simulation_id":16,"stream":"stdout"}
{"time":"2026-06-08T18:38:45.8581909+08:00","level":"INFO","msg":"T = 6830.000\r","component":"api","simulation_id":16,"stream":"stdout"}
{"time":"2026-06-08T18:38:55.8588502+08:00","level":"INFO","msg":"T = 6840.000\r","component":"api","simulation_id":16,"stream":"stdout"}
{"time":"2026-06-08T18:39:05.8607208+08:00","level":"INFO","msg":"T = 6850.000\r","component":"api","simulation_id":16,"stream":"stdout"}
{"time":"2026-06-08T18:39:15.8599929+08:00","level":"INFO","msg":"T = 6860.000\r","component":"api","simulation_id":16,"stream":"stdout"}
{"time":"2026-06-08T18:39:25.8502101+08:00","level":"INFO","msg":"T = 6870.000\r","component":"api","simulation_id":16,"stream":"stdout"}
{"time":"2026-06-08T18:39:35.8587932+08:00","level":"INFO","msg":"T = 6880.000\r","component":"api","simulation_id":16,"stream":"stdout"}
{"time":"2026-06-08T18:39:45.8552121+08:00","level":"INFO","msg":"T = 6890.000\r","component":"api","simulation_id":16,"stream":"stdout"}
{"time":"2026-06-08T18:39:55.8533763+08:00","level":"INFO","msg":"T = 6900.000\r","component":"api","simulation_id":16,"stream":"stdout"}
{"time":"2026-06-08T18:40:05.8590449+08:00","level":"INFO","msg":"T = 6910.000\r","component":"api","simulation_id":16,"stream":"stdout"}
{"time":"2026-06-08T18:40:15.8536505+08:00","level":"INFO","msg":"T = 6920.000\r","component":"api","simulation_id":16,"stream":"stdout"}
{"time":"2026-06-08T18:40:25.8561659+08:00","level":"INFO","msg":"T = 6930.000\r","component":"api","simulation_id":16,"stream":"stdout"}
{"time":"2026-06-08T18:40:35.8521439+08:00","level":"INFO","msg":"T = 6940.000\r","component":"api","simulation_id":16,"stream":"stdout"}
{"time":"2026-06-08T18:40:45.8572856+08:00","level":"INFO","msg":"T = 6950.000\r","component":"api","simulation_id":16,"stream":"stdout"}
{"time":"2026-06-08T18:40:55.8507106+08:00","level":"INFO","msg":"T = 6960.000\r","component":"api","simulation_id":16,"stream":"stdout"}
{"time":"2026-06-08T18:41:05.8519202+08:00","level":"INFO","msg":"T = 6970.000\r","component":"api","simulation_id":16,"stream":"stdout"}
{"time":"2026-06-08T18:41:15.8578776+08:00","level":"INFO","msg":"T = 6980.000\r","component":"api","simulation_id":16,"stream":"stdout"}
{"time":"2026-06-08T18:41:25.8582649+08:00","level":"INFO","msg":"T = 6990.000\r","component":"api","simulation_id":16,"stream":"stdout"}
{"time":"2026-06-08T18:41:35.8593335+08:00","level":"INFO","msg":"T = 7000.000\r","component":"api","simulation_id":16,"stream":"stdout"}
{"time":"2026-06-08T18:41:45.8586704+08:00","level":"INFO","msg":"T = 7010.000\r","component":"api","simulation_id":16,"stream":"stdout"}
{"time":"2026-06-08T18:41:55.8580053+08:00","level":"INFO","msg":"T = 7020.000\r","component":"api","simulation_id":16,"stream":"stdout"}
{"time":"2026-06-08T18:42:05.8526357+08:00","level":"INFO","msg":"T = 7030.000\r","component":"api","simulation_id":16,"stream":"stdout"}
{"time":"2026-06-08T18:42:15.8549918+08:00","level":"INFO","msg":"T = 7040.000\r","component":"api","simulation_id":16,"stream":"stdout"}
{"time":"2026-06-08T18:42:25.8550748+08:00","level":"INFO","msg":"T = 7050.000\r","component":"api","simulation_id":16,"stream":"stdout"}
{"time":"2026-06-08T18:42:35.8508426+08:00","level":"INFO","msg":"T = 7060.000\r","component":"api","simulation_id":16,"stream":"stdout"}
{"time":"2026-06-08T18:42:45.8563096+08:00","level":"INFO","msg":"T = 7070.000\r","component":"api","simulation_id":16,"stream":"stdout"}
{"time":"2026-06-08T18:42:55.8595757+08:00","level":"INFO","msg":"T = 7080.000\r","component":"api","simulation_id":16,"stream":"stdout"}
{"time":"2026-06-08T18:43:05.8572977+08:00","level":"INFO","msg":"T = 7090.000\r","component":"api","simulation_id":16,"stream":"stdout"}
{"time":"2026-06-08T18:43:15.8555457+08:00","level":"INFO","msg":"T = 7100.000\r","component":"api","simulation_id":16,"stream":"stdout"}
{"time":"2026-06-08T18:43:25.8608859+08:00","level":"INFO","msg":"T = 7110.000\r","component":"api","simulation_id":16,"stream":"stdout"}
{"time":"2026-06-08T18:43:35.8552898+08:00","level":"INFO","msg":"T = 7120.000\r","component":"api","simulation_id":16,"stream":"stdout"}
{"time":"2026-06-08T18:43:45.8522842+08:00","level":"INFO","msg":"T = 7130.000\r","component":"api","simulation_id":16,"stream":"stdout"}
{"time":"2026-06-08T18:43:55.8511541+08:00","level":"INFO","msg":"T = 7140.000\r","component":"api","simulation_id":16,"stream":"stdout"}
{"time":"2026-06-08T18:44:05.8532779+08:00","level":"INFO","msg":"T = 7150.000\r","component":"api","simulation_id":16,"stream":"stdout"}
{"time":"2026-06-08T18:44:15.861092+08:00","level":"INFO","msg":"T = 7160.000\r","component":"api","simulation_id":16,"stream":"stdout"}
{"time":"2026-06-08T18:44:25.8606559+08:00","level":"INFO","msg":"T = 7170.000\r","component":"api","simulation_id":16,"stream":"stdout"}
{"time":"2026-06-08T18:44:35.8609408+08:00","level":"INFO","msg":"T = 7180.000\r","component":"api","simulation_id":16,"stream":"stdout"}
{"time":"2026-06-08T18:44:45.8512138+08:00","level":"INFO","msg":"T = 7190.000\r","component":"api","simulation_id":16,"stream":"stdout"}
{"time":"2026-06-08T18:44:55.8582702+08:00","level":"INFO","msg":"T = 7200.000\r","component":"api","simulation_id":16,"stream":"stdout"}
{"time":"2026-06-08T18:45:05.860057+08:00","level":"INFO","msg":"T = 7210.000\r","component":"api","simulation_id":16,"stream":"stdout"}
{"time":"2026-06-08T18:45:15.8557966+08:00","level":"INFO","msg":"T = 7220.000\r","component":"api","simulation_id":16,"stream":"stdout"}
{"time":"2026-06-08T18:45:25.8599684+08:00","level":"INFO","msg":"T = 7230.000\r","component":"api","simulation_id":16,"stream":"stdout"}
{"time":"2026-06-08T18:45:35.8510459+08:00","level":"INFO","msg":"T = 7240.000\r","component":"api","simulation_id":16,"stream":"stdout"}
{"time":"2026-06-08T18:45:45.8524876+08:00","level":"INFO","msg":"T = 7250.000\r","component":"api","simulation_id":16,"stream":"stdout"}
{"time":"2026-06-08T18:45:55.8521105+08:00","level":"INFO","msg":"T = 7260.000\r","component":"api","simulation_id":16,"stream":"stdout"}
{"time":"2026-06-08T18:46:05.8552673+08:00","level":"INFO","msg":"T = 7270.000\r","component":"api","simulation_id":16,"stream":"stdout"}
{"time":"2026-06-08T18:46:15.8579396+08:00","level":"INFO","msg":"T = 7280.000\r","component":"api","simulation_id":16,"stream":"stdout"}
{"time":"2026-06-08T18:46:25.858665+08:00","level":"INFO","msg":"T = 7290.000\r","component":"api","simulation_id":16,"stream":"stdout"}
{"time":"2026-06-08T18:46:35.8541619+08:00","level":"INFO","msg":"T = 7300.000\r","component":"api","simulation_id":16,"stream":"stdout"}
{"time":"2026-06-08T18:46:45.8568736+08:00","level":"INFO","msg":"T = 7310.000\r","component":"api","simulation_id":16,"stream":"stdout"}
{"time":"2026-06-08T18:46:55.8510389+08:00","level":"INFO","msg":"T = 7320.000\r","component":"api","simulation_id":16,"stream":"stdout"}
{"time":"2026-06-08T18:47:05.8567249+08:00","level":"INFO","msg":"T = 7330.000\r","component":"api","simulation_id":16,"stream":"stdout"}
{"time":"2026-06-08T18:47:15.8597793+08:00","level":"INFO","msg":"T = 7340.000\r","component":"api","simulation_id":16,"stream":"stdout"}
{"time":"2026-06-08T18:47:25.8536278+08:00","level":"INFO","msg":"T = 7350.000\r","component":"api","simulation_id":16,"stream":"stdout"}
{"time":"2026-06-08T18:47:35.8506268+08:00","level":"INFO","msg":"T = 7360.000\r","component":"api","simulation_id":16,"stream":"stdout"}
{"time":"2026-06-08T18:47:45.860272+08:00","level":"INFO","msg":"T = 7370.000\r","component":"api","simulation_id":16,"stream":"stdout"}
{"time":"2026-06-08T18:47:55.8512329+08:00","level":"INFO","msg":"T = 7380.000\r","component":"api","simulation_id":16,"stream":"stdout"}
{"time":"2026-06-08T18:48:05.858606+08:00","level":"INFO","msg":"T = 7390.000\r","component":"api","simulation_id":16,"stream":"stdout"}
{"time":"2026-06-08T18:48:15.8511543+08:00","level":"INFO","msg":"T = 7400.000\r","component":"api","simulation_id":16,"stream":"stdout"}
{"time":"2026-06-08T18:48:25.86112+08:00","level":"INFO","msg":"T = 7410.000\r","component":"api","simulation_id":16,"stream":"stdout"}
{"time":"2026-06-08T18:48:35.8541023+08:00","level":"INFO","msg":"T = 7420.000\r","component":"api","simulation_id":16,"stream":"stdout"}
{"time":"2026-06-08T18:48:45.8558796+08:00","level":"INFO","msg":"T = 7430.000\r","component":"api","simulation_id":16,"stream":"stdout"}
{"time":"2026-06-08T18:48:55.8507083+08:00","level":"INFO","msg":"T = 7440.000\r","component":"api","simulation_id":16,"stream":"stdout"}
{"time":"2026-06-08T18:49:05.8609849+08:00","level":"INFO","msg":"T = 7450.000\r","component":"api","simulation_id":16,"stream":"stdout"}
{"time":"2026-06-08T18:49:15.8523543+08:00","level":"INFO","msg":"T = 7460.000\r","component":"api","simulation_id":16,"stream":"stdout"}
{"time":"2026-06-08T18:49:25.8583088+08:00","level":"INFO","msg":"T = 7470.000\r","component":"api","simulation_id":16,"stream":"stdout"}
{"time":"2026-06-08T18:49:35.8523642+08:00","level":"INFO","msg":"T = 7480.000\r","component":"api","simulation_id":16,"stream":"stdout"}
{"time":"2026-06-08T18:49:45.8550676+08:00","level":"INFO","msg":"T = 7490.000\r","component":"api","simulation_id":16,"stream":"stdout"}
{"time":"2026-06-08T18:49:55.8536678+08:00","level":"INFO","msg":"T = 7500.000\r","component":"api","simulation_id":16,"stream":"stdout"}
{"time":"2026-06-08T18:50:05.8556975+08:00","level":"INFO","msg":"T = 7510.000\r","component":"api","simulation_id":16,"stream":"stdout"}
{"time":"2026-06-08T18:50:15.8576245+08:00","level":"INFO","msg":"T = 7520.000\r","component":"api","simulation_id":16,"stream":"stdout"}
{"time":"2026-06-08T18:50:25.8506979+08:00","level":"INFO","msg":"T = 7530.000\r","component":"api","simulation_id":16,"stream":"stdout"}
{"time":"2026-06-08T18:50:35.8582714+08:00","level":"INFO","msg":"T = 7540.000\r","component":"api","simulation_id":16,"stream":"stdout"}
{"time":"2026-06-08T18:50:45.8505669+08:00","level":"INFO","msg":"T = 7550.000\r","component":"api","simulation_id":16,"stream":"stdout"}
{"time":"2026-06-08T18:50:55.86193+08:00","level":"INFO","msg":"T = 7560.000\r","component":"api","simulation_id":16,"stream":"stdout"}
{"time":"2026-06-08T18:51:05.8550534+08:00","level":"INFO","msg":"T = 7570.000\r","component":"api","simulation_id":16,"stream":"stdout"}
{"time":"2026-06-08T18:51:15.8546848+08:00","level":"INFO","msg":"T = 7580.000\r","component":"api","simulation_id":16,"stream":"stdout"}
{"time":"2026-06-08T18:51:25.8597328+08:00","level":"INFO","msg":"T = 7590.000\r","component":"api","simulation_id":16,"stream":"stdout"}
{"time":"2026-06-08T18:51:35.8614066+08:00","level":"INFO","msg":"T = 7600.000\r","component":"api","simulation_id":16,"stream":"stdout"}
{"time":"2026-06-08T18:51:45.859363+08:00","level":"INFO","msg":"T = 7610.000\r","component":"api","simulation_id":16,"stream":"stdout"}
{"time":"2026-06-08T18:51:55.8532608+08:00","level":"INFO","msg":"T = 7620.000\r","component":"api","simulation_id":16,"stream":"stdout"}
{"time":"2026-06-08T18:52:05.8562551+08:00","level":"INFO","msg":"T = 7630.000\r","component":"api","simulation_id":16,"stream":"stdout"}
{"time":"2026-06-08T18:52:15.8619439+08:00","level":"INFO","msg":"T = 7640.000\r","component":"api","simulation_id":16,"stream":"stdout"}
{"time":"2026-06-08T18:52:25.855304+08:00","level":"INFO","msg":"T = 7650.000\r","component":"api","simulation_id":16,"stream":"stdout"}
{"time":"2026-06-08T18:52:35.8587103+08:00","level":"INFO","msg":"T = 7660.000\r","component":"api","simulation_id":16,"stream":"stdout"}
{"time":"2026-06-08T18:52:45.8502981+08:00","level":"INFO","msg":"T = 7670.000\r","component":"api","simulation_id":16,"stream":"stdout"}
{"time":"2026-06-08T18:52:55.8569241+08:00","level":"INFO","msg":"T = 7680.000\r","component":"api","simulation_id":16,"stream":"stdout"}
{"time":"2026-06-08T18:53:05.8530353+08:00","level":"INFO","msg":"T = 7690.000\r","component":"api","simulation_id":16,"stream":"stdout"}
{"time":"2026-06-08T18:53:15.8511843+08:00","level":"INFO","msg":"T = 7700.000\r","component":"api","simulation_id":16,"stream":"stdout"}
{"time":"2026-06-08T18:53:25.8575848+08:00","level":"INFO","msg":"T = 7710.000\r","component":"api","simulation_id":16,"stream":"stdout"}
{"time":"2026-06-08T18:53:35.8577406+08:00","level":"INFO","msg":"T = 7720.000\r","component":"api","simulation_id":16,"stream":"stdout"}
{"time":"2026-06-08T18:53:45.8582494+08:00","level":"INFO","msg":"T = 7730.000\r","component":"api","simulation_id":16,"stream":"stdout"}
{"time":"2026-06-08T18:53:55.8604875+08:00","level":"INFO","msg":"T = 7740.000\r","component":"api","simulation_id":16,"stream":"stdout"}
{"time":"2026-06-08T18:54:05.8614313+08:00","level":"INFO","msg":"T = 7750.000\r","component":"api","simulation_id":16,"stream":"stdout"}
{"time":"2026-06-08T18:54:15.8511241+08:00","level":"INFO","msg":"T = 7760.000\r","component":"api","simulation_id":16,"stream":"stdout"}
{"time":"2026-06-08T18:54:25.8578339+08:00","level":"INFO","msg":"T = 7770.000\r","component":"api","simulation_id":16,"stream":"stdout"}
{"time":"2026-06-08T18:54:35.8569066+08:00","level":"INFO","msg":"T = 7780.000\r","component":"api","simulation_id":16,"stream":"stdout"}
{"time":"2026-06-08T18:54:45.8532084+08:00","level":"INFO","msg":"T = 7790.000\r","component":"api","simulation_id":16,"stream":"stdout"}
{"time":"2026-06-08T18:54:55.8511617+08:00","level":"INFO","msg":"T = 7800.000\r","component":"api","simulation_id":16,"stream":"stdout"}
{"time":"2026-06-08T18:55:05.8509686+08:00","level":"INFO","msg":"T = 7810.000\r","component":"api","simulation_id":16,"stream":"stdout"}
{"time":"2026-06-08T18:55:15.8565635+08:00","level":"INFO","msg":"T = 7820.000\r","component":"api","simulation_id":16,"stream":"stdout"}
{"time":"2026-06-08T18:55:25.8565084+08:00","level":"INFO","msg":"T = 7830.000\r","component":"api","simulation_id":16,"stream":"stdout"}
{"time":"2026-06-08T18:55:35.8608811+08:00","level":"INFO","msg":"T = 7840.000\r","component":"api","simulation_id":16,"stream":"stdout"}
{"time":"2026-06-08T18:55:45.8579998+08:00","level":"INFO","msg":"T = 7850.000\r","component":"api","simulation_id":16,"stream":"stdout"}
{"time":"2026-06-08T18:55:55.8510643+08:00","level":"INFO","msg":"T = 7860.000\r","component":"api","simulation_id":16,"stream":"stdout"}
{"time":"2026-06-08T18:56:05.8504575+08:00","level":"INFO","msg":"T = 7870.000\r","component":"api","simulation_id":16,"stream":"stdout"}
{"time":"2026-06-08T18:56:15.8513015+08:00","level":"INFO","msg":"T = 7880.000\r","component":"api","simulation_id":16,"stream":"stdout"}
{"time":"2026-06-08T18:56:25.8590496+08:00","level":"INFO","msg":"T = 7890.000\r","component":"api","simulation_id":16,"stream":"stdout"}
{"time":"2026-06-08T18:56:35.8503253+08:00","level":"INFO","msg":"T = 7900.000\r","component":"api","simulation_id":16,"stream":"stdout"}
{"time":"2026-06-08T18:56:45.8513743+08:00","level":"INFO","msg":"T = 7910.000\r","component":"api","simulation_id":16,"stream":"stdout"}
{"time":"2026-06-08T18:56:55.8600201+08:00","level":"INFO","msg":"T = 7920.000\r","component":"api","simulation_id":16,"stream":"stdout"}
{"time":"2026-06-08T18:57:05.8577129+08:00","level":"INFO","msg":"T = 7930.000\r","component":"api","simulation_id":16,"stream":"stdout"}
{"time":"2026-06-08T18:57:15.8604345+08:00","level":"INFO","msg":"T = 7940.000\r","component":"api","simulation_id":16,"stream":"stdout"}
{"time":"2026-06-08T18:57:25.859205+08:00","level":"INFO","msg":"T = 7950.000\r","component":"api","simulation_id":16,"stream":"stdout"}
{"time":"2026-06-08T18:57:35.8580281+08:00","level":"INFO","msg":"T = 7960.000\r","component":"api","simulation_id":16,"stream":"stdout"}
{"time":"2026-06-08T18:57:45.8511531+08:00","level":"INFO","msg":"T = 7970.000\r","component":"api","simulation_id":16,"stream":"stdout"}
{"time":"2026-06-08T18:57:55.8575793+08:00","level":"INFO","msg":"T = 7980.000\r","component":"api","simulation_id":16,"stream":"stdout"}
{"time":"2026-06-08T18:58:05.8542871+08:00","level":"INFO","msg":"T = 7990.000\r","component":"api","simulation_id":16,"stream":"stdout"}
{"time":"2026-06-08T18:58:15.8534935+08:00","level":"INFO","msg":"T = 8000.000\r","component":"api","simulation_id":16,"stream":"stdout"}
{"time":"2026-06-08T18:58:25.8530661+08:00","level":"INFO","msg":"T = 8010.000\r","component":"api","simulation_id":16,"stream":"stdout"}
{"time":"2026-06-08T18:58:35.8519884+08:00","level":"INFO","msg":"T = 8020.000\r","component":"api","simulation_id":16,"stream":"stdout"}
{"time":"2026-06-08T18:58:45.8607528+08:00","level":"INFO","msg":"T = 8030.000\r","component":"api","simulation_id":16,"stream":"stdout"}
{"time":"2026-06-08T18:58:55.8604791+08:00","level":"INFO","msg":"T = 8040.000\r","component":"api","simulation_id":16,"stream":"stdout"}
{"time":"2026-06-08T18:59:05.8585502+08:00","level":"INFO","msg":"T = 8050.000\r","component":"api","simulation_id":16,"stream":"stdout"}
{"time":"2026-06-08T18:59:15.8558138+08:00","level":"INFO","msg":"T = 8060.000\r","component":"api","simulation_id":16,"stream":"stdout"}
{"time":"2026-06-08T18:59:25.8586235+08:00","level":"INFO","msg":"T = 8070.000\r","component":"api","simulation_id":16,"stream":"stdout"}
{"time":"2026-06-08T18:59:35.8527007+08:00","level":"INFO","msg":"T = 8080.000\r","component":"api","simulation_id":16,"stream":"stdout"}
{"time":"2026-06-08T18:59:45.8582997+08:00","level":"INFO","msg":"T = 8090.000\r","component":"api","simulation_id":16,"stream":"stdout"}
{"time":"2026-06-08T18:59:55.8510736+08:00","level":"INFO","msg":"T = 8100.000\r","component":"api","simulation_id":16,"stream":"stdout"}
{"time":"2026-06-08T19:00:05.856393+08:00","level":"INFO","msg":"T = 8110.000\r","component":"api","simulation_id":16,"stream":"stdout"}
{"time":"2026-06-08T19:00:15.8597905+08:00","level":"INFO","msg":"T = 8120.000\r","component":"api","simulation_id":16,"stream":"stdout"}
{"time":"2026-06-08T19:00:25.8612594+08:00","level":"INFO","msg":"T = 8130.000\r","component":"api","simulation_id":16,"stream":"stdout"}
{"time":"2026-06-08T19:00:35.8505532+08:00","level":"INFO","msg":"T = 8140.000\r","component":"api","simulation_id":16,"stream":"stdout"}
{"time":"2026-06-08T19:00:45.8539661+08:00","level":"INFO","msg":"T = 8150.000\r","component":"api","simulation_id":16,"stream":"stdout"}
{"time":"2026-06-08T19:00:55.8590614+08:00","level":"INFO","msg":"T = 8160.000\r","component":"api","simulation_id":16,"stream":"stdout"}
{"time":"2026-06-08T19:01:05.8503777+08:00","level":"INFO","msg":"T = 8170.000\r","component":"api","simulation_id":16,"stream":"stdout"}
{"time":"2026-06-08T19:01:15.850856+08:00","level":"INFO","msg":"T = 8180.000\r","component":"api","simulation_id":16,"stream":"stdout"}
{"time":"2026-06-08T19:01:25.8611564+08:00","level":"INFO","msg":"T = 8190.000\r","component":"api","simulation_id":16,"stream":"stdout"}
{"time":"2026-06-08T19:01:35.8618583+08:00","level":"INFO","msg":"T = 8200.000\r","component":"api","simulation_id":16,"stream":"stdout"}
{"time":"2026-06-08T19:01:45.8602488+08:00","level":"INFO","msg":"T = 8210.000\r","component":"api","simulation_id":16,"stream":"stdout"}
{"time":"2026-06-08T19:01:55.8579556+08:00","level":"INFO","msg":"T = 8220.000\r","component":"api","simulation_id":16,"stream":"stdout"}
{"time":"2026-06-08T19:02:05.8585692+08:00","level":"INFO","msg":"T = 8230.000\r","component":"api","simulation_id":16,"stream":"stdout"}
{"time":"2026-06-08T19:02:15.8504583+08:00","level":"INFO","msg":"T = 8240.000\r","component":"api","simulation_id":16,"stream":"stdout"}
{"time":"2026-06-08T19:02:25.8590046+08:00","level":"INFO","msg":"T = 8250.000\r","component":"api","simulation_id":16,"stream":"stdout"}
{"time":"2026-06-08T19:02:35.8539342+08:00","level":"INFO","msg":"T = 8260.000\r","component":"api","simulation_id":16,"stream":"stdout"}
{"time":"2026-06-08T19:02:45.8600916+08:00","level":"INFO","msg":"T = 8270.000\r","component":"api","simulation_id":16,"stream":"stdout"}
{"time":"2026-06-08T19:02:55.860258+08:00","level":"INFO","msg":"T = 8280.000\r","component":"api","simulation_id":16,"stream":"stdout"}
{"time":"2026-06-08T19:03:05.8515895+08:00","level":"INFO","msg":"T = 8290.000\r","component":"api","simulation_id":16,"stream":"stdout"}
{"time":"2026-06-08T19:03:15.8512325+08:00","level":"INFO","msg":"T = 8300.000\r","component":"api","simulation_id":16,"stream":"stdout"}
{"time":"2026-06-08T19:03:25.8527677+08:00","level":"INFO","msg":"T = 8310.000\r","component":"api","simulation_id":16,"stream":"stdout"}
{"time":"2026-06-08T19:03:35.8603251+08:00","level":"INFO","msg":"T = 8320.000\r","component":"api","simulation_id":16,"stream":"stdout"}
{"time":"2026-06-08T19:03:45.8539782+08:00","level":"INFO","msg":"T = 8330.000\r","component":"api","simulation_id":16,"stream":"stdout"}
{"time":"2026-06-08T19:03:55.8507028+08:00","level":"INFO","msg":"T = 8340.000\r","component":"api","simulation_id":16,"stream":"stdout"}
{"time":"2026-06-08T19:04:05.850517+08:00","level":"INFO","msg":"T = 8350.000\r","component":"api","simulation_id":16,"stream":"stdout"}
{"time":"2026-06-08T19:04:15.8510636+08:00","level":"INFO","msg":"T = 8360.000\r","component":"api","simulation_id":16,"stream":"stdout"}
{"time":"2026-06-08T19:04:25.8512617+08:00","level":"INFO","msg":"T = 8370.000\r","component":"api","simulation_id":16,"stream":"stdout"}
{"time":"2026-06-08T19:04:35.8585604+08:00","level":"INFO","msg":"T = 8380.000\r","component":"api","simulation_id":16,"stream":"stdout"}
{"time":"2026-06-08T19:04:45.8548496+08:00","level":"INFO","msg":"T = 8390.000\r","component":"api","simulation_id":16,"stream":"stdout"}
{"time":"2026-06-08T19:04:55.8512714+08:00","level":"INFO","msg":"T = 8400.000\r","component":"api","simulation_id":16,"stream":"stdout"}
{"time":"2026-06-08T19:05:05.8510943+08:00","level":"INFO","msg":"T = 8410.000\r","component":"api","simulation_id":16,"stream":"stdout"}
{"time":"2026-06-08T19:05:15.8509132+08:00","level":"INFO","msg":"T = 8420.000\r","component":"api","simulation_id":16,"stream":"stdout"}
{"time":"2026-06-08T19:05:25.8591412+08:00","level":"INFO","msg":"T = 8430.000\r","component":"api","simulation_id":16,"stream":"stdout"}
{"time":"2026-06-08T19:05:35.8524063+08:00","level":"INFO","msg":"T = 8440.000\r","component":"api","simulation_id":16,"stream":"stdout"}
{"time":"2026-06-08T19:05:45.8511262+08:00","level":"INFO","msg":"T = 8450.000\r","component":"api","simulation_id":16,"stream":"stdout"}
{"time":"2026-06-08T19:05:55.8503216+08:00","level":"INFO","msg":"T = 8460.000\r","component":"api","simulation_id":16,"stream":"stdout"}
{"time":"2026-06-08T19:06:05.8600675+08:00","level":"INFO","msg":"T = 8470.000\r","component":"api","simulation_id":16,"stream":"stdout"}
{"time":"2026-06-08T19:06:15.8611189+08:00","level":"INFO","msg":"T = 8480.000\r","component":"api","simulation_id":16,"stream":"stdout"}
{"time":"2026-06-08T19:06:25.8520758+08:00","level":"INFO","msg":"T = 8490.000\r","component":"api","simulation_id":16,"stream":"stdout"}
{"time":"2026-06-08T19:06:35.8527702+08:00","level":"INFO","msg":"T = 8500.000\r","component":"api","simulation_id":16,"stream":"stdout"}
{"time":"2026-06-08T19:06:45.8608489+08:00","level":"INFO","msg":"T = 8510.000\r","component":"api","simulation_id":16,"stream":"stdout"}
{"time":"2026-06-08T19:06:55.8555491+08:00","level":"INFO","msg":"T = 8520.000\r","component":"api","simulation_id":16,"stream":"stdout"}
{"time":"2026-06-08T19:07:05.8597779+08:00","level":"INFO","msg":"T = 8530.000\r","component":"api","simulation_id":16,"stream":"stdout"}
{"time":"2026-06-08T19:07:15.85127+08:00","level":"INFO","msg":"T = 8540.000\r","component":"api","simulation_id":16,"stream":"stdout"}
{"time":"2026-06-08T19:07:25.8595105+08:00","level":"INFO","msg":"T = 8550.000\r","component":"api","simulation_id":16,"stream":"stdout"}
{"time":"2026-06-08T19:07:35.8596453+08:00","level":"INFO","msg":"T = 8560.000\r","component":"api","simulation_id":16,"stream":"stdout"}
{"time":"2026-06-08T19:07:45.853332+08:00","level":"INFO","msg":"T = 8570.000\r","component":"api","simulation_id":16,"stream":"stdout"}
{"time":"2026-06-08T19:07:55.8525411+08:00","level":"INFO","msg":"T = 8580.000\r","component":"api","simulation_id":16,"stream":"stdout"}
{"time":"2026-06-08T19:08:05.8604365+08:00","level":"INFO","msg":"T = 8590.000\r","component":"api","simulation_id":16,"stream":"stdout"}
{"time":"2026-06-08T19:08:15.8605446+08:00","level":"INFO","msg":"T = 8600.000\r","component":"api","simulation_id":16,"stream":"stdout"}
{"time":"2026-06-08T19:08:25.8602781+08:00","level":"INFO","msg":"T = 8610.000\r","component":"api","simulation_id":16,"stream":"stdout"}
{"time":"2026-06-08T19:08:35.8510101+08:00","level":"INFO","msg":"T = 8620.000\r","component":"api","simulation_id":16,"stream":"stdout"}
{"time":"2026-06-08T19:08:45.8504425+08:00","level":"INFO","msg":"T = 8630.000\r","component":"api","simulation_id":16,"stream":"stdout"}
{"time":"2026-06-08T19:08:55.8600625+08:00","level":"INFO","msg":"T = 8640.000\r","component":"api","simulation_id":16,"stream":"stdout"}
{"time":"2026-06-08T19:09:05.8578265+08:00","level":"INFO","msg":"T = 8650.000\r","component":"api","simulation_id":16,"stream":"stdout"}
{"time":"2026-06-08T19:09:15.8591703+08:00","level":"INFO","msg":"T = 8660.000\r","component":"api","simulation_id":16,"stream":"stdout"}
{"time":"2026-06-08T19:09:25.8607762+08:00","level":"INFO","msg":"T = 8670.000\r","component":"api","simulation_id":16,"stream":"stdout"}
{"time":"2026-06-08T19:09:35.851691+08:00","level":"INFO","msg":"T = 8680.000\r","component":"api","simulation_id":16,"stream":"stdout"}
{"time":"2026-06-08T19:09:45.8502634+08:00","level":"INFO","msg":"T = 8690.000\r","component":"api","simulation_id":16,"stream":"stdout"}
{"time":"2026-06-08T19:09:55.8566495+08:00","level":"INFO","msg":"T = 8700.000\r","component":"api","simulation_id":16,"stream":"stdout"}
{"time":"2026-06-08T19:10:05.8618479+08:00","level":"INFO","msg":"T = 8710.000\r","component":"api","simulation_id":16,"stream":"stdout"}
{"time":"2026-06-08T19:10:15.8510182+08:00","level":"INFO","msg":"T = 8720.000\r","component":"api","simulation_id":16,"stream":"stdout"}
{"time":"2026-06-08T19:10:25.8540023+08:00","level":"INFO","msg":"T = 8730.000\r","component":"api","simulation_id":16,"stream":"stdout"}
{"time":"2026-06-08T19:10:35.8601505+08:00","level":"INFO","msg":"T = 8740.000\r","component":"api","simulation_id":16,"stream":"stdout"}
{"time":"2026-06-08T19:10:45.8602292+08:00","level":"INFO","msg":"T = 8750.000\r","component":"api","simulation_id":16,"stream":"stdout"}
{"time":"2026-06-08T19:10:55.8512378+08:00","level":"INFO","msg":"T = 8760.000\r","component":"api","simulation_id":16,"stream":"stdout"}
{"time":"2026-06-08T19:11:05.8547799+08:00","level":"INFO","msg":"T = 8770.000\r","component":"api","simulation_id":16,"stream":"stdout"}
{"time":"2026-06-08T19:11:15.8526521+08:00","level":"INFO","msg":"T = 8780.000\r","component":"api","simulation_id":16,"stream":"stdout"}
{"time":"2026-06-08T19:11:25.8608964+08:00","level":"INFO","msg":"T = 8790.000\r","component":"api","simulation_id":16,"stream":"stdout"}
{"time":"2026-06-08T19:11:35.8566477+08:00","level":"INFO","msg":"T = 8800.000\r","component":"api","simulation_id":16,"stream":"stdout"}
{"time":"2026-06-08T19:11:45.8517326+08:00","level":"INFO","msg":"T = 8810.000\r","component":"api","simulation_id":16,"stream":"stdout"}
{"time":"2026-06-08T19:11:55.8570156+08:00","level":"INFO","msg":"T = 8820.000\r","component":"api","simulation_id":16,"stream":"stdout"}
{"time":"2026-06-08T19:12:05.8587679+08:00","level":"INFO","msg":"T = 8830.000\r","component":"api","simulation_id":16,"stream":"stdout"}
{"time":"2026-06-08T19:12:15.8610826+08:00","level":"INFO","msg":"T = 8840.000\r","component":"api","simulation_id":16,"stream":"stdout"}
{"time":"2026-06-08T19:12:25.8519096+08:00","level":"INFO","msg":"T = 8850.000\r","component":"api","simulation_id":16,"stream":"stdout"}
{"time":"2026-06-08T19:12:35.8511831+08:00","level":"INFO","msg":"T = 8860.000\r","component":"api","simulation_id":16,"stream":"stdout"}
{"time":"2026-06-08T19:12:45.8527537+08:00","level":"INFO","msg":"T = 8870.000\r","component":"api","simulation_id":16,"stream":"stdout"}
{"time":"2026-06-08T19:12:55.8532563+08:00","level":"INFO","msg":"T = 8880.000\r","component":"api","simulation_id":16,"stream":"stdout"}
{"time":"2026-06-08T19:13:05.8579959+08:00","level":"INFO","msg":"T = 8890.000\r","component":"api","simulation_id":16,"stream":"stdout"}
{"time":"2026-06-08T19:13:15.860822+08:00","level":"INFO","msg":"T = 8900.000\r","component":"api","simulation_id":16,"stream":"stdout"}
{"time":"2026-06-08T19:13:25.8531599+08:00","level":"INFO","msg":"T = 8910.000\r","component":"api","simulation_id":16,"stream":"stdout"}
{"time":"2026-06-08T19:13:35.8581861+08:00","level":"INFO","msg":"T = 8920.000\r","component":"api","simulation_id":16,"stream":"stdout"}
{"time":"2026-06-08T19:13:45.8541097+08:00","level":"INFO","msg":"T = 8930.000\r","component":"api","simulation_id":16,"stream":"stdout"}
{"time":"2026-06-08T19:13:55.860313+08:00","level":"INFO","msg":"T = 8940.000\r","component":"api","simulation_id":16,"stream":"stdout"}
{"time":"2026-06-08T19:14:05.8551914+08:00","level":"INFO","msg":"T = 8950.000\r","component":"api","simulation_id":16,"stream":"stdout"}
{"time":"2026-06-08T19:14:15.8598855+08:00","level":"INFO","msg":"T = 8960.000\r","component":"api","simulation_id":16,"stream":"stdout"}
{"time":"2026-06-08T19:14:25.8558556+08:00","level":"INFO","msg":"T = 8970.000\r","component":"api","simulation_id":16,"stream":"stdout"}
{"time":"2026-06-08T19:14:35.8597138+08:00","level":"INFO","msg":"T = 8980.000\r","component":"api","simulation_id":16,"stream":"stdout"}
{"time":"2026-06-08T19:14:45.8548347+08:00","level":"INFO","msg":"T = 8990.000\r","component":"api","simulation_id":16,"stream":"stdout"}
{"time":"2026-06-08T19:14:55.8606417+08:00","level":"INFO","msg":"T = 9000.000\r","component":"api","simulation_id":16,"stream":"stdout"}
{"time":"2026-06-08T19:15:05.858761+08:00","level":"INFO","msg":"T = 9010.000\r","component":"api","simulation_id":16,"stream":"stdout"}
{"time":"2026-06-08T19:15:15.8594981+08:00","level":"INFO","msg":"T = 9020.000\r","component":"api","simulation_id":16,"stream":"stdout"}
{"time":"2026-06-08T19:15:25.8517997+08:00","level":"INFO","msg":"T = 9030.000\r","component":"api","simulation_id":16,"stream":"stdout"}
{"time":"2026-06-08T19:15:35.8603821+08:00","level":"INFO","msg":"T = 9040.000\r","component":"api","simulation_id":16,"stream":"stdout"}
{"time":"2026-06-08T19:15:45.8509738+08:00","level":"INFO","msg":"T = 9050.000\r","component":"api","simulation_id":16,"stream":"stdout"}
{"time":"2026-06-08T19:15:55.8565944+08:00","level":"INFO","msg":"T = 9060.000\r","component":"api","simulation_id":16,"stream":"stdout"}
{"time":"2026-06-08T19:16:05.8597434+08:00","level":"INFO","msg":"T = 9070.000\r","component":"api","simulation_id":16,"stream":"stdout"}
{"time":"2026-06-08T19:16:15.8585149+08:00","level":"INFO","msg":"T = 9080.000\r","component":"api","simulation_id":16,"stream":"stdout"}
{"time":"2026-06-08T19:16:25.854142+08:00","level":"INFO","msg":"T = 9090.000\r","component":"api","simulation_id":16,"stream":"stdout"}
{"time":"2026-06-08T19:16:35.8573916+08:00","level":"INFO","msg":"T = 9100.000\r","component":"api","simulation_id":16,"stream":"stdout"}
{"time":"2026-06-08T19:16:45.8568073+08:00","level":"INFO","msg":"T = 9110.000\r","component":"api","simulation_id":16,"stream":"stdout"}
{"time":"2026-06-08T19:16:55.8534134+08:00","level":"INFO","msg":"T = 9120.000\r","component":"api","simulation_id":16,"stream":"stdout"}
{"time":"2026-06-08T19:17:05.85073+08:00","level":"INFO","msg":"T = 9130.000\r","component":"api","simulation_id":16,"stream":"stdout"}
{"time":"2026-06-08T19:17:15.8503833+08:00","level":"INFO","msg":"T = 9140.000\r","component":"api","simulation_id":16,"stream":"stdout"}
{"time":"2026-06-08T19:17:25.8505893+08:00","level":"INFO","msg":"T = 9150.000\r","component":"api","simulation_id":16,"stream":"stdout"}
{"time":"2026-06-08T19:17:35.8551883+08:00","level":"INFO","msg":"T = 9160.000\r","component":"api","simulation_id":16,"stream":"stdout"}
{"time":"2026-06-08T19:17:45.8538477+08:00","level":"INFO","msg":"T = 9170.000\r","component":"api","simulation_id":16,"stream":"stdout"}
{"time":"2026-06-08T19:17:55.8535554+08:00","level":"INFO","msg":"T = 9180.000\r","component":"api","simulation_id":16,"stream":"stdout"}
{"time":"2026-06-08T19:18:05.8504918+08:00","level":"INFO","msg":"T = 9190.000\r","component":"api","simulation_id":16,"stream":"stdout"}
{"time":"2026-06-08T19:18:15.8505199+08:00","level":"INFO","msg":"T = 9200.000\r","component":"api","simulation_id":16,"stream":"stdout"}
{"time":"2026-06-08T19:18:25.859111+08:00","level":"INFO","msg":"T = 9210.000\r","component":"api","simulation_id":16,"stream":"stdout"}
{"time":"2026-06-08T19:18:35.8597482+08:00","level":"INFO","msg":"T = 9220.000\r","component":"api","simulation_id":16,"stream":"stdout"}
{"time":"2026-06-08T19:18:45.8511726+08:00","level":"INFO","msg":"T = 9230.000\r","component":"api","simulation_id":16,"stream":"stdout"}
{"time":"2026-06-08T19:18:55.8580585+08:00","level":"INFO","msg":"T = 9240.000\r","component":"api","simulation_id":16,"stream":"stdout"}
{"time":"2026-06-08T19:19:05.8570985+08:00","level":"INFO","msg":"T = 9250.000\r","component":"api","simulation_id":16,"stream":"stdout"}
{"time":"2026-06-08T19:19:15.8526612+08:00","level":"INFO","msg":"T = 9260.000\r","component":"api","simulation_id":16,"stream":"stdout"}
{"time":"2026-06-08T19:19:25.851192+08:00","level":"INFO","msg":"T = 9270.000\r","component":"api","simulation_id":16,"stream":"stdout"}
{"time":"2026-06-08T19:19:35.860313+08:00","level":"INFO","msg":"T = 9280.000\r","component":"api","simulation_id":16,"stream":"stdout"}
{"time":"2026-06-08T19:19:45.8607799+08:00","level":"INFO","msg":"T = 9290.000\r","component":"api","simulation_id":16,"stream":"stdout"}
{"time":"2026-06-08T19:19:55.8502955+08:00","level":"INFO","msg":"T = 9300.000\r","component":"api","simulation_id":16,"stream":"stdout"}
{"time":"2026-06-08T19:20:05.856385+08:00","level":"INFO","msg":"T = 9310.000\r","component":"api","simulation_id":16,"stream":"stdout"}
{"time":"2026-06-08T19:20:15.8502067+08:00","level":"INFO","msg":"T = 9320.000\r","component":"api","simulation_id":16,"stream":"stdout"}
{"time":"2026-06-08T19:20:25.8551827+08:00","level":"INFO","msg":"T = 9330.000\r","component":"api","simulation_id":16,"stream":"stdout"}
{"time":"2026-06-08T19:20:35.8625734+08:00","level":"INFO","msg":"T = 9340.000\r","component":"api","simulation_id":16,"stream":"stdout"}
{"time":"2026-06-08T19:20:45.859782+08:00","level":"INFO","msg":"T = 9350.000\r","component":"api","simulation_id":16,"stream":"stdout"}
{"time":"2026-06-08T19:20:55.8583313+08:00","level":"INFO","msg":"T = 9360.000\r","component":"api","simulation_id":16,"stream":"stdout"}
{"time":"2026-06-08T19:21:05.8561094+08:00","level":"INFO","msg":"T = 9370.000\r","component":"api","simulation_id":16,"stream":"stdout"}
{"time":"2026-06-08T19:21:15.8559569+08:00","level":"INFO","msg":"T = 9380.000\r","component":"api","simulation_id":16,"stream":"stdout"}
{"time":"2026-06-08T19:21:25.854445+08:00","level":"INFO","msg":"T = 9390.000\r","component":"api","simulation_id":16,"stream":"stdout"}
{"time":"2026-06-08T19:21:35.8542739+08:00","level":"INFO","msg":"T = 9400.000\r","component":"api","simulation_id":16,"stream":"stdout"}
{"time":"2026-06-08T19:21:45.8617104+08:00","level":"INFO","msg":"T = 9410.000\r","component":"api","simulation_id":16,"stream":"stdout"}
{"time":"2026-06-08T19:21:55.8542253+08:00","level":"INFO","msg":"T = 9420.000\r","component":"api","simulation_id":16,"stream":"stdout"}
{"time":"2026-06-08T19:22:05.8560977+08:00","level":"INFO","msg":"T = 9430.000\r","component":"api","simulation_id":16,"stream":"stdout"}
{"time":"2026-06-08T19:22:15.8522533+08:00","level":"INFO","msg":"T = 9440.000\r","component":"api","simulation_id":16,"stream":"stdout"}
{"time":"2026-06-08T19:22:25.8615902+08:00","level":"INFO","msg":"T = 9450.000\r","component":"api","simulation_id":16,"stream":"stdout"}
{"time":"2026-06-08T19:22:35.8600545+08:00","level":"INFO","msg":"T = 9460.000\r","component":"api","simulation_id":16,"stream":"stdout"}
{"time":"2026-06-08T19:22:45.8600975+08:00","level":"INFO","msg":"T = 9470.000\r","component":"api","simulation_id":16,"stream":"stdout"}
{"time":"2026-06-08T19:22:55.8621606+08:00","level":"INFO","msg":"T = 9480.000\r","component":"api","simulation_id":16,"stream":"stdout"}
{"time":"2026-06-08T19:23:05.8510347+08:00","level":"INFO","msg":"T = 9490.000\r","component":"api","simulation_id":16,"stream":"stdout"}
{"time":"2026-06-08T19:23:15.8502474+08:00","level":"INFO","msg":"T = 9500.000\r","component":"api","simulation_id":16,"stream":"stdout"}
{"time":"2026-06-08T19:23:25.8569018+08:00","level":"INFO","msg":"T = 9510.000\r","component":"api","simulation_id":16,"stream":"stdout"}
{"time":"2026-06-08T19:23:35.850427+08:00","level":"INFO","msg":"T = 9520.000\r","component":"api","simulation_id":16,"stream":"stdout"}
{"time":"2026-06-08T19:23:45.8600428+08:00","level":"INFO","msg":"T = 9530.000\r","component":"api","simulation_id":16,"stream":"stdout"}
{"time":"2026-06-08T19:23:55.8571079+08:00","level":"INFO","msg":"T = 9540.000\r","component":"api","simulation_id":16,"stream":"stdout"}
{"time":"2026-06-08T19:24:05.8503301+08:00","level":"INFO","msg":"T = 9550.000\r","component":"api","simulation_id":16,"stream":"stdout"}
{"time":"2026-06-08T19:24:15.8597201+08:00","level":"INFO","msg":"T = 9560.000\r","component":"api","simulation_id":16,"stream":"stdout"}
{"time":"2026-06-08T19:24:25.8512061+08:00","level":"INFO","msg":"T = 9570.000\r","component":"api","simulation_id":16,"stream":"stdout"}
{"time":"2026-06-08T19:24:35.8564571+08:00","level":"INFO","msg":"T = 9580.000\r","component":"api","simulation_id":16,"stream":"stdout"}
{"time":"2026-06-08T19:24:45.857895+08:00","level":"INFO","msg":"T = 9590.000\r","component":"api","simulation_id":16,"stream":"stdout"}
{"time":"2026-06-08T19:24:55.8577896+08:00","level":"INFO","msg":"T = 9600.000\r","component":"api","simulation_id":16,"stream":"stdout"}
{"time":"2026-06-08T19:25:05.8565815+08:00","level":"INFO","msg":"T = 9610.000\r","component":"api","simulation_id":16,"stream":"stdout"}
{"time":"2026-06-08T19:25:15.8519992+08:00","level":"INFO","msg":"T = 9620.000\r","component":"api","simulation_id":16,"stream":"stdout"}
{"time":"2026-06-08T19:25:25.853439+08:00","level":"INFO","msg":"T = 9630.000\r","component":"api","simulation_id":16,"stream":"stdout"}
{"time":"2026-06-08T19:25:35.8540233+08:00","level":"INFO","msg":"T = 9640.000\r","component":"api","simulation_id":16,"stream":"stdout"}
{"time":"2026-06-08T19:25:45.8514913+08:00","level":"INFO","msg":"T = 9650.000\r","component":"api","simulation_id":16,"stream":"stdout"}
{"time":"2026-06-08T19:25:55.8510117+08:00","level":"INFO","msg":"T = 9660.000\r","component":"api","simulation_id":16,"stream":"stdout"}
{"time":"2026-06-08T19:26:05.8560045+08:00","level":"INFO","msg":"T = 9670.000\r","component":"api","simulation_id":16,"stream":"stdout"}
{"time":"2026-06-08T19:26:15.8605261+08:00","level":"INFO","msg":"T = 9680.000\r","component":"api","simulation_id":16,"stream":"stdout"}
{"time":"2026-06-08T19:26:25.8503831+08:00","level":"INFO","msg":"T = 9690.000\r","component":"api","simulation_id":16,"stream":"stdout"}
{"time":"2026-06-08T19:26:35.8509592+08:00","level":"INFO","msg":"T = 9700.000\r","component":"api","simulation_id":16,"stream":"stdout"}
{"time":"2026-06-08T19:26:45.8527877+08:00","level":"INFO","msg":"T = 9710.000\r","component":"api","simulation_id":16,"stream":"stdout"}
{"time":"2026-06-08T19:26:55.8522258+08:00","level":"INFO","msg":"T = 9720.000\r","component":"api","simulation_id":16,"stream":"stdout"}
{"time":"2026-06-08T19:27:05.8552242+08:00","level":"INFO","msg":"T = 9730.000\r","component":"api","simulation_id":16,"stream":"stdout"}
{"time":"2026-06-08T19:27:15.8582113+08:00","level":"INFO","msg":"T = 9740.000\r","component":"api","simulation_id":16,"stream":"stdout"}
{"time":"2026-06-08T19:27:25.857415+08:00","level":"INFO","msg":"T = 9750.000\r","component":"api","simulation_id":16,"stream":"stdout"}
{"time":"2026-06-08T19:27:35.8606097+08:00","level":"INFO","msg":"T = 9760.000\r","component":"api","simulation_id":16,"stream":"stdout"}
{"time":"2026-06-08T19:27:45.859483+08:00","level":"INFO","msg":"T = 9770.000\r","component":"api","simulation_id":16,"stream":"stdout"}
{"time":"2026-06-08T19:27:55.8531238+08:00","level":"INFO","msg":"T = 9780.000\r","component":"api","simulation_id":16,"stream":"stdout"}
{"time":"2026-06-08T19:28:05.8584887+08:00","level":"INFO","msg":"T = 9790.000\r","component":"api","simulation_id":16,"stream":"stdout"}
{"time":"2026-06-08T19:28:15.8578671+08:00","level":"INFO","msg":"T = 9800.000\r","component":"api","simulation_id":16,"stream":"stdout"}
{"time":"2026-06-08T19:28:25.8511066+08:00","level":"INFO","msg":"T = 9810.000\r","component":"api","simulation_id":16,"stream":"stdout"}
{"time":"2026-06-08T19:28:35.8522317+08:00","level":"INFO","msg":"T = 9820.000\r","component":"api","simulation_id":16,"stream":"stdout"}
{"time":"2026-06-08T19:28:45.8542444+08:00","level":"INFO","msg":"T = 9830.000\r","component":"api","simulation_id":16,"stream":"stdout"}
{"time":"2026-06-08T19:28:55.8504048+08:00","level":"INFO","msg":"T = 9840.000\r","component":"api","simulation_id":16,"stream":"stdout"}
{"time":"2026-06-08T19:29:05.8509529+08:00","level":"INFO","msg":"T = 9850.000\r","component":"api","simulation_id":16,"stream":"stdout"}
{"time":"2026-06-08T19:29:15.8527425+08:00","level":"INFO","msg":"T = 9860.000\r","component":"api","simulation_id":16,"stream":"stdout"}
{"time":"2026-06-08T19:29:25.8531971+08:00","level":"INFO","msg":"T = 9870.000\r","component":"api","simulation_id":16,"stream":"stdout"}
{"time":"2026-06-08T19:29:35.8512487+08:00","level":"INFO","msg":"T = 9880.000\r","component":"api","simulation_id":16,"stream":"stdout"}
{"time":"2026-06-08T19:29:45.8503676+08:00","level":"INFO","msg":"T = 9890.000\r","component":"api","simulation_id":16,"stream":"stdout"}
{"time":"2026-06-08T19:29:55.8506337+08:00","level":"INFO","msg":"T = 9900.000\r","component":"api","simulation_id":16,"stream":"stdout"}
{"time":"2026-06-08T19:30:05.854516+08:00","level":"INFO","msg":"T = 9910.000\r","component":"api","simulation_id":16,"stream":"stdout"}
{"time":"2026-06-08T19:30:15.8595759+08:00","level":"INFO","msg":"T = 9920.000\r","component":"api","simulation_id":16,"stream":"stdout"}
{"time":"2026-06-08T19:30:25.8543593+08:00","level":"INFO","msg":"T = 9930.000\r","component":"api","simulation_id":16,"stream":"stdout"}
{"time":"2026-06-08T19:30:35.8553923+08:00","level":"INFO","msg":"T = 9940.000\r","component":"api","simulation_id":16,"stream":"stdout"}
{"time":"2026-06-08T19:30:45.8583812+08:00","level":"INFO","msg":"T = 9950.000\r","component":"api","simulation_id":16,"stream":"stdout"}
{"time":"2026-06-08T19:30:55.8547875+08:00","level":"INFO","msg":"T = 9960.000\r","component":"api","simulation_id":16,"stream":"stdout"}
{"time":"2026-06-08T19:31:05.8507596+08:00","level":"INFO","msg":"T = 9970.000\r","component":"api","simulation_id":16,"stream":"stdout"}
{"time":"2026-06-08T19:31:15.8516647+08:00","level":"INFO","msg":"T = 9980.000\r","component":"api","simulation_id":16,"stream":"stdout"}
{"time":"2026-06-08T19:31:25.8521951+08:00","level":"INFO","msg":"T = 9990.000\r","component":"api","simulation_id":16,"stream":"stdout"}
{"time":"2026-06-08T19:31:35.8511397+08:00","level":"INFO","msg":"T = 10000.000\r","component":"api","simulation_id":16,"stream":"stdout"}
{"time":"2026-06-08T19:31:45.8600452+08:00","level":"INFO","msg":"T = 10010.000\r","component":"api","simulation_id":16,"stream":"stdout"}
{"time":"2026-06-08T19:31:55.8520063+08:00","level":"INFO","msg":"T = 10020.000\r","component":"api","simulation_id":16,"stream":"stdout"}
{"time":"2026-06-08T19:32:05.8507642+08:00","level":"INFO","msg":"T = 10030.000\r","component":"api","simulation_id":16,"stream":"stdout"}
{"time":"2026-06-08T19:32:15.8585253+08:00","level":"INFO","msg":"T = 10040.000\r","component":"api","simulation_id":16,"stream":"stdout"}
{"time":"2026-06-08T19:32:25.8596691+08:00","level":"INFO","msg":"T = 10050.000\r","component":"api","simulation_id":16,"stream":"stdout"}
{"time":"2026-06-08T19:32:35.8530795+08:00","level":"INFO","msg":"T = 10060.000\r","component":"api","simulation_id":16,"stream":"stdout"}
{"time":"2026-06-08T19:32:45.8510657+08:00","level":"INFO","msg":"T = 10070.000\r","component":"api","simulation_id":16,"stream":"stdout"}
{"time":"2026-06-08T19:32:55.8503477+08:00","level":"INFO","msg":"T = 10080.000\r","component":"api","simulation_id":16,"stream":"stdout"}
{"time":"2026-06-08T19:33:05.8606825+08:00","level":"INFO","msg":"T = 10090.000\r","component":"api","simulation_id":16,"stream":"stdout"}
{"time":"2026-06-08T19:33:15.8510721+08:00","level":"INFO","msg":"T = 10100.000\r","component":"api","simulation_id":16,"stream":"stdout"}
{"time":"2026-06-08T19:33:25.8581455+08:00","level":"INFO","msg":"T = 10110.000\r","component":"api","simulation_id":16,"stream":"stdout"}
{"time":"2026-06-08T19:33:35.8611972+08:00","level":"INFO","msg":"T = 10120.000\r","component":"api","simulation_id":16,"stream":"stdout"}
{"time":"2026-06-08T19:33:45.8502473+08:00","level":"INFO","msg":"T = 10130.000\r","component":"api","simulation_id":16,"stream":"stdout"}
{"time":"2026-06-08T19:33:55.8600113+08:00","level":"INFO","msg":"T = 10140.000\r","component":"api","simulation_id":16,"stream":"stdout"}
{"time":"2026-06-08T19:34:05.8546335+08:00","level":"INFO","msg":"T = 10150.000\r","component":"api","simulation_id":16,"stream":"stdout"}
{"time":"2026-06-08T19:34:15.8567893+08:00","level":"INFO","msg":"T = 10160.000\r","component":"api","simulation_id":16,"stream":"stdout"}
{"time":"2026-06-08T19:34:25.8576253+08:00","level":"INFO","msg":"T = 10170.000\r","component":"api","simulation_id":16,"stream":"stdout"}
{"time":"2026-06-08T19:34:35.8509424+08:00","level":"INFO","msg":"T = 10180.000\r","component":"api","simulation_id":16,"stream":"stdout"}
{"time":"2026-06-08T19:34:45.860399+08:00","level":"INFO","msg":"T = 10190.000\r","component":"api","simulation_id":16,"stream":"stdout"}
{"time":"2026-06-08T19:34:55.8503548+08:00","level":"INFO","msg":"T = 10200.000\r","component":"api","simulation_id":16,"stream":"stdout"}
{"time":"2026-06-08T19:35:05.8592788+08:00","level":"INFO","msg":"T = 10210.000\r","component":"api","simulation_id":16,"stream":"stdout"}
{"time":"2026-06-08T19:35:15.8601824+08:00","level":"INFO","msg":"T = 10220.000\r","component":"api","simulation_id":16,"stream":"stdout"}
{"time":"2026-06-08T19:35:25.850297+08:00","level":"INFO","msg":"T = 10230.000\r","component":"api","simulation_id":16,"stream":"stdout"}
{"time":"2026-06-08T19:35:35.8538987+08:00","level":"INFO","msg":"T = 10240.000\r","component":"api","simulation_id":16,"stream":"stdout"}
{"time":"2026-06-08T19:35:45.8511709+08:00","level":"INFO","msg":"T = 10250.000\r","component":"api","simulation_id":16,"stream":"stdout"}
{"time":"2026-06-08T19:35:55.856454+08:00","level":"INFO","msg":"T = 10260.000\r","component":"api","simulation_id":16,"stream":"stdout"}
{"time":"2026-06-08T19:36:05.8574002+08:00","level":"INFO","msg":"T = 10270.000\r","component":"api","simulation_id":16,"stream":"stdout"}
{"time":"2026-06-08T19:36:15.8590384+08:00","level":"INFO","msg":"T = 10280.000\r","component":"api","simulation_id":16,"stream":"stdout"}
{"time":"2026-06-08T19:36:25.8599741+08:00","level":"INFO","msg":"T = 10290.000\r","component":"api","simulation_id":16,"stream":"stdout"}
{"time":"2026-06-08T19:36:35.8562433+08:00","level":"INFO","msg":"T = 10300.000\r","component":"api","simulation_id":16,"stream":"stdout"}
{"time":"2026-06-08T19:36:45.8599514+08:00","level":"INFO","msg":"T = 10310.000\r","component":"api","simulation_id":16,"stream":"stdout"}
{"time":"2026-06-08T19:36:55.8611302+08:00","level":"INFO","msg":"T = 10320.000\r","component":"api","simulation_id":16,"stream":"stdout"}
{"time":"2026-06-08T19:37:05.8606676+08:00","level":"INFO","msg":"T = 10330.000\r","component":"api","simulation_id":16,"stream":"stdout"}
{"time":"2026-06-08T19:37:15.857637+08:00","level":"INFO","msg":"T = 10340.000\r","component":"api","simulation_id":16,"stream":"stdout"}
{"time":"2026-06-08T19:37:25.8558066+08:00","level":"INFO","msg":"T = 10350.000\r","component":"api","simulation_id":16,"stream":"stdout"}
{"time":"2026-06-08T19:37:35.8529241+08:00","level":"INFO","msg":"T = 10360.000\r","component":"api","simulation_id":16,"stream":"stdout"}
{"time":"2026-06-08T19:37:45.8593458+08:00","level":"INFO","msg":"T = 10370.000\r","component":"api","simulation_id":16,"stream":"stdout"}
{"time":"2026-06-08T19:37:55.8606821+08:00","level":"INFO","msg":"T = 10380.000\r","component":"api","simulation_id":16,"stream":"stdout"}
{"time":"2026-06-08T19:38:05.8604471+08:00","level":"INFO","msg":"T = 10390.000\r","component":"api","simulation_id":16,"stream":"stdout"}
{"time":"2026-06-08T19:38:15.8583624+08:00","level":"INFO","msg":"T = 10400.000\r","component":"api","simulation_id":16,"stream":"stdout"}
{"time":"2026-06-08T19:38:25.851331+08:00","level":"INFO","msg":"T = 10410.000\r","component":"api","simulation_id":16,"stream":"stdout"}
{"time":"2026-06-08T19:38:35.8565601+08:00","level":"INFO","msg":"T = 10420.000\r","component":"api","simulation_id":16,"stream":"stdout"}
{"time":"2026-06-08T19:38:45.8594654+08:00","level":"INFO","msg":"T = 10430.000\r","component":"api","simulation_id":16,"stream":"stdout"}
{"time":"2026-06-08T19:38:55.8503267+08:00","level":"INFO","msg":"T = 10440.000\r","component":"api","simulation_id":16,"stream":"stdout"}
{"time":"2026-06-08T19:39:05.8572032+08:00","level":"INFO","msg":"T = 10450.000\r","component":"api","simulation_id":16,"stream":"stdout"}
{"time":"2026-06-08T19:39:15.8509197+08:00","level":"INFO","msg":"T = 10460.000\r","component":"api","simulation_id":16,"stream":"stdout"}
{"time":"2026-06-08T19:39:25.8570725+08:00","level":"INFO","msg":"T = 10470.000\r","component":"api","simulation_id":16,"stream":"stdout"}
{"time":"2026-06-08T19:39:35.8514164+08:00","level":"INFO","msg":"T = 10480.000\r","component":"api","simulation_id":16,"stream":"stdout"}
{"time":"2026-06-08T19:39:45.8582013+08:00","level":"INFO","msg":"T = 10490.000\r","component":"api","simulation_id":16,"stream":"stdout"}
{"time":"2026-06-08T19:39:55.855945+08:00","level":"INFO","msg":"T = 10500.000\r","component":"api","simulation_id":16,"stream":"stdout"}
{"time":"2026-06-08T19:40:05.8600171+08:00","level":"INFO","msg":"T = 10510.000\r","component":"api","simulation_id":16,"stream":"stdout"}
{"time":"2026-06-08T19:40:15.8521747+08:00","level":"INFO","msg":"T = 10520.000\r","component":"api","simulation_id":16,"stream":"stdout"}
{"time":"2026-06-08T19:40:25.8594521+08:00","level":"INFO","msg":"T = 10530.000\r","component":"api","simulation_id":16,"stream":"stdout"}
{"time":"2026-06-08T19:40:35.8515837+08:00","level":"INFO","msg":"T = 10540.000\r","component":"api","simulation_id":16,"stream":"stdout"}
{"time":"2026-06-08T19:40:45.8508536+08:00","level":"INFO","msg":"T = 10550.000\r","component":"api","simulation_id":16,"stream":"stdout"}
{"time":"2026-06-08T19:40:55.8579699+08:00","level":"INFO","msg":"T = 10560.000\r","component":"api","simulation_id":16,"stream":"stdout"}
{"time":"2026-06-08T19:41:05.8604855+08:00","level":"INFO","msg":"T = 10570.000\r","component":"api","simulation_id":16,"stream":"stdout"}
{"time":"2026-06-08T19:41:15.8565824+08:00","level":"INFO","msg":"T = 10580.000\r","component":"api","simulation_id":16,"stream":"stdout"}
{"time":"2026-06-08T19:41:25.85808+08:00","level":"INFO","msg":"T = 10590.000\r","component":"api","simulation_id":16,"stream":"stdout"}
{"time":"2026-06-08T19:41:35.8575445+08:00","level":"INFO","msg":"T = 10600.000\r","component":"api","simulation_id":16,"stream":"stdout"}
{"time":"2026-06-08T19:41:45.851203+08:00","level":"INFO","msg":"T = 10610.000\r","component":"api","simulation_id":16,"stream":"stdout"}
{"time":"2026-06-08T19:41:55.8536797+08:00","level":"INFO","msg":"T = 10620.000\r","component":"api","simulation_id":16,"stream":"stdout"}
{"time":"2026-06-08T19:42:05.8540366+08:00","level":"INFO","msg":"T = 10630.000\r","component":"api","simulation_id":16,"stream":"stdout"}
{"time":"2026-06-08T19:42:15.8506665+08:00","level":"INFO","msg":"T = 10640.000\r","component":"api","simulation_id":16,"stream":"stdout"}
{"time":"2026-06-08T19:42:25.8509369+08:00","level":"INFO","msg":"T = 10650.000\r","component":"api","simulation_id":16,"stream":"stdout"}
{"time":"2026-06-08T19:42:35.8610889+08:00","level":"INFO","msg":"T = 10660.000\r","component":"api","simulation_id":16,"stream":"stdout"}
{"time":"2026-06-08T19:42:45.855997+08:00","level":"INFO","msg":"T = 10670.000\r","component":"api","simulation_id":16,"stream":"stdout"}
{"time":"2026-06-08T19:42:55.8579485+08:00","level":"INFO","msg":"T = 10680.000\r","component":"api","simulation_id":16,"stream":"stdout"}
{"time":"2026-06-08T19:43:05.8505037+08:00","level":"INFO","msg":"T = 10690.000\r","component":"api","simulation_id":16,"stream":"stdout"}
{"time":"2026-06-08T19:43:15.8572395+08:00","level":"INFO","msg":"T = 10700.000\r","component":"api","simulation_id":16,"stream":"stdout"}
{"time":"2026-06-08T19:43:25.8607681+08:00","level":"INFO","msg":"T = 10710.000\r","component":"api","simulation_id":16,"stream":"stdout"}
{"time":"2026-06-08T19:43:35.8542588+08:00","level":"INFO","msg":"T = 10720.000\r","component":"api","simulation_id":16,"stream":"stdout"}
{"time":"2026-06-08T19:43:45.8601271+08:00","level":"INFO","msg":"T = 10730.000\r","component":"api","simulation_id":16,"stream":"stdout"}
{"time":"2026-06-08T19:43:55.8556717+08:00","level":"INFO","msg":"T = 10740.000\r","component":"api","simulation_id":16,"stream":"stdout"}
{"time":"2026-06-08T19:44:05.8588529+08:00","level":"INFO","msg":"T = 10750.000\r","component":"api","simulation_id":16,"stream":"stdout"}
{"time":"2026-06-08T19:44:15.8511241+08:00","level":"INFO","msg":"T = 10760.000\r","component":"api","simulation_id":16,"stream":"stdout"}
{"time":"2026-06-08T19:44:25.8599766+08:00","level":"INFO","msg":"T = 10770.000\r","component":"api","simulation_id":16,"stream":"stdout"}
{"time":"2026-06-08T19:44:35.857531+08:00","level":"INFO","msg":"T = 10780.000\r","component":"api","simulation_id":16,"stream":"stdout"}
{"time":"2026-06-08T19:44:45.8587647+08:00","level":"INFO","msg":"T = 10790.000\r","component":"api","simulation_id":16,"stream":"stdout"}
{"time":"2026-06-08T19:44:55.8504633+08:00","level":"INFO","msg":"T = 10800.000\r","component":"api","simulation_id":16,"stream":"stdout"}
{"time":"2026-06-08T19:45:05.8521965+08:00","level":"INFO","msg":"T = 10810.000\r","component":"api","simulation_id":16,"stream":"stdout"}
{"time":"2026-06-08T19:45:15.8570793+08:00","level":"INFO","msg":"T = 10820.000\r","component":"api","simulation_id":16,"stream":"stdout"}
{"time":"2026-06-08T19:45:25.8592719+08:00","level":"INFO","msg":"T = 10830.000\r","component":"api","simulation_id":16,"stream":"stdout"}
{"time":"2026-06-08T19:45:35.8504505+08:00","level":"INFO","msg":"T = 10840.000\r","component":"api","simulation_id":16,"stream":"stdout"}
{"time":"2026-06-08T19:45:45.856358+08:00","level":"INFO","msg":"T = 10850.000\r","component":"api","simulation_id":16,"stream":"stdout"}
{"time":"2026-06-08T19:45:55.852209+08:00","level":"INFO","msg":"T = 10860.000\r","component":"api","simulation_id":16,"stream":"stdout"}
{"time":"2026-06-08T19:46:05.8608849+08:00","level":"INFO","msg":"T = 10870.000\r","component":"api","simulation_id":16,"stream":"stdout"}
{"time":"2026-06-08T19:46:15.8603158+08:00","level":"INFO","msg":"T = 10880.000\r","component":"api","simulation_id":16,"stream":"stdout"}
{"time":"2026-06-08T19:46:25.8531429+08:00","level":"INFO","msg":"T = 10890.000\r","component":"api","simulation_id":16,"stream":"stdout"}
{"time":"2026-06-08T19:46:35.8512141+08:00","level":"INFO","msg":"T = 10900.000\r","component":"api","simulation_id":16,"stream":"stdout"}
{"time":"2026-06-08T19:46:45.8517162+08:00","level":"INFO","msg":"T = 10910.000\r","component":"api","simulation_id":16,"stream":"stdout"}
{"time":"2026-06-08T19:46:55.8567963+08:00","level":"INFO","msg":"T = 10920.000\r","component":"api","simulation_id":16,"stream":"stdout"}
{"time":"2026-06-08T19:47:05.8600596+08:00","level":"INFO","msg":"T = 10930.000\r","component":"api","simulation_id":16,"stream":"stdout"}
{"time":"2026-06-08T19:47:15.8597539+08:00","level":"INFO","msg":"T = 10940.000\r","component":"api","simulation_id":16,"stream":"stdout"}
{"time":"2026-06-08T19:47:25.8566877+08:00","level":"INFO","msg":"T = 10950.000\r","component":"api","simulation_id":16,"stream":"stdout"}
{"time":"2026-06-08T19:47:35.85652+08:00","level":"INFO","msg":"T = 10960.000\r","component":"api","simulation_id":16,"stream":"stdout"}
{"time":"2026-06-08T19:47:45.8507912+08:00","level":"INFO","msg":"T = 10970.000\r","component":"api","simulation_id":16,"stream":"stdout"}
{"time":"2026-06-08T19:47:55.857372+08:00","level":"INFO","msg":"T = 10980.000\r","component":"api","simulation_id":16,"stream":"stdout"}
{"time":"2026-06-08T19:48:05.8598378+08:00","level":"INFO","msg":"T = 10990.000\r","component":"api","simulation_id":16,"stream":"stdout"}
{"time":"2026-06-08T19:48:15.8510177+08:00","level":"INFO","msg":"T = 11000.000\r","component":"api","simulation_id":16,"stream":"stdout"}
{"time":"2026-06-08T19:48:25.8517344+08:00","level":"INFO","msg":"T = 11010.000\r","component":"api","simulation_id":16,"stream":"stdout"}
{"time":"2026-06-08T19:48:35.8573427+08:00","level":"INFO","msg":"T = 11020.000\r","component":"api","simulation_id":16,"stream":"stdout"}
{"time":"2026-06-08T19:48:45.8502838+08:00","level":"INFO","msg":"T = 11030.000\r","component":"api","simulation_id":16,"stream":"stdout"}
{"time":"2026-06-08T19:48:55.8542993+08:00","level":"INFO","msg":"T = 11040.000\r","component":"api","simulation_id":16,"stream":"stdout"}
{"time":"2026-06-08T19:49:05.8592407+08:00","level":"INFO","msg":"T = 11050.000\r","component":"api","simulation_id":16,"stream":"stdout"}
{"time":"2026-06-08T19:49:15.8547358+08:00","level":"INFO","msg":"T = 11060.000\r","component":"api","simulation_id":16,"stream":"stdout"}
{"time":"2026-06-08T19:49:25.8564666+08:00","level":"INFO","msg":"T = 11070.000\r","component":"api","simulation_id":16,"stream":"stdout"}
{"time":"2026-06-08T19:49:35.8578809+08:00","level":"INFO","msg":"T = 11080.000\r","component":"api","simulation_id":16,"stream":"stdout"}
{"time":"2026-06-08T19:49:45.8603136+08:00","level":"INFO","msg":"T = 11090.000\r","component":"api","simulation_id":16,"stream":"stdout"}
{"time":"2026-06-08T19:49:55.8536473+08:00","level":"INFO","msg":"T = 11100.000\r","component":"api","simulation_id":16,"stream":"stdout"}
{"time":"2026-06-08T19:50:05.8505763+08:00","level":"INFO","msg":"T = 11110.000\r","component":"api","simulation_id":16,"stream":"stdout"}
{"time":"2026-06-08T19:50:15.8506037+08:00","level":"INFO","msg":"T = 11120.000\r","component":"api","simulation_id":16,"stream":"stdout"}
{"time":"2026-06-08T19:50:25.8591799+08:00","level":"INFO","msg":"T = 11130.000\r","component":"api","simulation_id":16,"stream":"stdout"}
{"time":"2026-06-08T19:50:35.8584038+08:00","level":"INFO","msg":"T = 11140.000\r","component":"api","simulation_id":16,"stream":"stdout"}
{"time":"2026-06-08T19:50:45.8510362+08:00","level":"INFO","msg":"T = 11150.000\r","component":"api","simulation_id":16,"stream":"stdout"}
{"time":"2026-06-08T19:50:55.8560256+08:00","level":"INFO","msg":"T = 11160.000\r","component":"api","simulation_id":16,"stream":"stdout"}
{"time":"2026-06-08T19:51:05.853243+08:00","level":"INFO","msg":"T = 11170.000\r","component":"api","simulation_id":16,"stream":"stdout"}
{"time":"2026-06-08T19:51:15.851251+08:00","level":"INFO","msg":"T = 11180.000\r","component":"api","simulation_id":16,"stream":"stdout"}
{"time":"2026-06-08T19:51:25.8502725+08:00","level":"INFO","msg":"T = 11190.000\r","component":"api","simulation_id":16,"stream":"stdout"}
{"time":"2026-06-08T19:51:35.8550575+08:00","level":"INFO","msg":"T = 11200.000\r","component":"api","simulation_id":16,"stream":"stdout"}
{"time":"2026-06-08T19:51:45.8594507+08:00","level":"INFO","msg":"T = 11210.000\r","component":"api","simulation_id":16,"stream":"stdout"}
{"time":"2026-06-08T19:51:55.8541373+08:00","level":"INFO","msg":"T = 11220.000\r","component":"api","simulation_id":16,"stream":"stdout"}
{"time":"2026-06-08T19:52:05.8534151+08:00","level":"INFO","msg":"T = 11230.000\r","component":"api","simulation_id":16,"stream":"stdout"}
{"time":"2026-06-08T19:52:15.8502285+08:00","level":"INFO","msg":"T = 11240.000\r","component":"api","simulation_id":16,"stream":"stdout"}
{"time":"2026-06-08T19:52:25.8511356+08:00","level":"INFO","msg":"T = 11250.000\r","component":"api","simulation_id":16,"stream":"stdout"}
{"time":"2026-06-08T19:52:35.8560509+08:00","level":"INFO","msg":"T = 11260.000\r","component":"api","simulation_id":16,"stream":"stdout"}
{"time":"2026-06-08T19:52:45.8532918+08:00","level":"INFO","msg":"T = 11270.000\r","component":"api","simulation_id":16,"stream":"stdout"}
{"time":"2026-06-08T19:52:55.8600663+08:00","level":"INFO","msg":"T = 11280.000\r","component":"api","simulation_id":16,"stream":"stdout"}
{"time":"2026-06-08T19:53:05.8595167+08:00","level":"INFO","msg":"T = 11290.000\r","component":"api","simulation_id":16,"stream":"stdout"}
{"time":"2026-06-08T19:53:15.8593361+08:00","level":"INFO","msg":"T = 11300.000\r","component":"api","simulation_id":16,"stream":"stdout"}
{"time":"2026-06-08T19:53:25.8589144+08:00","level":"INFO","msg":"T = 11310.000\r","component":"api","simulation_id":16,"stream":"stdout"}
{"time":"2026-06-08T19:53:35.8555195+08:00","level":"INFO","msg":"T = 11320.000\r","component":"api","simulation_id":16,"stream":"stdout"}
{"time":"2026-06-08T19:53:45.8510146+08:00","level":"INFO","msg":"T = 11330.000\r","component":"api","simulation_id":16,"stream":"stdout"}
{"time":"2026-06-08T19:53:55.8537819+08:00","level":"INFO","msg":"T = 11340.000\r","component":"api","simulation_id":16,"stream":"stdout"}
{"time":"2026-06-08T19:54:05.8561537+08:00","level":"INFO","msg":"T = 11350.000\r","component":"api","simulation_id":16,"stream":"stdout"}
{"time":"2026-06-08T19:54:15.8569089+08:00","level":"INFO","msg":"T = 11360.000\r","component":"api","simulation_id":16,"stream":"stdout"}
{"time":"2026-06-08T19:54:25.8551935+08:00","level":"INFO","msg":"T = 11370.000\r","component":"api","simulation_id":16,"stream":"stdout"}
{"time":"2026-06-08T19:54:35.8607751+08:00","level":"INFO","msg":"T = 11380.000\r","component":"api","simulation_id":16,"stream":"stdout"}
{"time":"2026-06-08T19:54:45.85106+08:00","level":"INFO","msg":"T = 11390.000\r","component":"api","simulation_id":16,"stream":"stdout"}
{"time":"2026-06-08T19:54:55.8504996+08:00","level":"INFO","msg":"T = 11400.000\r","component":"api","simulation_id":16,"stream":"stdout"}
{"time":"2026-06-08T19:55:05.85632+08:00","level":"INFO","msg":"T = 11410.000\r","component":"api","simulation_id":16,"stream":"stdout"}
{"time":"2026-06-08T19:55:15.8597712+08:00","level":"INFO","msg":"T = 11420.000\r","component":"api","simulation_id":16,"stream":"stdout"}
{"time":"2026-06-08T19:55:25.8602654+08:00","level":"INFO","msg":"T = 11430.000\r","component":"api","simulation_id":16,"stream":"stdout"}
{"time":"2026-06-08T19:55:35.8552762+08:00","level":"INFO","msg":"T = 11440.000\r","component":"api","simulation_id":16,"stream":"stdout"}
{"time":"2026-06-08T19:55:45.8512222+08:00","level":"INFO","msg":"T = 11450.000\r","component":"api","simulation_id":16,"stream":"stdout"}
{"time":"2026-06-08T19:55:55.8619916+08:00","level":"INFO","msg":"T = 11460.000\r","component":"api","simulation_id":16,"stream":"stdout"}
{"time":"2026-06-08T19:56:05.8599718+08:00","level":"INFO","msg":"T = 11470.000\r","component":"api","simulation_id":16,"stream":"stdout"}
{"time":"2026-06-08T19:56:15.8534976+08:00","level":"INFO","msg":"T = 11480.000\r","component":"api","simulation_id":16,"stream":"stdout"}
{"time":"2026-06-08T19:56:25.8525608+08:00","level":"INFO","msg":"T = 11490.000\r","component":"api","simulation_id":16,"stream":"stdout"}
{"time":"2026-06-08T19:56:35.8586704+08:00","level":"INFO","msg":"T = 11500.000\r","component":"api","simulation_id":16,"stream":"stdout"}
{"time":"2026-06-08T19:56:45.8597946+08:00","level":"INFO","msg":"T = 11510.000\r","component":"api","simulation_id":16,"stream":"stdout"}
{"time":"2026-06-08T19:56:55.8597665+08:00","level":"INFO","msg":"T = 11520.000\r","component":"api","simulation_id":16,"stream":"stdout"}
{"time":"2026-06-08T19:57:05.850255+08:00","level":"INFO","msg":"T = 11530.000\r","component":"api","simulation_id":16,"stream":"stdout"}
{"time":"2026-06-08T19:57:15.8504684+08:00","level":"INFO","msg":"T = 11540.000\r","component":"api","simulation_id":16,"stream":"stdout"}
{"time":"2026-06-08T19:57:25.8608121+08:00","level":"INFO","msg":"T = 11550.000\r","component":"api","simulation_id":16,"stream":"stdout"}
{"time":"2026-06-08T19:57:35.8502049+08:00","level":"INFO","msg":"T = 11560.000\r","component":"api","simulation_id":16,"stream":"stdout"}
{"time":"2026-06-08T19:57:45.8607661+08:00","level":"INFO","msg":"T = 11570.000\r","component":"api","simulation_id":16,"stream":"stdout"}
{"time":"2026-06-08T19:57:55.8581142+08:00","level":"INFO","msg":"T = 11580.000\r","component":"api","simulation_id":16,"stream":"stdout"}
{"time":"2026-06-08T19:58:05.8596561+08:00","level":"INFO","msg":"T = 11590.000\r","component":"api","simulation_id":16,"stream":"stdout"}
{"time":"2026-06-08T19:58:15.8579454+08:00","level":"INFO","msg":"T = 11600.000\r","component":"api","simulation_id":16,"stream":"stdout"}
{"time":"2026-06-08T19:58:25.8542155+08:00","level":"INFO","msg":"T = 11610.000\r","component":"api","simulation_id":16,"stream":"stdout"}
{"time":"2026-06-08T19:58:35.8575548+08:00","level":"INFO","msg":"T = 11620.000\r","component":"api","simulation_id":16,"stream":"stdout"}
{"time":"2026-06-08T19:58:45.860922+08:00","level":"INFO","msg":"T = 11630.000\r","component":"api","simulation_id":16,"stream":"stdout"}
{"time":"2026-06-08T19:58:55.8587159+08:00","level":"INFO","msg":"T = 11640.000\r","component":"api","simulation_id":16,"stream":"stdout"}
{"time":"2026-06-08T19:59:05.8540537+08:00","level":"INFO","msg":"T = 11650.000\r","component":"api","simulation_id":16,"stream":"stdout"}
{"time":"2026-06-08T19:59:15.8505524+08:00","level":"INFO","msg":"T = 11660.000\r","component":"api","simulation_id":16,"stream":"stdout"}
{"time":"2026-06-08T19:59:25.8594681+08:00","level":"INFO","msg":"T = 11670.000\r","component":"api","simulation_id":16,"stream":"stdout"}
{"time":"2026-06-08T19:59:35.8607409+08:00","level":"INFO","msg":"T = 11680.000\r","component":"api","simulation_id":16,"stream":"stdout"}
{"time":"2026-06-08T19:59:45.8612324+08:00","level":"INFO","msg":"T = 11690.000\r","component":"api","simulation_id":16,"stream":"stdout"}
{"time":"2026-06-08T19:59:55.8584557+08:00","level":"INFO","msg":"T = 11700.000\r","component":"api","simulation_id":16,"stream":"stdout"}
{"time":"2026-06-08T20:00:05.8606008+08:00","level":"INFO","msg":"T = 11710.000\r","component":"api","simulation_id":16,"stream":"stdout"}
{"time":"2026-06-08T20:00:15.8522989+08:00","level":"INFO","msg":"T = 11720.000\r","component":"api","simulation_id":16,"stream":"stdout"}
{"time":"2026-06-08T20:00:25.8531456+08:00","level":"INFO","msg":"T = 11730.000\r","component":"api","simulation_id":16,"stream":"stdout"}
{"time":"2026-06-08T20:00:35.8600716+08:00","level":"INFO","msg":"T = 11740.000\r","component":"api","simulation_id":16,"stream":"stdout"}
{"time":"2026-06-08T20:00:45.8550516+08:00","level":"INFO","msg":"T = 11750.000\r","component":"api","simulation_id":16,"stream":"stdout"}
{"time":"2026-06-08T20:00:55.8545964+08:00","level":"INFO","msg":"T = 11760.000\r","component":"api","simulation_id":16,"stream":"stdout"}
{"time":"2026-06-08T20:01:05.85109+08:00","level":"INFO","msg":"T = 11770.000\r","component":"api","simulation_id":16,"stream":"stdout"}
{"time":"2026-06-08T20:01:15.8540253+08:00","level":"INFO","msg":"T = 11780.000\r","component":"api","simulation_id":16,"stream":"stdout"}
{"time":"2026-06-08T20:01:25.8619952+08:00","level":"INFO","msg":"T = 11790.000\r","component":"api","simulation_id":16,"stream":"stdout"}
{"time":"2026-06-08T20:01:35.8604329+08:00","level":"INFO","msg":"T = 11800.000\r","component":"api","simulation_id":16,"stream":"stdout"}
{"time":"2026-06-08T20:01:45.8582042+08:00","level":"INFO","msg":"T = 11810.000\r","component":"api","simulation_id":16,"stream":"stdout"}
{"time":"2026-06-08T20:01:55.8503469+08:00","level":"INFO","msg":"T = 11820.000\r","component":"api","simulation_id":16,"stream":"stdout"}
{"time":"2026-06-08T20:02:05.8597902+08:00","level":"INFO","msg":"T = 11830.000\r","component":"api","simulation_id":16,"stream":"stdout"}
{"time":"2026-06-08T20:02:15.8581958+08:00","level":"INFO","msg":"T = 11840.000\r","component":"api","simulation_id":16,"stream":"stdout"}
{"time":"2026-06-08T20:02:25.8603711+08:00","level":"INFO","msg":"T = 11850.000\r","component":"api","simulation_id":16,"stream":"stdout"}
{"time":"2026-06-08T20:02:35.8586887+08:00","level":"INFO","msg":"T = 11860.000\r","component":"api","simulation_id":16,"stream":"stdout"}
{"time":"2026-06-08T20:02:45.8547948+08:00","level":"INFO","msg":"T = 11870.000\r","component":"api","simulation_id":16,"stream":"stdout"}
{"time":"2026-06-08T20:02:55.851137+08:00","level":"INFO","msg":"T = 11880.000\r","component":"api","simulation_id":16,"stream":"stdout"}
{"time":"2026-06-08T20:03:05.8575808+08:00","level":"INFO","msg":"T = 11890.000\r","component":"api","simulation_id":16,"stream":"stdout"}
{"time":"2026-06-08T20:03:15.8594162+08:00","level":"INFO","msg":"T = 11900.000\r","component":"api","simulation_id":16,"stream":"stdout"}
{"time":"2026-06-08T20:03:25.8569311+08:00","level":"INFO","msg":"T = 11910.000\r","component":"api","simulation_id":16,"stream":"stdout"}
{"time":"2026-06-08T20:03:35.8509035+08:00","level":"INFO","msg":"T = 11920.000\r","component":"api","simulation_id":16,"stream":"stdout"}
{"time":"2026-06-08T20:03:45.8532147+08:00","level":"INFO","msg":"T = 11930.000\r","component":"api","simulation_id":16,"stream":"stdout"}
{"time":"2026-06-08T20:03:55.8585621+08:00","level":"INFO","msg":"T = 11940.000\r","component":"api","simulation_id":16,"stream":"stdout"}
{"time":"2026-06-08T20:04:05.8600429+08:00","level":"INFO","msg":"T = 11950.000\r","component":"api","simulation_id":16,"stream":"stdout"}
{"time":"2026-06-08T20:04:15.8502607+08:00","level":"INFO","msg":"T = 11960.000\r","component":"api","simulation_id":16,"stream":"stdout"}
{"time":"2026-06-08T20:04:25.8510436+08:00","level":"INFO","msg":"T = 11970.000\r","component":"api","simulation_id":16,"stream":"stdout"}
{"time":"2026-06-08T20:04:35.8612396+08:00","level":"INFO","msg":"T = 11980.000\r","component":"api","simulation_id":16,"stream":"stdout"}
{"time":"2026-06-08T20:04:45.85697+08:00","level":"INFO","msg":"T = 11990.000\r","component":"api","simulation_id":16,"stream":"stdout"}
{"time":"2026-06-08T20:04:55.8522699+08:00","level":"INFO","msg":"T = 12000.000\r","component":"api","simulation_id":16,"stream":"stdout"}
{"time":"2026-06-08T20:05:05.860019+08:00","level":"INFO","msg":"T = 12010.000\r","component":"api","simulation_id":16,"stream":"stdout"}
{"time":"2026-06-08T20:05:15.8581792+08:00","level":"INFO","msg":"T = 12020.000\r","component":"api","simulation_id":16,"stream":"stdout"}
{"time":"2026-06-08T20:05:25.8555965+08:00","level":"INFO","msg":"T = 12030.000\r","component":"api","simulation_id":16,"stream":"stdout"}
{"time":"2026-06-08T20:05:35.8511739+08:00","level":"INFO","msg":"T = 12040.000\r","component":"api","simulation_id":16,"stream":"stdout"}
{"time":"2026-06-08T20:05:45.856983+08:00","level":"INFO","msg":"T = 12050.000\r","component":"api","simulation_id":16,"stream":"stdout"}
{"time":"2026-06-08T20:05:55.8509898+08:00","level":"INFO","msg":"T = 12060.000\r","component":"api","simulation_id":16,"stream":"stdout"}
{"time":"2026-06-08T20:06:05.8586102+08:00","level":"INFO","msg":"T = 12070.000\r","component":"api","simulation_id":16,"stream":"stdout"}
{"time":"2026-06-08T20:06:15.8586641+08:00","level":"INFO","msg":"T = 12080.000\r","component":"api","simulation_id":16,"stream":"stdout"}
{"time":"2026-06-08T20:06:25.8609335+08:00","level":"INFO","msg":"T = 12090.000\r","component":"api","simulation_id":16,"stream":"stdout"}
{"time":"2026-06-08T20:06:35.8618963+08:00","level":"INFO","msg":"T = 12100.000\r","component":"api","simulation_id":16,"stream":"stdout"}
{"time":"2026-06-08T20:06:45.8601281+08:00","level":"INFO","msg":"T = 12110.000\r","component":"api","simulation_id":16,"stream":"stdout"}
{"time":"2026-06-08T20:06:55.8606561+08:00","level":"INFO","msg":"T = 12120.000\r","component":"api","simulation_id":16,"stream":"stdout"}
{"time":"2026-06-08T20:07:05.8515997+08:00","level":"INFO","msg":"T = 12130.000\r","component":"api","simulation_id":16,"stream":"stdout"}
{"time":"2026-06-08T20:07:15.8594799+08:00","level":"INFO","msg":"T = 12140.000\r","component":"api","simulation_id":16,"stream":"stdout"}
{"time":"2026-06-08T20:07:25.8516913+08:00","level":"INFO","msg":"T = 12150.000\r","component":"api","simulation_id":16,"stream":"stdout"}
{"time":"2026-06-08T20:07:35.8512274+08:00","level":"INFO","msg":"T = 12160.000\r","component":"api","simulation_id":16,"stream":"stdout"}
{"time":"2026-06-08T20:07:45.8588324+08:00","level":"INFO","msg":"T = 12170.000\r","component":"api","simulation_id":16,"stream":"stdout"}
{"time":"2026-06-08T20:07:55.8510741+08:00","level":"INFO","msg":"T = 12180.000\r","component":"api","simulation_id":16,"stream":"stdout"}
{"time":"2026-06-08T20:08:05.8597725+08:00","level":"INFO","msg":"T = 12190.000\r","component":"api","simulation_id":16,"stream":"stdout"}
{"time":"2026-06-08T20:08:15.8589956+08:00","level":"INFO","msg":"T = 12200.000\r","component":"api","simulation_id":16,"stream":"stdout"}
{"time":"2026-06-08T20:08:25.8613464+08:00","level":"INFO","msg":"T = 12210.000\r","component":"api","simulation_id":16,"stream":"stdout"}
{"time":"2026-06-08T20:08:35.8538622+08:00","level":"INFO","msg":"T = 12220.000\r","component":"api","simulation_id":16,"stream":"stdout"}
{"time":"2026-06-08T20:08:45.8591036+08:00","level":"INFO","msg":"T = 12230.000\r","component":"api","simulation_id":16,"stream":"stdout"}
{"time":"2026-06-08T20:08:55.8565894+08:00","level":"INFO","msg":"T = 12240.000\r","component":"api","simulation_id":16,"stream":"stdout"}
{"time":"2026-06-08T20:09:05.8587191+08:00","level":"INFO","msg":"T = 12250.000\r","component":"api","simulation_id":16,"stream":"stdout"}
{"time":"2026-06-08T20:09:15.860971+08:00","level":"INFO","msg":"T = 12260.000\r","component":"api","simulation_id":16,"stream":"stdout"}
{"time":"2026-06-08T20:09:25.8505675+08:00","level":"INFO","msg":"T = 12270.000\r","component":"api","simulation_id":16,"stream":"stdout"}
{"time":"2026-06-08T20:09:35.8580204+08:00","level":"INFO","msg":"T = 12280.000\r","component":"api","simulation_id":16,"stream":"stdout"}
{"time":"2026-06-08T20:09:45.8560237+08:00","level":"INFO","msg":"T = 12290.000\r","component":"api","simulation_id":16,"stream":"stdout"}
{"time":"2026-06-08T20:09:55.8505864+08:00","level":"INFO","msg":"T = 12300.000\r","component":"api","simulation_id":16,"stream":"stdout"}
{"time":"2026-06-08T20:10:05.8509902+08:00","level":"INFO","msg":"T = 12310.000\r","component":"api","simulation_id":16,"stream":"stdout"}
{"time":"2026-06-08T20:10:15.8598577+08:00","level":"INFO","msg":"T = 12320.000\r","component":"api","simulation_id":16,"stream":"stdout"}
{"time":"2026-06-08T20:10:25.8506582+08:00","level":"INFO","msg":"T = 12330.000\r","component":"api","simulation_id":16,"stream":"stdout"}
{"time":"2026-06-08T20:10:35.8528396+08:00","level":"INFO","msg":"T = 12340.000\r","component":"api","simulation_id":16,"stream":"stdout"}
{"time":"2026-06-08T20:10:45.8515182+08:00","level":"INFO","msg":"T = 12350.000\r","component":"api","simulation_id":16,"stream":"stdout"}
{"time":"2026-06-08T20:10:55.85817+08:00","level":"INFO","msg":"T = 12360.000\r","component":"api","simulation_id":16,"stream":"stdout"}
{"time":"2026-06-08T20:11:05.8618264+08:00","level":"INFO","msg":"T = 12370.000\r","component":"api","simulation_id":16,"stream":"stdout"}
{"time":"2026-06-08T20:11:15.8507119+08:00","level":"INFO","msg":"T = 12380.000\r","component":"api","simulation_id":16,"stream":"stdout"}
{"time":"2026-06-08T20:11:25.8512277+08:00","level":"INFO","msg":"T = 12390.000\r","component":"api","simulation_id":16,"stream":"stdout"}
{"time":"2026-06-08T20:11:35.858815+08:00","level":"INFO","msg":"T = 12400.000\r","component":"api","simulation_id":16,"stream":"stdout"}
{"time":"2026-06-08T20:11:45.8570913+08:00","level":"INFO","msg":"T = 12410.000\r","component":"api","simulation_id":16,"stream":"stdout"}
{"time":"2026-06-08T20:11:55.8511158+08:00","level":"INFO","msg":"T = 12420.000\r","component":"api","simulation_id":16,"stream":"stdout"}
{"time":"2026-06-08T20:12:05.8605078+08:00","level":"INFO","msg":"T = 12430.000\r","component":"api","simulation_id":16,"stream":"stdout"}
{"time":"2026-06-08T20:12:15.8557083+08:00","level":"INFO","msg":"T = 12440.000\r","component":"api","simulation_id":16,"stream":"stdout"}
{"time":"2026-06-08T20:12:25.8613762+08:00","level":"INFO","msg":"T = 12450.000\r","component":"api","simulation_id":16,"stream":"stdout"}
{"time":"2026-06-08T20:12:35.8534936+08:00","level":"INFO","msg":"T = 12460.000\r","component":"api","simulation_id":16,"stream":"stdout"}
{"time":"2026-06-08T20:12:45.8522574+08:00","level":"INFO","msg":"T = 12470.000\r","component":"api","simulation_id":16,"stream":"stdout"}
{"time":"2026-06-08T20:12:55.850725+08:00","level":"INFO","msg":"T = 12480.000\r","component":"api","simulation_id":16,"stream":"stdout"}
{"time":"2026-06-08T20:13:05.8506439+08:00","level":"INFO","msg":"T = 12490.000\r","component":"api","simulation_id":16,"stream":"stdout"}
{"time":"2026-06-08T20:13:15.8503543+08:00","level":"INFO","msg":"T = 12500.000\r","component":"api","simulation_id":16,"stream":"stdout"}
{"time":"2026-06-08T20:13:25.8548319+08:00","level":"INFO","msg":"T = 12510.000\r","component":"api","simulation_id":16,"stream":"stdout"}
{"time":"2026-06-08T20:13:35.8540724+08:00","level":"INFO","msg":"T = 12520.000\r","component":"api","simulation_id":16,"stream":"stdout"}
{"time":"2026-06-08T20:13:45.8503245+08:00","level":"INFO","msg":"T = 12530.000\r","component":"api","simulation_id":16,"stream":"stdout"}
{"time":"2026-06-08T20:13:55.8541541+08:00","level":"INFO","msg":"T = 12540.000\r","component":"api","simulation_id":16,"stream":"stdout"}
{"time":"2026-06-08T20:14:05.8512005+08:00","level":"INFO","msg":"T = 12550.000\r","component":"api","simulation_id":16,"stream":"stdout"}
{"time":"2026-06-08T20:14:15.8511093+08:00","level":"INFO","msg":"T = 12560.000\r","component":"api","simulation_id":16,"stream":"stdout"}
{"time":"2026-06-08T20:14:25.8509546+08:00","level":"INFO","msg":"T = 12570.000\r","component":"api","simulation_id":16,"stream":"stdout"}
{"time":"2026-06-08T20:14:35.8582302+08:00","level":"INFO","msg":"T = 12580.000\r","component":"api","simulation_id":16,"stream":"stdout"}
{"time":"2026-06-08T20:14:45.8575861+08:00","level":"INFO","msg":"T = 12590.000\r","component":"api","simulation_id":16,"stream":"stdout"}
{"time":"2026-06-08T20:14:55.8510013+08:00","level":"INFO","msg":"T = 12600.000\r","component":"api","simulation_id":16,"stream":"stdout"}
{"time":"2026-06-08T20:15:05.8528484+08:00","level":"INFO","msg":"T = 12610.000\r","component":"api","simulation_id":16,"stream":"stdout"}
{"time":"2026-06-08T20:15:15.8592249+08:00","level":"INFO","msg":"T = 12620.000\r","component":"api","simulation_id":16,"stream":"stdout"}
{"time":"2026-06-08T20:15:25.861003+08:00","level":"INFO","msg":"T = 12630.000\r","component":"api","simulation_id":16,"stream":"stdout"}
{"time":"2026-06-08T20:15:35.8504309+08:00","level":"INFO","msg":"T = 12640.000\r","component":"api","simulation_id":16,"stream":"stdout"}
{"time":"2026-06-08T20:15:45.8606175+08:00","level":"INFO","msg":"T = 12650.000\r","component":"api","simulation_id":16,"stream":"stdout"}
{"time":"2026-06-08T20:15:55.85934+08:00","level":"INFO","msg":"T = 12660.000\r","component":"api","simulation_id":16,"stream":"stdout"}
{"time":"2026-06-08T20:16:05.8511366+08:00","level":"INFO","msg":"T = 12670.000\r","component":"api","simulation_id":16,"stream":"stdout"}
{"time":"2026-06-08T20:16:15.8601114+08:00","level":"INFO","msg":"T = 12680.000\r","component":"api","simulation_id":16,"stream":"stdout"}
{"time":"2026-06-08T20:16:25.8610002+08:00","level":"INFO","msg":"T = 12690.000\r","component":"api","simulation_id":16,"stream":"stdout"}
{"time":"2026-06-08T20:16:35.8569107+08:00","level":"INFO","msg":"T = 12700.000\r","component":"api","simulation_id":16,"stream":"stdout"}
{"time":"2026-06-08T20:16:45.8559094+08:00","level":"INFO","msg":"T = 12710.000\r","component":"api","simulation_id":16,"stream":"stdout"}
{"time":"2026-06-08T20:16:55.8589238+08:00","level":"INFO","msg":"T = 12720.000\r","component":"api","simulation_id":16,"stream":"stdout"}
{"time":"2026-06-08T20:17:05.8587463+08:00","level":"INFO","msg":"T = 12730.000\r","component":"api","simulation_id":16,"stream":"stdout"}
{"time":"2026-06-08T20:17:15.8603368+08:00","level":"INFO","msg":"T = 12740.000\r","component":"api","simulation_id":16,"stream":"stdout"}
{"time":"2026-06-08T20:17:25.856447+08:00","level":"INFO","msg":"T = 12750.000\r","component":"api","simulation_id":16,"stream":"stdout"}
{"time":"2026-06-08T20:17:35.8583028+08:00","level":"INFO","msg":"T = 12760.000\r","component":"api","simulation_id":16,"stream":"stdout"}
{"time":"2026-06-08T20:17:45.8596744+08:00","level":"INFO","msg":"T = 12770.000\r","component":"api","simulation_id":16,"stream":"stdout"}
{"time":"2026-06-08T20:17:55.8570649+08:00","level":"INFO","msg":"T = 12780.000\r","component":"api","simulation_id":16,"stream":"stdout"}
{"time":"2026-06-08T20:18:05.8570912+08:00","level":"INFO","msg":"T = 12790.000\r","component":"api","simulation_id":16,"stream":"stdout"}
{"time":"2026-06-08T20:18:15.8614317+08:00","level":"INFO","msg":"T = 12800.000\r","component":"api","simulation_id":16,"stream":"stdout"}
{"time":"2026-06-08T20:18:25.8622866+08:00","level":"INFO","msg":"T = 12810.000\r","component":"api","simulation_id":16,"stream":"stdout"}
{"time":"2026-06-08T20:18:35.8503751+08:00","level":"INFO","msg":"T = 12820.000\r","component":"api","simulation_id":16,"stream":"stdout"}
{"time":"2026-06-08T20:18:45.8517665+08:00","level":"INFO","msg":"T = 12830.000\r","component":"api","simulation_id":16,"stream":"stdout"}
{"time":"2026-06-08T20:18:55.8603545+08:00","level":"INFO","msg":"T = 12840.000\r","component":"api","simulation_id":16,"stream":"stdout"}
{"time":"2026-06-08T20:19:05.8510745+08:00","level":"INFO","msg":"T = 12850.000\r","component":"api","simulation_id":16,"stream":"stdout"}
{"time":"2026-06-08T20:19:15.8539942+08:00","level":"INFO","msg":"T = 12860.000\r","component":"api","simulation_id":16,"stream":"stdout"}
{"time":"2026-06-08T20:19:25.8523814+08:00","level":"INFO","msg":"T = 12870.000\r","component":"api","simulation_id":16,"stream":"stdout"}
{"time":"2026-06-08T20:19:35.850814+08:00","level":"INFO","msg":"T = 12880.000\r","component":"api","simulation_id":16,"stream":"stdout"}
{"time":"2026-06-08T20:19:45.8506126+08:00","level":"INFO","msg":"T = 12890.000\r","component":"api","simulation_id":16,"stream":"stdout"}
{"time":"2026-06-08T20:19:55.8583447+08:00","level":"INFO","msg":"T = 12900.000\r","component":"api","simulation_id":16,"stream":"stdout"}
{"time":"2026-06-08T20:20:05.8603941+08:00","level":"INFO","msg":"T = 12910.000\r","component":"api","simulation_id":16,"stream":"stdout"}
{"time":"2026-06-08T20:20:15.8510923+08:00","level":"INFO","msg":"T = 12920.000\r","component":"api","simulation_id":16,"stream":"stdout"}
{"time":"2026-06-08T20:20:25.8599651+08:00","level":"INFO","msg":"T = 12930.000\r","component":"api","simulation_id":16,"stream":"stdout"}
{"time":"2026-06-08T20:20:35.8539464+08:00","level":"INFO","msg":"T = 12940.000\r","component":"api","simulation_id":16,"stream":"stdout"}
{"time":"2026-06-08T20:20:45.8508305+08:00","level":"INFO","msg":"T = 12950.000\r","component":"api","simulation_id":16,"stream":"stdout"}
{"time":"2026-06-08T20:20:55.8537792+08:00","level":"INFO","msg":"T = 12960.000\r","component":"api","simulation_id":16,"stream":"stdout"}
{"time":"2026-06-08T20:21:05.8556219+08:00","level":"INFO","msg":"T = 12970.000\r","component":"api","simulation_id":16,"stream":"stdout"}
{"time":"2026-06-08T20:21:15.8607523+08:00","level":"INFO","msg":"T = 12980.000\r","component":"api","simulation_id":16,"stream":"stdout"}
{"time":"2026-06-08T20:21:25.8511072+08:00","level":"INFO","msg":"T = 12990.000\r","component":"api","simulation_id":16,"stream":"stdout"}
{"time":"2026-06-08T20:21:35.855402+08:00","level":"INFO","msg":"T = 13000.000\r","component":"api","simulation_id":16,"stream":"stdout"}
{"time":"2026-06-08T20:21:45.8570462+08:00","level":"INFO","msg":"T = 13010.000\r","component":"api","simulation_id":16,"stream":"stdout"}
{"time":"2026-06-08T20:21:55.8548555+08:00","level":"INFO","msg":"T = 13020.000\r","component":"api","simulation_id":16,"stream":"stdout"}
{"time":"2026-06-08T20:22:05.8580751+08:00","level":"INFO","msg":"T = 13030.000\r","component":"api","simulation_id":16,"stream":"stdout"}
{"time":"2026-06-08T20:22:15.8508093+08:00","level":"INFO","msg":"T = 13040.000\r","component":"api","simulation_id":16,"stream":"stdout"}
{"time":"2026-06-08T20:22:25.8502053+08:00","level":"INFO","msg":"T = 13050.000\r","component":"api","simulation_id":16,"stream":"stdout"}
{"time":"2026-06-08T20:22:35.8608577+08:00","level":"INFO","msg":"T = 13060.000\r","component":"api","simulation_id":16,"stream":"stdout"}
{"time":"2026-06-08T20:22:45.8621577+08:00","level":"INFO","msg":"T = 13070.000\r","component":"api","simulation_id":16,"stream":"stdout"}
{"time":"2026-06-08T20:22:55.8601587+08:00","level":"INFO","msg":"T = 13080.000\r","component":"api","simulation_id":16,"stream":"stdout"}
{"time":"2026-06-08T20:23:05.8619107+08:00","level":"INFO","msg":"T = 13090.000\r","component":"api","simulation_id":16,"stream":"stdout"}
{"time":"2026-06-08T20:23:15.8510441+08:00","level":"INFO","msg":"T = 13100.000\r","component":"api","simulation_id":16,"stream":"stdout"}
{"time":"2026-06-08T20:23:25.8602049+08:00","level":"INFO","msg":"T = 13110.000\r","component":"api","simulation_id":16,"stream":"stdout"}
{"time":"2026-06-08T20:23:35.8568338+08:00","level":"INFO","msg":"T = 13120.000\r","component":"api","simulation_id":16,"stream":"stdout"}
{"time":"2026-06-08T20:23:45.8560978+08:00","level":"INFO","msg":"T = 13130.000\r","component":"api","simulation_id":16,"stream":"stdout"}
{"time":"2026-06-08T20:23:55.860317+08:00","level":"INFO","msg":"T = 13140.000\r","component":"api","simulation_id":16,"stream":"stdout"}
{"time":"2026-06-08T20:24:05.8518549+08:00","level":"INFO","msg":"T = 13150.000\r","component":"api","simulation_id":16,"stream":"stdout"}
{"time":"2026-06-08T20:24:15.8503175+08:00","level":"INFO","msg":"T = 13160.000\r","component":"api","simulation_id":16,"stream":"stdout"}
{"time":"2026-06-08T20:24:25.8538601+08:00","level":"INFO","msg":"T = 13170.000\r","component":"api","simulation_id":16,"stream":"stdout"}
{"time":"2026-06-08T20:24:35.8613793+08:00","level":"INFO","msg":"T = 13180.000\r","component":"api","simulation_id":16,"stream":"stdout"}
{"time":"2026-06-08T20:24:45.8571932+08:00","level":"INFO","msg":"T = 13190.000\r","component":"api","simulation_id":16,"stream":"stdout"}
{"time":"2026-06-08T20:24:55.8606015+08:00","level":"INFO","msg":"T = 13200.000\r","component":"api","simulation_id":16,"stream":"stdout"}
{"time":"2026-06-08T20:25:05.8550103+08:00","level":"INFO","msg":"T = 13210.000\r","component":"api","simulation_id":16,"stream":"stdout"}
{"time":"2026-06-08T20:25:15.850941+08:00","level":"INFO","msg":"T = 13220.000\r","component":"api","simulation_id":16,"stream":"stdout"}
{"time":"2026-06-08T20:25:25.8582806+08:00","level":"INFO","msg":"T = 13230.000\r","component":"api","simulation_id":16,"stream":"stdout"}
{"time":"2026-06-08T20:25:35.8551149+08:00","level":"INFO","msg":"T = 13240.000\r","component":"api","simulation_id":16,"stream":"stdout"}
{"time":"2026-06-08T20:25:45.8510785+08:00","level":"INFO","msg":"T = 13250.000\r","component":"api","simulation_id":16,"stream":"stdout"}
{"time":"2026-06-08T20:25:55.8599156+08:00","level":"INFO","msg":"T = 13260.000\r","component":"api","simulation_id":16,"stream":"stdout"}
{"time":"2026-06-08T20:26:05.8597823+08:00","level":"INFO","msg":"T = 13270.000\r","component":"api","simulation_id":16,"stream":"stdout"}
{"time":"2026-06-08T20:26:15.8502692+08:00","level":"INFO","msg":"T = 13280.000\r","component":"api","simulation_id":16,"stream":"stdout"}
{"time":"2026-06-08T20:26:25.8616767+08:00","level":"INFO","msg":"T = 13290.000\r","component":"api","simulation_id":16,"stream":"stdout"}
{"time":"2026-06-08T20:26:35.8555107+08:00","level":"INFO","msg":"T = 13300.000\r","component":"api","simulation_id":16,"stream":"stdout"}
{"time":"2026-06-08T20:26:45.8550785+08:00","level":"INFO","msg":"T = 13310.000\r","component":"api","simulation_id":16,"stream":"stdout"}
{"time":"2026-06-08T20:26:55.8503843+08:00","level":"INFO","msg":"T = 13320.000\r","component":"api","simulation_id":16,"stream":"stdout"}
{"time":"2026-06-08T20:27:05.8555665+08:00","level":"INFO","msg":"T = 13330.000\r","component":"api","simulation_id":16,"stream":"stdout"}
{"time":"2026-06-08T20:27:15.8572788+08:00","level":"INFO","msg":"T = 13340.000\r","component":"api","simulation_id":16,"stream":"stdout"}
{"time":"2026-06-08T20:27:25.8530272+08:00","level":"INFO","msg":"T = 13350.000\r","component":"api","simulation_id":16,"stream":"stdout"}
{"time":"2026-06-08T20:27:35.8582989+08:00","level":"INFO","msg":"T = 13360.000\r","component":"api","simulation_id":16,"stream":"stdout"}
{"time":"2026-06-08T20:27:45.8558517+08:00","level":"INFO","msg":"T = 13370.000\r","component":"api","simulation_id":16,"stream":"stdout"}
{"time":"2026-06-08T20:27:55.8607418+08:00","level":"INFO","msg":"T = 13380.000\r","component":"api","simulation_id":16,"stream":"stdout"}
{"time":"2026-06-08T20:28:05.8608818+08:00","level":"INFO","msg":"T = 13390.000\r","component":"api","simulation_id":16,"stream":"stdout"}
{"time":"2026-06-08T20:28:15.8617006+08:00","level":"INFO","msg":"T = 13400.000\r","component":"api","simulation_id":16,"stream":"stdout"}
{"time":"2026-06-08T20:28:25.8508022+08:00","level":"INFO","msg":"T = 13410.000\r","component":"api","simulation_id":16,"stream":"stdout"}
{"time":"2026-06-08T20:28:35.8602358+08:00","level":"INFO","msg":"T = 13420.000\r","component":"api","simulation_id":16,"stream":"stdout"}
{"time":"2026-06-08T20:28:45.8510849+08:00","level":"INFO","msg":"T = 13430.000\r","component":"api","simulation_id":16,"stream":"stdout"}
{"time":"2026-06-08T20:28:55.8508431+08:00","level":"INFO","msg":"T = 13440.000\r","component":"api","simulation_id":16,"stream":"stdout"}
{"time":"2026-06-08T20:29:05.8596315+08:00","level":"INFO","msg":"T = 13450.000\r","component":"api","simulation_id":16,"stream":"stdout"}
{"time":"2026-06-08T20:29:15.8509159+08:00","level":"INFO","msg":"T = 13460.000\r","component":"api","simulation_id":16,"stream":"stdout"}
{"time":"2026-06-08T20:29:25.8504119+08:00","level":"INFO","msg":"T = 13470.000\r","component":"api","simulation_id":16,"stream":"stdout"}
{"time":"2026-06-08T20:29:35.8511369+08:00","level":"INFO","msg":"T = 13480.000\r","component":"api","simulation_id":16,"stream":"stdout"}
{"time":"2026-06-08T20:29:45.8567815+08:00","level":"INFO","msg":"T = 13490.000\r","component":"api","simulation_id":16,"stream":"stdout"}
{"time":"2026-06-08T20:29:55.8612972+08:00","level":"INFO","msg":"T = 13500.000\r","component":"api","simulation_id":16,"stream":"stdout"}
{"time":"2026-06-08T20:30:05.8584156+08:00","level":"INFO","msg":"T = 13510.000\r","component":"api","simulation_id":16,"stream":"stdout"}
{"time":"2026-06-08T20:30:15.8502277+08:00","level":"INFO","msg":"T = 13520.000\r","component":"api","simulation_id":16,"stream":"stdout"}
{"time":"2026-06-08T20:30:25.8606609+08:00","level":"INFO","msg":"T = 13530.000\r","component":"api","simulation_id":16,"stream":"stdout"}
{"time":"2026-06-08T20:30:35.8606622+08:00","level":"INFO","msg":"T = 13540.000\r","component":"api","simulation_id":16,"stream":"stdout"}
{"time":"2026-06-08T20:30:45.8608147+08:00","level":"INFO","msg":"T = 13550.000\r","component":"api","simulation_id":16,"stream":"stdout"}
{"time":"2026-06-08T20:30:55.8544411+08:00","level":"INFO","msg":"T = 13560.000\r","component":"api","simulation_id":16,"stream":"stdout"}
{"time":"2026-06-08T20:31:05.8511178+08:00","level":"INFO","msg":"T = 13570.000\r","component":"api","simulation_id":16,"stream":"stdout"}
{"time":"2026-06-08T20:31:15.8518508+08:00","level":"INFO","msg":"T = 13580.000\r","component":"api","simulation_id":16,"stream":"stdout"}
{"time":"2026-06-08T20:31:25.851121+08:00","level":"INFO","msg":"T = 13590.000\r","component":"api","simulation_id":16,"stream":"stdout"}
{"time":"2026-06-08T20:31:35.8533915+08:00","level":"INFO","msg":"T = 13600.000\r","component":"api","simulation_id":16,"stream":"stdout"}
{"time":"2026-06-08T20:31:45.858091+08:00","level":"INFO","msg":"T = 13610.000\r","component":"api","simulation_id":16,"stream":"stdout"}
{"time":"2026-06-08T20:31:55.8558729+08:00","level":"INFO","msg":"T = 13620.000\r","component":"api","simulation_id":16,"stream":"stdout"}
{"time":"2026-06-08T20:32:05.8551417+08:00","level":"INFO","msg":"T = 13630.000\r","component":"api","simulation_id":16,"stream":"stdout"}
{"time":"2026-06-08T20:32:15.8593828+08:00","level":"INFO","msg":"T = 13640.000\r","component":"api","simulation_id":16,"stream":"stdout"}
{"time":"2026-06-08T20:32:25.853096+08:00","level":"INFO","msg":"T = 13650.000\r","component":"api","simulation_id":16,"stream":"stdout"}
{"time":"2026-06-08T20:32:35.8581179+08:00","level":"INFO","msg":"T = 13660.000\r","component":"api","simulation_id":16,"stream":"stdout"}
{"time":"2026-06-08T20:32:45.8591287+08:00","level":"INFO","msg":"T = 13670.000\r","component":"api","simulation_id":16,"stream":"stdout"}
{"time":"2026-06-08T20:32:55.8596107+08:00","level":"INFO","msg":"T = 13680.000\r","component":"api","simulation_id":16,"stream":"stdout"}
{"time":"2026-06-08T20:33:05.8621939+08:00","level":"INFO","msg":"T = 13690.000\r","component":"api","simulation_id":16,"stream":"stdout"}
{"time":"2026-06-08T20:33:15.8602381+08:00","level":"INFO","msg":"T = 13700.000\r","component":"api","simulation_id":16,"stream":"stdout"}
{"time":"2026-06-08T20:33:25.8530377+08:00","level":"INFO","msg":"T = 13710.000\r","component":"api","simulation_id":16,"stream":"stdout"}
{"time":"2026-06-08T20:33:35.8591286+08:00","level":"INFO","msg":"T = 13720.000\r","component":"api","simulation_id":16,"stream":"stdout"}
{"time":"2026-06-08T20:33:45.8558081+08:00","level":"INFO","msg":"T = 13730.000\r","component":"api","simulation_id":16,"stream":"stdout"}
{"time":"2026-06-08T20:33:55.8542997+08:00","level":"INFO","msg":"T = 13740.000\r","component":"api","simulation_id":16,"stream":"stdout"}
{"time":"2026-06-08T20:34:05.8508029+08:00","level":"INFO","msg":"T = 13750.000\r","component":"api","simulation_id":16,"stream":"stdout"}
{"time":"2026-06-08T20:34:15.8588315+08:00","level":"INFO","msg":"T = 13760.000\r","component":"api","simulation_id":16,"stream":"stdout"}
{"time":"2026-06-08T20:34:25.8514819+08:00","level":"INFO","msg":"T = 13770.000\r","component":"api","simulation_id":16,"stream":"stdout"}
{"time":"2026-06-08T20:34:35.860019+08:00","level":"INFO","msg":"T = 13780.000\r","component":"api","simulation_id":16,"stream":"stdout"}
{"time":"2026-06-08T20:34:45.8577156+08:00","level":"INFO","msg":"T = 13790.000\r","component":"api","simulation_id":16,"stream":"stdout"}
{"time":"2026-06-08T20:34:55.8504361+08:00","level":"INFO","msg":"T = 13800.000\r","component":"api","simulation_id":16,"stream":"stdout"}
{"time":"2026-06-08T20:35:05.8505198+08:00","level":"INFO","msg":"T = 13810.000\r","component":"api","simulation_id":16,"stream":"stdout"}
{"time":"2026-06-08T20:35:15.8590002+08:00","level":"INFO","msg":"T = 13820.000\r","component":"api","simulation_id":16,"stream":"stdout"}
{"time":"2026-06-08T20:35:25.8585341+08:00","level":"INFO","msg":"T = 13830.000\r","component":"api","simulation_id":16,"stream":"stdout"}
{"time":"2026-06-08T20:35:35.852046+08:00","level":"INFO","msg":"T = 13840.000\r","component":"api","simulation_id":16,"stream":"stdout"}
{"time":"2026-06-08T20:35:45.8560264+08:00","level":"INFO","msg":"T = 13850.000\r","component":"api","simulation_id":16,"stream":"stdout"}
{"time":"2026-06-08T20:35:55.8574264+08:00","level":"INFO","msg":"T = 13860.000\r","component":"api","simulation_id":16,"stream":"stdout"}
{"time":"2026-06-08T20:36:05.8544972+08:00","level":"INFO","msg":"T = 13870.000\r","component":"api","simulation_id":16,"stream":"stdout"}
{"time":"2026-06-08T20:36:15.8523324+08:00","level":"INFO","msg":"T = 13880.000\r","component":"api","simulation_id":16,"stream":"stdout"}
{"time":"2026-06-08T20:36:25.8582949+08:00","level":"INFO","msg":"T = 13890.000\r","component":"api","simulation_id":16,"stream":"stdout"}
{"time":"2026-06-08T20:36:35.8557452+08:00","level":"INFO","msg":"T = 13900.000\r","component":"api","simulation_id":16,"stream":"stdout"}
{"time":"2026-06-08T20:36:45.8581439+08:00","level":"INFO","msg":"T = 13910.000\r","component":"api","simulation_id":16,"stream":"stdout"}
{"time":"2026-06-08T20:36:55.8512313+08:00","level":"INFO","msg":"T = 13920.000\r","component":"api","simulation_id":16,"stream":"stdout"}
{"time":"2026-06-08T20:37:05.860367+08:00","level":"INFO","msg":"T = 13930.000\r","component":"api","simulation_id":16,"stream":"stdout"}
{"time":"2026-06-08T20:37:15.8582843+08:00","level":"INFO","msg":"T = 13940.000\r","component":"api","simulation_id":16,"stream":"stdout"}
{"time":"2026-06-08T20:37:25.8542138+08:00","level":"INFO","msg":"T = 13950.000\r","component":"api","simulation_id":16,"stream":"stdout"}
{"time":"2026-06-08T20:37:35.854884+08:00","level":"INFO","msg":"T = 13960.000\r","component":"api","simulation_id":16,"stream":"stdout"}
{"time":"2026-06-08T20:37:45.8544782+08:00","level":"INFO","msg":"T = 13970.000\r","component":"api","simulation_id":16,"stream":"stdout"}
{"time":"2026-06-08T20:37:55.8522096+08:00","level":"INFO","msg":"T = 13980.000\r","component":"api","simulation_id":16,"stream":"stdout"}
{"time":"2026-06-08T20:38:05.8565235+08:00","level":"INFO","msg":"T = 13990.000\r","component":"api","simulation_id":16,"stream":"stdout"}
{"time":"2026-06-08T20:38:15.8599094+08:00","level":"INFO","msg":"T = 14000.000\r","component":"api","simulation_id":16,"stream":"stdout"}
{"time":"2026-06-08T20:38:25.8513318+08:00","level":"INFO","msg":"T = 14010.000\r","component":"api","simulation_id":16,"stream":"stdout"}
{"time":"2026-06-08T20:38:35.8600842+08:00","level":"INFO","msg":"T = 14020.000\r","component":"api","simulation_id":16,"stream":"stdout"}
{"time":"2026-06-08T20:38:45.8595913+08:00","level":"INFO","msg":"T = 14030.000\r","component":"api","simulation_id":16,"stream":"stdout"}
{"time":"2026-06-08T20:38:55.8518692+08:00","level":"INFO","msg":"T = 14040.000\r","component":"api","simulation_id":16,"stream":"stdout"}
{"time":"2026-06-08T20:39:05.8591127+08:00","level":"INFO","msg":"T = 14050.000\r","component":"api","simulation_id":16,"stream":"stdout"}
{"time":"2026-06-08T20:39:15.8507923+08:00","level":"INFO","msg":"T = 14060.000\r","component":"api","simulation_id":16,"stream":"stdout"}
{"time":"2026-06-08T20:39:25.8503577+08:00","level":"INFO","msg":"T = 14070.000\r","component":"api","simulation_id":16,"stream":"stdout"}
{"time":"2026-06-08T20:39:35.8548656+08:00","level":"INFO","msg":"T = 14080.000\r","component":"api","simulation_id":16,"stream":"stdout"}
{"time":"2026-06-08T20:39:45.8573815+08:00","level":"INFO","msg":"T = 14090.000\r","component":"api","simulation_id":16,"stream":"stdout"}
{"time":"2026-06-08T20:39:55.8582312+08:00","level":"INFO","msg":"T = 14100.000\r","component":"api","simulation_id":16,"stream":"stdout"}
{"time":"2026-06-08T20:40:05.8574282+08:00","level":"INFO","msg":"T = 14110.000\r","component":"api","simulation_id":16,"stream":"stdout"}
{"time":"2026-06-08T20:40:15.8510191+08:00","level":"INFO","msg":"T = 14120.000\r","component":"api","simulation_id":16,"stream":"stdout"}
{"time":"2026-06-08T20:40:25.8572184+08:00","level":"INFO","msg":"T = 14130.000\r","component":"api","simulation_id":16,"stream":"stdout"}
{"time":"2026-06-08T20:40:35.8517566+08:00","level":"INFO","msg":"T = 14140.000\r","component":"api","simulation_id":16,"stream":"stdout"}
{"time":"2026-06-08T20:40:45.8526482+08:00","level":"INFO","msg":"T = 14150.000\r","component":"api","simulation_id":16,"stream":"stdout"}
{"time":"2026-06-08T20:40:55.8509187+08:00","level":"INFO","msg":"T = 14160.000\r","component":"api","simulation_id":16,"stream":"stdout"}
{"time":"2026-06-08T20:41:05.8540039+08:00","level":"INFO","msg":"T = 14170.000\r","component":"api","simulation_id":16,"stream":"stdout"}
{"time":"2026-06-08T20:41:15.8593642+08:00","level":"INFO","msg":"T = 14180.000\r","component":"api","simulation_id":16,"stream":"stdout"}
{"time":"2026-06-08T20:41:25.8502982+08:00","level":"INFO","msg":"T = 14190.000\r","component":"api","simulation_id":16,"stream":"stdout"}
{"time":"2026-06-08T20:41:35.8578978+08:00","level":"INFO","msg":"T = 14200.000\r","component":"api","simulation_id":16,"stream":"stdout"}
{"time":"2026-06-08T20:41:45.8561217+08:00","level":"INFO","msg":"T = 14210.000\r","component":"api","simulation_id":16,"stream":"stdout"}
{"time":"2026-06-08T20:41:55.8598142+08:00","level":"INFO","msg":"T = 14220.000\r","component":"api","simulation_id":16,"stream":"stdout"}
{"time":"2026-06-08T20:42:05.8520186+08:00","level":"INFO","msg":"T = 14230.000\r","component":"api","simulation_id":16,"stream":"stdout"}
{"time":"2026-06-08T20:42:15.8503491+08:00","level":"INFO","msg":"T = 14240.000\r","component":"api","simulation_id":16,"stream":"stdout"}
{"time":"2026-06-08T20:42:25.8582269+08:00","level":"INFO","msg":"T = 14250.000\r","component":"api","simulation_id":16,"stream":"stdout"}
{"time":"2026-06-08T20:42:35.8609865+08:00","level":"INFO","msg":"T = 14260.000\r","component":"api","simulation_id":16,"stream":"stdout"}
{"time":"2026-06-08T20:42:45.8558496+08:00","level":"INFO","msg":"T = 14270.000\r","component":"api","simulation_id":16,"stream":"stdout"}
{"time":"2026-06-08T20:42:55.8591273+08:00","level":"INFO","msg":"T = 14280.000\r","component":"api","simulation_id":16,"stream":"stdout"}
{"time":"2026-06-08T20:43:05.8504504+08:00","level":"INFO","msg":"T = 14290.000\r","component":"api","simulation_id":16,"stream":"stdout"}
{"time":"2026-06-08T20:43:15.8585117+08:00","level":"INFO","msg":"T = 14300.000\r","component":"api","simulation_id":16,"stream":"stdout"}
{"time":"2026-06-08T20:43:25.8507828+08:00","level":"INFO","msg":"T = 14310.000\r","component":"api","simulation_id":16,"stream":"stdout"}
{"time":"2026-06-08T20:43:35.8599842+08:00","level":"INFO","msg":"T = 14320.000\r","component":"api","simulation_id":16,"stream":"stdout"}
{"time":"2026-06-08T20:43:45.8506113+08:00","level":"INFO","msg":"T = 14330.000\r","component":"api","simulation_id":16,"stream":"stdout"}
{"time":"2026-06-08T20:43:55.8596685+08:00","level":"INFO","msg":"T = 14340.000\r","component":"api","simulation_id":16,"stream":"stdout"}
{"time":"2026-06-08T20:44:05.8503653+08:00","level":"INFO","msg":"T = 14350.000\r","component":"api","simulation_id":16,"stream":"stdout"}
{"time":"2026-06-08T20:44:15.8516631+08:00","level":"INFO","msg":"T = 14360.000\r","component":"api","simulation_id":16,"stream":"stdout"}
{"time":"2026-06-08T20:44:25.8581473+08:00","level":"INFO","msg":"T = 14370.000\r","component":"api","simulation_id":16,"stream":"stdout"}
{"time":"2026-06-08T20:44:35.8506604+08:00","level":"INFO","msg":"T = 14380.000\r","component":"api","simulation_id":16,"stream":"stdout"}
{"time":"2026-06-08T20:44:45.8590141+08:00","level":"INFO","msg":"T = 14390.000\r","component":"api","simulation_id":16,"stream":"stdout"}
{"time":"2026-06-08T20:44:55.8504017+08:00","level":"INFO","msg":"T = 14400.000\r","component":"api","simulation_id":16,"stream":"stdout"}
{"time":"2026-06-08T20:45:05.8560739+08:00","level":"INFO","msg":"T = 14410.000\r","component":"api","simulation_id":16,"stream":"stdout"}
{"time":"2026-06-08T20:45:15.8508258+08:00","level":"INFO","msg":"T = 14420.000\r","component":"api","simulation_id":16,"stream":"stdout"}
{"time":"2026-06-08T20:45:25.8506394+08:00","level":"INFO","msg":"T = 14430.000\r","component":"api","simulation_id":16,"stream":"stdout"}
{"time":"2026-06-08T20:45:35.8565926+08:00","level":"INFO","msg":"T = 14440.000\r","component":"api","simulation_id":16,"stream":"stdout"}
{"time":"2026-06-08T20:45:45.8510259+08:00","level":"INFO","msg":"T = 14450.000\r","component":"api","simulation_id":16,"stream":"stdout"}
{"time":"2026-06-08T20:45:55.8573375+08:00","level":"INFO","msg":"T = 14460.000\r","component":"api","simulation_id":16,"stream":"stdout"}
{"time":"2026-06-08T20:46:05.8502783+08:00","level":"INFO","msg":"T = 14470.000\r","component":"api","simulation_id":16,"stream":"stdout"}
{"time":"2026-06-08T20:46:15.8607263+08:00","level":"INFO","msg":"T = 14480.000\r","component":"api","simulation_id":16,"stream":"stdout"}
{"time":"2026-06-08T20:46:25.8575496+08:00","level":"INFO","msg":"T = 14490.000\r","component":"api","simulation_id":16,"stream":"stdout"}
{"time":"2026-06-08T20:46:35.8550914+08:00","level":"INFO","msg":"T = 14500.000\r","component":"api","simulation_id":16,"stream":"stdout"}
{"time":"2026-06-08T20:46:45.8578633+08:00","level":"INFO","msg":"T = 14510.000\r","component":"api","simulation_id":16,"stream":"stdout"}
{"time":"2026-06-08T20:46:55.8511319+08:00","level":"INFO","msg":"T = 14520.000\r","component":"api","simulation_id":16,"stream":"stdout"}
{"time":"2026-06-08T20:47:05.8550419+08:00","level":"INFO","msg":"T = 14530.000\r","component":"api","simulation_id":16,"stream":"stdout"}
{"time":"2026-06-08T20:47:15.8502193+08:00","level":"INFO","msg":"T = 14540.000\r","component":"api","simulation_id":16,"stream":"stdout"}
{"time":"2026-06-08T20:47:25.8563842+08:00","level":"INFO","msg":"T = 14550.000\r","component":"api","simulation_id":16,"stream":"stdout"}
{"time":"2026-06-08T20:47:35.8510878+08:00","level":"INFO","msg":"T = 14560.000\r","component":"api","simulation_id":16,"stream":"stdout"}
{"time":"2026-06-08T20:47:45.8544834+08:00","level":"INFO","msg":"T = 14570.000\r","component":"api","simulation_id":16,"stream":"stdout"}
{"time":"2026-06-08T20:47:55.8607717+08:00","level":"INFO","msg":"T = 14580.000\r","component":"api","simulation_id":16,"stream":"stdout"}
{"time":"2026-06-08T20:48:05.8563576+08:00","level":"INFO","msg":"T = 14590.000\r","component":"api","simulation_id":16,"stream":"stdout"}
{"time":"2026-06-08T20:48:15.8511119+08:00","level":"INFO","msg":"T = 14600.000\r","component":"api","simulation_id":16,"stream":"stdout"}
{"time":"2026-06-08T20:48:25.8611288+08:00","level":"INFO","msg":"T = 14610.000\r","component":"api","simulation_id":16,"stream":"stdout"}
{"time":"2026-06-08T20:48:35.8587356+08:00","level":"INFO","msg":"T = 14620.000\r","component":"api","simulation_id":16,"stream":"stdout"}
{"time":"2026-06-08T20:48:45.8576338+08:00","level":"INFO","msg":"T = 14630.000\r","component":"api","simulation_id":16,"stream":"stdout"}
{"time":"2026-06-08T20:48:55.8503127+08:00","level":"INFO","msg":"T = 14640.000\r","component":"api","simulation_id":16,"stream":"stdout"}
{"time":"2026-06-08T20:49:05.8618118+08:00","level":"INFO","msg":"T = 14650.000\r","component":"api","simulation_id":16,"stream":"stdout"}
{"time":"2026-06-08T20:49:15.8587022+08:00","level":"INFO","msg":"T = 14660.000\r","component":"api","simulation_id":16,"stream":"stdout"}
{"time":"2026-06-08T20:49:25.8503022+08:00","level":"INFO","msg":"T = 14670.000\r","component":"api","simulation_id":16,"stream":"stdout"}
{"time":"2026-06-08T20:49:35.8517958+08:00","level":"INFO","msg":"T = 14680.000\r","component":"api","simulation_id":16,"stream":"stdout"}
{"time":"2026-06-08T20:49:45.8601883+08:00","level":"INFO","msg":"T = 14690.000\r","component":"api","simulation_id":16,"stream":"stdout"}
{"time":"2026-06-08T20:49:55.8544907+08:00","level":"INFO","msg":"T = 14700.000\r","component":"api","simulation_id":16,"stream":"stdout"}
{"time":"2026-06-08T20:50:05.8502754+08:00","level":"INFO","msg":"T = 14710.000\r","component":"api","simulation_id":16,"stream":"stdout"}
{"time":"2026-06-08T20:50:15.8513396+08:00","level":"INFO","msg":"T = 14720.000\r","component":"api","simulation_id":16,"stream":"stdout"}
{"time":"2026-06-08T20:50:25.8509432+08:00","level":"INFO","msg":"T = 14730.000\r","component":"api","simulation_id":16,"stream":"stdout"}
{"time":"2026-06-08T20:50:35.8601356+08:00","level":"INFO","msg":"T = 14740.000\r","component":"api","simulation_id":16,"stream":"stdout"}
{"time":"2026-06-08T20:50:45.8501804+08:00","level":"INFO","msg":"T = 14750.000\r","component":"api","simulation_id":16,"stream":"stdout"}
{"time":"2026-06-08T20:50:55.851711+08:00","level":"INFO","msg":"T = 14760.000\r","component":"api","simulation_id":16,"stream":"stdout"}
{"time":"2026-06-08T20:51:05.8505255+08:00","level":"INFO","msg":"T = 14770.000\r","component":"api","simulation_id":16,"stream":"stdout"}
{"time":"2026-06-08T20:51:15.8526886+08:00","level":"INFO","msg":"T = 14780.000\r","component":"api","simulation_id":16,"stream":"stdout"}
{"time":"2026-06-08T20:51:25.8582748+08:00","level":"INFO","msg":"T = 14790.000\r","component":"api","simulation_id":16,"stream":"stdout"}
{"time":"2026-06-08T20:51:35.8575886+08:00","level":"INFO","msg":"T = 14800.000\r","component":"api","simulation_id":16,"stream":"stdout"}
{"time":"2026-06-08T20:51:45.8530933+08:00","level":"INFO","msg":"T = 14810.000\r","component":"api","simulation_id":16,"stream":"stdout"}
{"time":"2026-06-08T20:51:55.8522354+08:00","level":"INFO","msg":"T = 14820.000\r","component":"api","simulation_id":16,"stream":"stdout"}
{"time":"2026-06-08T20:52:05.8615722+08:00","level":"INFO","msg":"T = 14830.000\r","component":"api","simulation_id":16,"stream":"stdout"}
{"time":"2026-06-08T20:52:15.8579645+08:00","level":"INFO","msg":"T = 14840.000\r","component":"api","simulation_id":16,"stream":"stdout"}
{"time":"2026-06-08T20:52:25.8505665+08:00","level":"INFO","msg":"T = 14850.000\r","component":"api","simulation_id":16,"stream":"stdout"}
{"time":"2026-06-08T20:52:35.8596343+08:00","level":"INFO","msg":"T = 14860.000\r","component":"api","simulation_id":16,"stream":"stdout"}
{"time":"2026-06-08T20:52:45.8533061+08:00","level":"INFO","msg":"T = 14870.000\r","component":"api","simulation_id":16,"stream":"stdout"}
{"time":"2026-06-08T20:52:55.8593375+08:00","level":"INFO","msg":"T = 14880.000\r","component":"api","simulation_id":16,"stream":"stdout"}
{"time":"2026-06-08T20:53:05.8592809+08:00","level":"INFO","msg":"T = 14890.000\r","component":"api","simulation_id":16,"stream":"stdout"}
{"time":"2026-06-08T20:53:15.8518056+08:00","level":"INFO","msg":"T = 14900.000\r","component":"api","simulation_id":16,"stream":"stdout"}
{"time":"2026-06-08T20:53:25.8525563+08:00","level":"INFO","msg":"T = 14910.000\r","component":"api","simulation_id":16,"stream":"stdout"}
{"time":"2026-06-08T20:53:35.8527179+08:00","level":"INFO","msg":"T = 14920.000\r","component":"api","simulation_id":16,"stream":"stdout"}
{"time":"2026-06-08T20:53:45.8567125+08:00","level":"INFO","msg":"T = 14930.000\r","component":"api","simulation_id":16,"stream":"stdout"}
{"time":"2026-06-08T20:53:55.8511389+08:00","level":"INFO","msg":"T = 14940.000\r","component":"api","simulation_id":16,"stream":"stdout"}
{"time":"2026-06-08T20:54:05.8511981+08:00","level":"INFO","msg":"T = 14950.000\r","component":"api","simulation_id":16,"stream":"stdout"}
{"time":"2026-06-08T20:54:15.859418+08:00","level":"INFO","msg":"T = 14960.000\r","component":"api","simulation_id":16,"stream":"stdout"}
{"time":"2026-06-08T20:54:25.8601788+08:00","level":"INFO","msg":"T = 14970.000\r","component":"api","simulation_id":16,"stream":"stdout"}
{"time":"2026-06-08T20:54:35.8602166+08:00","level":"INFO","msg":"T = 14980.000\r","component":"api","simulation_id":16,"stream":"stdout"}
{"time":"2026-06-08T20:54:45.8511738+08:00","level":"INFO","msg":"T = 14990.000\r","component":"api","simulation_id":16,"stream":"stdout"}
{"time":"2026-06-08T20:54:55.8596992+08:00","level":"INFO","msg":"T = 15000.000\r","component":"api","simulation_id":16,"stream":"stdout"}
{"time":"2026-06-08T20:55:05.8506158+08:00","level":"INFO","msg":"T = 15010.000\r","component":"api","simulation_id":16,"stream":"stdout"}
{"time":"2026-06-08T20:55:15.8511841+08:00","level":"INFO","msg":"T = 15020.000\r","component":"api","simulation_id":16,"stream":"stdout"}
{"time":"2026-06-08T20:55:25.8558323+08:00","level":"INFO","msg":"T = 15030.000\r","component":"api","simulation_id":16,"stream":"stdout"}
{"time":"2026-06-08T20:55:35.8609004+08:00","level":"INFO","msg":"T = 15040.000\r","component":"api","simulation_id":16,"stream":"stdout"}
{"time":"2026-06-08T20:55:45.8582384+08:00","level":"INFO","msg":"T = 15050.000\r","component":"api","simulation_id":16,"stream":"stdout"}
{"time":"2026-06-08T20:55:55.8614169+08:00","level":"INFO","msg":"T = 15060.000\r","component":"api","simulation_id":16,"stream":"stdout"}
{"time":"2026-06-08T20:56:05.8502928+08:00","level":"INFO","msg":"T = 15070.000\r","component":"api","simulation_id":16,"stream":"stdout"}
{"time":"2026-06-08T20:56:15.8610066+08:00","level":"INFO","msg":"T = 15080.000\r","component":"api","simulation_id":16,"stream":"stdout"}
{"time":"2026-06-08T20:56:25.8596696+08:00","level":"INFO","msg":"T = 15090.000\r","component":"api","simulation_id":16,"stream":"stdout"}
{"time":"2026-06-08T20:56:35.8601049+08:00","level":"INFO","msg":"T = 15100.000\r","component":"api","simulation_id":16,"stream":"stdout"}
{"time":"2026-06-08T20:56:45.8616231+08:00","level":"INFO","msg":"T = 15110.000\r","component":"api","simulation_id":16,"stream":"stdout"}
{"time":"2026-06-08T20:56:55.8505234+08:00","level":"INFO","msg":"T = 15120.000\r","component":"api","simulation_id":16,"stream":"stdout"}
{"time":"2026-06-08T20:57:05.8604601+08:00","level":"INFO","msg":"T = 15130.000\r","component":"api","simulation_id":16,"stream":"stdout"}
{"time":"2026-06-08T20:57:15.8598371+08:00","level":"INFO","msg":"T = 15140.000\r","component":"api","simulation_id":16,"stream":"stdout"}
{"time":"2026-06-08T20:57:25.8566344+08:00","level":"INFO","msg":"T = 15150.000\r","component":"api","simulation_id":16,"stream":"stdout"}
{"time":"2026-06-08T20:57:35.8508214+08:00","level":"INFO","msg":"T = 15160.000\r","component":"api","simulation_id":16,"stream":"stdout"}
{"time":"2026-06-08T20:57:45.850568+08:00","level":"INFO","msg":"T = 15170.000\r","component":"api","simulation_id":16,"stream":"stdout"}
{"time":"2026-06-08T20:57:55.8577448+08:00","level":"INFO","msg":"T = 15180.000\r","component":"api","simulation_id":16,"stream":"stdout"}
{"time":"2026-06-08T20:58:05.8502554+08:00","level":"INFO","msg":"T = 15190.000\r","component":"api","simulation_id":16,"stream":"stdout"}
{"time":"2026-06-08T20:58:15.8595483+08:00","level":"INFO","msg":"T = 15200.000\r","component":"api","simulation_id":16,"stream":"stdout"}
{"time":"2026-06-08T20:58:25.850943+08:00","level":"INFO","msg":"T = 15210.000\r","component":"api","simulation_id":16,"stream":"stdout"}
{"time":"2026-06-08T20:58:35.8502935+08:00","level":"INFO","msg":"T = 15220.000\r","component":"api","simulation_id":16,"stream":"stdout"}
{"time":"2026-06-08T20:58:45.851168+08:00","level":"INFO","msg":"T = 15230.000\r","component":"api","simulation_id":16,"stream":"stdout"}
{"time":"2026-06-08T20:58:55.8515184+08:00","level":"INFO","msg":"T = 15240.000\r","component":"api","simulation_id":16,"stream":"stdout"}
{"time":"2026-06-08T20:59:05.8554007+08:00","level":"INFO","msg":"T = 15250.000\r","component":"api","simulation_id":16,"stream":"stdout"}
{"time":"2026-06-08T20:59:15.8599087+08:00","level":"INFO","msg":"T = 15260.000\r","component":"api","simulation_id":16,"stream":"stdout"}
{"time":"2026-06-08T20:59:25.8597389+08:00","level":"INFO","msg":"T = 15270.000\r","component":"api","simulation_id":16,"stream":"stdout"}
{"time":"2026-06-08T20:59:35.8508331+08:00","level":"INFO","msg":"T = 15280.000\r","component":"api","simulation_id":16,"stream":"stdout"}
{"time":"2026-06-08T20:59:45.8509927+08:00","level":"INFO","msg":"T = 15290.000\r","component":"api","simulation_id":16,"stream":"stdout"}
{"time":"2026-06-08T20:59:55.8580815+08:00","level":"INFO","msg":"T = 15300.000\r","component":"api","simulation_id":16,"stream":"stdout"}
{"time":"2026-06-08T21:00:05.8581883+08:00","level":"INFO","msg":"T = 15310.000\r","component":"api","simulation_id":16,"stream":"stdout"}
{"time":"2026-06-08T21:00:15.8594588+08:00","level":"INFO","msg":"T = 15320.000\r","component":"api","simulation_id":16,"stream":"stdout"}
{"time":"2026-06-08T21:00:25.8591468+08:00","level":"INFO","msg":"T = 15330.000\r","component":"api","simulation_id":16,"stream":"stdout"}
{"time":"2026-06-08T21:00:35.8507284+08:00","level":"INFO","msg":"T = 15340.000\r","component":"api","simulation_id":16,"stream":"stdout"}
{"time":"2026-06-08T21:00:45.8570026+08:00","level":"INFO","msg":"T = 15350.000\r","component":"api","simulation_id":16,"stream":"stdout"}
{"time":"2026-06-08T21:00:55.8602175+08:00","level":"INFO","msg":"T = 15360.000\r","component":"api","simulation_id":16,"stream":"stdout"}
{"time":"2026-06-08T21:01:05.8571782+08:00","level":"INFO","msg":"T = 15370.000\r","component":"api","simulation_id":16,"stream":"stdout"}
{"time":"2026-06-08T21:01:15.858911+08:00","level":"INFO","msg":"T = 15380.000\r","component":"api","simulation_id":16,"stream":"stdout"}
{"time":"2026-06-08T21:01:25.8603177+08:00","level":"INFO","msg":"T = 15390.000\r","component":"api","simulation_id":16,"stream":"stdout"}
2026/06/08 21:01:29 [DESKTOP-2269V6M/0I7zd4hyWa-000247] "GET http://localhost:8080/api/scenarios HTTP/1.1" from [::1]:55693 - 200 129B in 0s
2026/06/08 21:01:29 [DESKTOP-2269V6M/0I7zd4hyWa-000248] "GET http://localhost:8080/api/scenarios HTTP/1.1" from [::1]:55694 - 200 129B in 0s
{"time":"2026-06-08T21:01:35.8570621+08:00","level":"INFO","msg":"T = 15400.000\r","component":"api","simulation_id":16,"stream":"stdout"}
{"time":"2026-06-08T21:01:35.873905+08:00","level":"INFO","msg":"starting mission.exe","component":"api","simulation_id":17,"path":"e:\\AFsim\\afsimweb-master\\AFSim\\afsim-2.9.0-win64\\bin\\mission.exe","scenario":"scenarios\\test_gateway.scenario","mode":"realtime","args":["-rt","test_gateway.scenario"]}
2026/06/08 21:01:35 [DESKTOP-2269V6M/0I7zd4hyWa-000249] "POST http://localhost:8080/api/simulations HTTP/1.1" from [::1]:55713 - 201 143B in 2.6036ms
{"time":"2026-06-08T21:01:35.8764984+08:00","level":"INFO","msg":"pipe not available, retrying","component":"api","simulation_id":17,"pipe":"events","path":"\\\\.\\pipe\\afsim_events","error":"CreateFile pipe: All pipe instances are busy.","retry_in":2000000000}
{"time":"2026-06-08T21:01:35.8785928+08:00","level":"INFO","msg":"WebSocket connection request","component":"api","simulation_id":"17"}
2026/06/08 21:01:35 [DESKTOP-2269V6M/0I7zd4hyWa-000250] "GET http://localhost:8080/api/simulations/17/ws HTTP/1.1" from [::1]:55714 - 000 0B in 537.5µs
{"time":"2026-06-08T21:01:37.5499009+08:00","level":"INFO","msg":"mission:\r","component":"api","simulation_id":17,"stream":"stdout"}
{"time":"2026-06-08T21:01:37.5509071+08:00","level":"INFO","msg":"    WSF Version: 2.9.0 02-25-2022\r","component":"api","simulation_id":17,"stream":"stdout"}
{"time":"2026-06-08T21:01:37.5519004+08:00","level":"INFO","msg":"    Built: Feb 25 2022 08:12:40\r","component":"api","simulation_id":17,"stream":"stdout"}
{"time":"2026-06-08T21:01:37.5529004+08:00","level":"INFO","msg":"Plugin API version info:\r","component":"api","simulation_id":17,"stream":"stdout"}
{"time":"2026-06-08T21:01:37.5529004+08:00","level":"INFO","msg":"    Version: 2.9\r","component":"api","simulation_id":17,"stream":"stdout"}
{"time":"2026-06-08T21:01:37.5539009+08:00","level":"INFO","msg":"    Compiler: win_1916_64bit_release-hwe\r","component":"api","simulation_id":17,"stream":"stdout"}
{"time":"2026-06-08T21:01:37.5549007+08:00","level":"INFO","msg":"Plugins Loaded:\r","component":"api","simulation_id":17,"stream":"stdout"}
{"time":"2026-06-08T21:01:37.5559013+08:00","level":"INFO","msg":"    wsf_alternate_locations.dll, wsf_coverage.dll, wsf_iads_c2.dll, wsf_prompt.dll, wsf_scenario_analyzer.dll, wsf_scenario_analyzer_iads_c2.dll, wsf_air_combat.dll, wsf_annotation.dll, wsf_argo8.dll, wsf_brawler.dll, wsf_event_gateway.dll, wsf_fires.dll, wsf_multiresolution.dll, wsf_oms_uci.dll, wsf_p6dof.dll, wsf_six_dof.dll, wsf_sosm.dll\r","component":"api","simulation_id":17,"stream":"stdout"}
{"time":"2026-06-08T21:01:37.5559013+08:00","level":"INFO","msg":"Extensions Included: \r","component":"api","simulation_id":17,"stream":"stdout"}
{"time":"2026-06-08T21:01:37.5559013+08:00","level":"INFO","msg":"    sensor_plot_lib, wsf_cyber, wsf_grammar_check, wsf_l16, wsf_mil, wsf_mil_parser, wsf_mtt, wsf_nx, wsf_parser, wsf_ripr, wsf_space, wsf_weapon_server, wsf_simdis\r","component":"api","simulation_id":17,"stream":"stdout"}
{"time":"2026-06-08T21:01:37.5569008+08:00","level":"INFO","msg":"\r","component":"api","simulation_id":17,"stream":"stdout"}
{"time":"2026-06-08T21:01:37.5569008+08:00","level":"INFO","msg":"Loading simulation input.\r","component":"api","simulation_id":17,"stream":"stdout"}
{"time":"2026-06-08T21:01:37.5569008+08:00","level":"INFO","msg":"Loading simulation input complete.\r","component":"api","simulation_id":17,"stream":"stdout"}
{"time":"2026-06-08T21:01:37.5569008+08:00","level":"INFO","msg":"    Elapsed Wall Clock Time: 0.0955694\r","component":"api","simulation_id":17,"stream":"stdout"}
{"time":"2026-06-08T21:01:37.5579008+08:00","level":"INFO","msg":"    Elapsed Processor Time : 0\r","component":"api","simulation_id":17,"stream":"stdout"}
{"time":"2026-06-08T21:01:37.5579008+08:00","level":"INFO","msg":"Initializing simulation.\r","component":"api","simulation_id":17,"stream":"stdout"}
{"time":"2026-06-08T21:01:37.5579008+08:00","level":"INFO","msg":"***** ERROR: wsf_event_gateway: Failed to create pipe \\\\.\\pipe\\afsim_events (error 231)\r","component":"api","simulation_id":17,"stream":"stdout"}
{"time":"2026-06-08T21:01:37.5579008+08:00","level":"INFO","msg":"***** ERROR: wsf_event_gateway: failed to open event pipe, plugin disabled\r","component":"api","simulation_id":17,"stream":"stdout"}
{"time":"2026-06-08T21:01:37.5589014+08:00","level":"INFO","msg":"Initializing simulation complete.\r","component":"api","simulation_id":17,"stream":"stdout"}
{"time":"2026-06-08T21:01:37.5589014+08:00","level":"INFO","msg":"    Elapsed Wall Clock Time: 0.0061224\r","component":"api","simulation_id":17,"stream":"stdout"}
{"time":"2026-06-08T21:01:37.5589014+08:00","level":"INFO","msg":"    Elapsed Processor Time : 0\r","component":"api","simulation_id":17,"stream":"stdout"}
{"time":"2026-06-08T21:01:37.5599026+08:00","level":"INFO","msg":"Starting simulation.\r","component":"api","simulation_id":17,"stream":"stdout"}
{"time":"2026-06-08T21:01:37.5599026+08:00","level":"INFO","msg":"T = 0\r","component":"api","simulation_id":17,"stream":"stdout"}
{"time":"2026-06-08T21:01:37.8788736+08:00","level":"INFO","msg":"pipe not available, retrying","component":"api","simulation_id":17,"pipe":"events","path":"\\\\.\\pipe\\afsim_events","error":"CreateFile pipe: All pipe instances are busy.","retry_in":2000000000}
{"time":"2026-06-08T21:01:39.8803662+08:00","level":"INFO","msg":"pipe not available, retrying","component":"api","simulation_id":17,"pipe":"events","path":"\\\\.\\pipe\\afsim_events","error":"CreateFile pipe: All pipe instances are busy.","retry_in":2000000000}
{"time":"2026-06-08T21:01:41.8841123+08:00","level":"INFO","msg":"pipe not available, retrying","component":"api","simulation_id":17,"pipe":"events","path":"\\\\.\\pipe\\afsim_events","error":"CreateFile pipe: All pipe instances are busy.","retry_in":2000000000}
{"time":"2026-06-08T21:01:43.8859339+08:00","level":"INFO","msg":"pipe not available, retrying","component":"api","simulation_id":17,"pipe":"events","path":"\\\\.\\pipe\\afsim_events","error":"CreateFile pipe: All pipe instances are busy.","retry_in":2000000000}
{"time":"2026-06-08T21:01:45.856548+08:00","level":"INFO","msg":"T = 15410.000\r","component":"api","simulation_id":16,"stream":"stdout"}
{"time":"2026-06-08T21:01:45.8871497+08:00","level":"INFO","msg":"pipe not available, retrying","component":"api","simulation_id":17,"pipe":"events","path":"\\\\.\\pipe\\afsim_events","error":"CreateFile pipe: All pipe instances are busy.","retry_in":2000000000}
{"time":"2026-06-08T21:01:47.5610326+08:00","level":"INFO","msg":"T = 10.000\r","component":"api","simulation_id":17,"stream":"stdout"}
{"time":"2026-06-08T21:01:47.8871754+08:00","level":"INFO","msg":"pipe not available, retrying","component":"api","simulation_id":17,"pipe":"events","path":"\\\\.\\pipe\\afsim_events","error":"CreateFile pipe: All pipe instances are busy.","retry_in":2000000000}
{"time":"2026-06-08T21:01:49.889118+08:00","level":"INFO","msg":"pipe not available, retrying","component":"api","simulation_id":17,"pipe":"events","path":"\\\\.\\pipe\\afsim_events","error":"CreateFile pipe: All pipe instances are busy.","retry_in":2000000000}
{"time":"2026-06-08T21:01:51.89062+08:00","level":"INFO","msg":"pipe not available, retrying","component":"api","simulation_id":17,"pipe":"events","path":"\\\\.\\pipe\\afsim_events","error":"CreateFile pipe: All pipe instances are busy.","retry_in":2000000000}
{"time":"2026-06-08T21:01:53.8920785+08:00","level":"INFO","msg":"pipe not available, retrying","component":"api","simulation_id":17,"pipe":"events","path":"\\\\.\\pipe\\afsim_events","error":"CreateFile pipe: All pipe instances are busy.","retry_in":2000000000}
{"time":"2026-06-08T21:01:54.9342864+08:00","level":"INFO","msg":"terminating mission.exe","component":"api","simulation_id":17}
{"time":"2026-06-08T21:01:54.9510444+08:00","level":"INFO","msg":"mission.exe exited","component":"api","simulation_id":17,"error":"exit status 1"}
2026/06/08 21:01:54 [DESKTOP-2269V6M/0I7zd4hyWa-000251] "POST http://localhost:8080/api/simulations/17/terminate HTTP/1.1" from [::1]:55742 - 200 23B in 16.758ms
{"time":"2026-06-08T21:01:54.9510444+08:00","level":"ERROR","msg":"connector error","component":"api","simulation_id":17,"error":"failed to connect to event pipe: pipe dial cancelled: context canceled"}
{"time":"2026-06-08T21:01:54.9525783+08:00","level":"ERROR","msg":"websocket read error","component":"api","component":"ws-client","error":"websocket: close 1005 (no status)"}
{"time":"2026-06-08T21:01:55.851913+08:00","level":"INFO","msg":"T = 15420.000\r","component":"api","simulation_id":16,"stream":"stdout"}
{"time":"2026-06-08T21:01:56.8535215+08:00","level":"INFO","msg":"starting mission.exe","component":"api","simulation_id":18,"path":"e:\\AFsim\\afsimweb-master\\AFSim\\afsim-2.9.0-win64\\bin\\mission.exe","scenario":"scenarios\\test1v1.zip","mode":"realtime","args":["-rt","test1v1.zip"]}
2026/06/08 21:01:56 [DESKTOP-2269V6M/0I7zd4hyWa-000252] "POST http://localhost:8080/api/simulations HTTP/1.1" from [::1]:55753 - 201 142B in 3.7442ms
{"time":"2026-06-08T21:01:56.8572657+08:00","level":"INFO","msg":"pipe not available, retrying","component":"api","simulation_id":18,"pipe":"events","path":"\\\\.\\pipe\\afsim_events","error":"CreateFile pipe: All pipe instances are busy.","retry_in":2000000000}
{"time":"2026-06-08T21:01:56.8593552+08:00","level":"INFO","msg":"WebSocket connection request","component":"api","simulation_id":"18"}
2026/06/08 21:01:56 [DESKTOP-2269V6M/0I7zd4hyWa-000253] "GET http://localhost:8080/api/simulations/18/ws HTTP/1.1" from [::1]:55754 - 000 0B in 0s
{"time":"2026-06-08T21:01:57.1460983+08:00","level":"INFO","msg":"mission:\r","component":"api","simulation_id":18,"stream":"stdout"}
{"time":"2026-06-08T21:01:57.1488408+08:00","level":"INFO","msg":"    WSF Version: 2.9.0 02-25-2022\r","component":"api","simulation_id":18,"stream":"stdout"}
{"time":"2026-06-08T21:01:57.1493549+08:00","level":"INFO","msg":"    Built: Feb 25 2022 08:12:40\r","component":"api","simulation_id":18,"stream":"stdout"}
{"time":"2026-06-08T21:01:57.1498691+08:00","level":"INFO","msg":"Plugin API version info:\r","component":"api","simulation_id":18,"stream":"stdout"}
{"time":"2026-06-08T21:01:57.1524589+08:00","level":"INFO","msg":"    Version: 2.9\r","component":"api","simulation_id":18,"stream":"stdout"}
{"time":"2026-06-08T21:01:57.1529694+08:00","level":"INFO","msg":"    Compiler: win_1916_64bit_release-hwe\r","component":"api","simulation_id":18,"stream":"stdout"}
{"time":"2026-06-08T21:01:57.1535508+08:00","level":"INFO","msg":"Plugins Loaded:\r","component":"api","simulation_id":18,"stream":"stdout"}
{"time":"2026-06-08T21:01:57.1535508+08:00","level":"INFO","msg":"    wsf_alternate_locations.dll, wsf_coverage.dll, wsf_iads_c2.dll, wsf_prompt.dll, wsf_scenario_analyzer.dll, wsf_scenario_analyzer_iads_c2.dll, wsf_air_combat.dll, wsf_annotation.dll, wsf_argo8.dll, wsf_brawler.dll, wsf_event_gateway.dll, wsf_fires.dll, wsf_multiresolution.dll, wsf_oms_uci.dll, wsf_p6dof.dll, wsf_six_dof.dll, wsf_sosm.dll\r","component":"api","simulation_id":18,"stream":"stdout"}
{"time":"2026-06-08T21:01:57.1545882+08:00","level":"INFO","msg":"Extensions Included: \r","component":"api","simulation_id":18,"stream":"stdout"}
{"time":"2026-06-08T21:01:57.1545882+08:00","level":"INFO","msg":"    sensor_plot_lib, wsf_cyber, wsf_grammar_check, wsf_l16, wsf_mil, wsf_mil_parser, wsf_mtt, wsf_nx, wsf_parser, wsf_ripr, wsf_space, wsf_weapon_server, wsf_simdis\r","component":"api","simulation_id":18,"stream":"stdout"}
{"time":"2026-06-08T21:01:57.1545882+08:00","level":"INFO","msg":"\r","component":"api","simulation_id":18,"stream":"stdout"}
{"time":"2026-06-08T21:01:57.1551027+08:00","level":"INFO","msg":"Loading simulation input.\r","component":"api","simulation_id":18,"stream":"stdout"}
{"time":"2026-06-08T21:01:57.157668+08:00","level":"INFO","msg":"\r","component":"api","simulation_id":18,"stream":"stdout"}
{"time":"2026-06-08T21:01:57.1581817+08:00","level":"INFO","msg":"Loading simulation input complete.\r","component":"api","simulation_id":18,"stream":"stdout"}
{"time":"2026-06-08T21:01:57.1581817+08:00","level":"INFO","msg":"    Elapsed Wall Clock Time: 0.164021\r","component":"api","simulation_id":18,"stream":"stdout"}
{"time":"2026-06-08T21:01:57.1586968+08:00","level":"INFO","msg":"    Elapsed Processor Time : 0.046875\r","component":"api","simulation_id":18,"stream":"stdout"}
{"time":"2026-06-08T21:01:57.1586968+08:00","level":"INFO","msg":"***** FATAL: Could not process input files.\r","component":"api","simulation_id":18,"stream":"stdout"}
{"time":"2026-06-08T21:01:57.1592105+08:00","level":"INFO","msg":"    ***** ERROR: Unknown command: PK\u0003\u0004\u0014\r","component":"api","simulation_id":18,"stream":"stdout"}
{"time":"2026-06-08T21:01:57.1592105+08:00","level":"INFO","msg":"             'test1v1.zip', line 1, near column 6\r","component":"api","simulation_id":18,"stream":"stdout"}
{"time":"2026-06-08T21:01:57.1597245+08:00","level":"INFO","msg":"\r","component":"api","simulation_id":18,"stream":"stdout"}
{"time":"2026-06-08T21:01:57.1607506+08:00","level":"INFO","msg":"Reading of simulation input failed\r","component":"api","simulation_id":18,"stream":"stdout"}
{"time":"2026-06-08T21:01:57.7533335+08:00","level":"ERROR","msg":"mission.exe exited with error","component":"api","simulation_id":18,"error":"exit status 1"}
{"time":"2026-06-08T21:01:58.8578777+08:00","level":"INFO","msg":"pipe not available, retrying","component":"api","simulation_id":18,"pipe":"events","path":"\\\\.\\pipe\\afsim_events","error":"CreateFile pipe: All pipe instances are busy.","retry_in":2000000000}
{"time":"2026-06-08T21:02:00.859206+08:00","level":"INFO","msg":"pipe not available, retrying","component":"api","simulation_id":18,"pipe":"events","path":"\\\\.\\pipe\\afsim_events","error":"CreateFile pipe: All pipe instances are busy.","retry_in":2000000000}
{"time":"2026-06-08T21:02:02.8604184+08:00","level":"INFO","msg":"pipe not available, retrying","component":"api","simulation_id":18,"pipe":"events","path":"\\\\.\\pipe\\afsim_events","error":"CreateFile pipe: All pipe instances are busy.","retry_in":2000000000}
{"time":"2026-06-08T21:02:04.8620226+08:00","level":"INFO","msg":"pipe not available, retrying","component":"api","simulation_id":18,"pipe":"events","path":"\\\\.\\pipe\\afsim_events","error":"CreateFile pipe: All pipe instances are busy.","retry_in":2000000000}
{"time":"2026-06-08T21:02:05.8607865+08:00","level":"INFO","msg":"T = 15430.000\r","component":"api","simulation_id":16,"stream":"stdout"}
{"time":"2026-06-08T21:02:06.86315+08:00","level":"INFO","msg":"pipe not available, retrying","component":"api","simulation_id":18,"pipe":"events","path":"\\\\.\\pipe\\afsim_events","error":"CreateFile pipe: All pipe instances are busy.","retry_in":2000000000}
{"time":"2026-06-08T21:02:08.8642826+08:00","level":"INFO","msg":"pipe not available, retrying","component":"api","simulation_id":18,"pipe":"events","path":"\\\\.\\pipe\\afsim_events","error":"CreateFile pipe: All pipe instances are busy.","retry_in":2000000000}
{"time":"2026-06-08T21:02:10.8659434+08:00","level":"INFO","msg":"pipe not available, retrying","component":"api","simulation_id":18,"pipe":"events","path":"\\\\.\\pipe\\afsim_events","error":"CreateFile pipe: All pipe instances are busy.","retry_in":2000000000}
{"time":"2026-06-08T21:02:12.8670193+08:00","level":"INFO","msg":"pipe not available, retrying","component":"api","simulation_id":18,"pipe":"events","path":"\\\\.\\pipe\\afsim_events","error":"CreateFile pipe: All pipe instances are busy.","retry_in":2000000000}
{"time":"2026-06-08T21:02:14.8684953+08:00","level":"INFO","msg":"pipe not available, retrying","component":"api","simulation_id":18,"pipe":"events","path":"\\\\.\\pipe\\afsim_events","error":"CreateFile pipe: All pipe instances are busy.","retry_in":2000000000}
{"time":"2026-06-08T21:02:15.8547387+08:00","level":"INFO","msg":"T = 15440.000\r","component":"api","simulation_id":16,"stream":"stdout"}
{"time":"2026-06-08T21:02:16.8694757+08:00","level":"INFO","msg":"pipe not available, retrying","component":"api","simulation_id":18,"pipe":"events","path":"\\\\.\\pipe\\afsim_events","error":"CreateFile pipe: All pipe instances are busy.","retry_in":2000000000}
{"time":"2026-06-08T21:02:18.8715611+08:00","level":"INFO","msg":"pipe not available, retrying","component":"api","simulation_id":18,"pipe":"events","path":"\\\\.\\pipe\\afsim_events","error":"CreateFile pipe: All pipe instances are busy.","retry_in":2000000000}
{"time":"2026-06-08T21:02:20.8727403+08:00","level":"INFO","msg":"pipe not available, retrying","component":"api","simulation_id":18,"pipe":"events","path":"\\\\.\\pipe\\afsim_events","error":"CreateFile pipe: All pipe instances are busy.","retry_in":2000000000}
{"time":"2026-06-08T21:02:22.8747611+08:00","level":"INFO","msg":"pipe not available, retrying","component":"api","simulation_id":18,"pipe":"events","path":"\\\\.\\pipe\\afsim_events","error":"CreateFile pipe: All pipe instances are busy.","retry_in":2000000000}
{"time":"2026-06-08T21:02:24.8760729+08:00","level":"INFO","msg":"pipe not available, retrying","component":"api","simulation_id":18,"pipe":"events","path":"\\\\.\\pipe\\afsim_events","error":"CreateFile pipe: All pipe instances are busy.","retry_in":2000000000}
2026/06/08 21:02:25 [DESKTOP-2269V6M/0I7zd4hyWa-000254] "POST http://localhost:8080/api/simulations/18/step HTTP/1.1" from [::1]:55766 - 500 67B in 0s
{"time":"2026-06-08T21:02:25.8505791+08:00","level":"INFO","msg":"T = 15450.000\r","component":"api","simulation_id":16,"stream":"stdout"}
2026/06/08 21:02:26 [DESKTOP-2269V6M/0I7zd4hyWa-000255] "POST http://localhost:8080/api/simulations/18/step HTTP/1.1" from [::1]:55768 - 500 67B in 0s
2026/06/08 21:02:26 [DESKTOP-2269V6M/0I7zd4hyWa-000256] "POST http://localhost:8080/api/simulations/18/step HTTP/1.1" from [::1]:55770 - 500 67B in 0s
2026/06/08 21:02:26 [DESKTOP-2269V6M/0I7zd4hyWa-000257] "POST http://localhost:8080/api/simulations/18/step HTTP/1.1" from [::1]:55772 - 500 67B in 0s
{"time":"2026-06-08T21:02:26.8772529+08:00","level":"INFO","msg":"pipe not available, retrying","component":"api","simulation_id":18,"pipe":"events","path":"\\\\.\\pipe\\afsim_events","error":"CreateFile pipe: All pipe instances are busy.","retry_in":2000000000}
2026/06/08 21:02:26 [DESKTOP-2269V6M/0I7zd4hyWa-000258] "POST http://localhost:8080/api/simulations/18/terminate HTTP/1.1" from [::1]:55774 - 200 23B in 0s
{"time":"2026-06-08T21:02:26.9417039+08:00","level":"ERROR","msg":"connector error","component":"api","simulation_id":18,"error":"failed to connect to event pipe: pipe dial cancelled: context canceled"}
{"time":"2026-06-08T21:02:26.952252+08:00","level":"ERROR","msg":"websocket read error","component":"api","component":"ws-client","error":"websocket: close 1005 (no status)"}
2026/06/08 21:02:27 [DESKTOP-2269V6M/0I7zd4hyWa-000259] "POST http://localhost:8080/api/simulations/18/step HTTP/1.1" from [::1]:55776 - 404 49B in 0s
2026/06/08 21:02:27 [DESKTOP-2269V6M/0I7zd4hyWa-000260] "POST http://localhost:8080/api/simulations/18/step HTTP/1.1" from [::1]:55778 - 404 49B in 0s
2026/06/08 21:02:28 [DESKTOP-2269V6M/0I7zd4hyWa-000261] "POST http://localhost:8080/api/simulations/18/step HTTP/1.1" from [::1]:55780 - 404 49B in 0s
2026/06/08 21:02:29 [DESKTOP-2269V6M/0I7zd4hyWa-000262] "POST http://localhost:8080/api/simulations/18/step HTTP/1.1" from [::1]:55782 - 404 49B in 0s
2026/06/08 21:02:29 [DESKTOP-2269V6M/0I7zd4hyWa-000263] "POST http://localhost:8080/api/simulations/18/step HTTP/1.1" from [::1]:55784 - 404 49B in 0s
2026/06/08 21:02:32 [DESKTOP-2269V6M/0I7zd4hyWa-000264] "POST http://localhost:8080/api/simulations/18/step HTTP/1.1" from [::1]:55786 - 404 49B in 0s
2026/06/08 21:02:33 [DESKTOP-2269V6M/0I7zd4hyWa-000265] "POST http://localhost:8080/api/simulations/18/step HTTP/1.1" from [::1]:55788 - 404 49B in 0s
2026/06/08 21:02:33 [DESKTOP-2269V6M/0I7zd4hyWa-000266] "POST http://localhost:8080/api/simulations/18/step HTTP/1.1" from [::1]:55790 - 404 49B in 0s
2026/06/08 21:02:35 [DESKTOP-2269V6M/0I7zd4hyWa-000267] "OPTIONS http://localhost:8080/api/v1/timeseries/replays HTTP/1.1" from [::1]:55794 - 204 0B in 0s
2026/06/08 21:02:35 [DESKTOP-2269V6M/0I7zd4hyWa-000268] "OPTIONS http://localhost:8080/api/v1/timeseries/replays HTTP/1.1" from [::1]:55795 - 204 0B in 0s
2026/06/08 21:02:35 [DESKTOP-2269V6M/0I7zd4hyWa-000269] "GET http://localhost:8080/api/v1/timeseries/replays HTTP/1.1" from [::1]:55794 - 404 19B in 0s
2026/06/08 21:02:35 [DESKTOP-2269V6M/0I7zd4hyWa-000270] "GET http://localhost:8080/api/v1/timeseries/replays HTTP/1.1" from [::1]:55794 - 404 19B in 0s
{"time":"2026-06-08T21:02:35.8609539+08:00","level":"INFO","msg":"T = 15460.000\r","component":"api","simulation_id":16,"stream":"stdout"}
{"time":"2026-06-08T21:02:45.8549674+08:00","level":"INFO","msg":"T = 15470.000\r","component":"api","simulation_id":16,"stream":"stdout"}
{"time":"2026-06-08T21:02:55.8595152+08:00","level":"INFO","msg":"T = 15480.000\r","component":"api","simulation_id":16,"stream":"stdout"}
{"time":"2026-06-08T21:03:02.4985271+08:00","level":"INFO","msg":"starting mission.exe","component":"api","simulation_id":19,"path":"e:\\AFsim\\afsimweb-master\\AFSim\\afsim-2.9.0-win64\\bin\\mission.exe","scenario":"scenarios\\test1v1.zip","mode":"realtime","args":["-rt","test1v1.zip"]}
2026/06/08 21:03:02 [DESKTOP-2269V6M/0I7zd4hyWa-000271] "POST http://localhost:8080/api/simulations HTTP/1.1" from [::1]:55814 - 201 141B in 2.5907ms
{"time":"2026-06-08T21:03:02.5011178+08:00","level":"INFO","msg":"pipe not available, retrying","component":"api","simulation_id":19,"pipe":"events","path":"\\\\.\\pipe\\afsim_events","error":"CreateFile pipe: All pipe instances are busy.","retry_in":2000000000}
{"time":"2026-06-08T21:03:02.5037665+08:00","level":"INFO","msg":"WebSocket connection request","component":"api","simulation_id":"19"}
2026/06/08 21:03:02 [DESKTOP-2269V6M/0I7zd4hyWa-000272] "GET http://localhost:8080/api/simulations/19/ws HTTP/1.1" from [::1]:55815 - 000 0B in 559.9µs
2026/06/08 21:03:02 [DESKTOP-2269V6M/0I7zd4hyWa-000273] "OPTIONS http://localhost:8080/api/v1/timeseries/stats/19 HTTP/1.1" from [::1]:55794 - 204 0B in 0s
2026/06/08 21:03:02 [DESKTOP-2269V6M/0I7zd4hyWa-000274] "GET http://localhost:8080/api/v1/timeseries/stats/19 HTTP/1.1" from [::1]:55794 - 404 19B in 0s
{"time":"2026-06-08T21:03:02.6752345+08:00","level":"INFO","msg":"mission:\r","component":"api","simulation_id":19,"stream":"stdout"}
{"time":"2026-06-08T21:03:02.6919091+08:00","level":"INFO","msg":"    WSF Version: 2.9.0 02-25-2022\r","component":"api","simulation_id":19,"stream":"stdout"}
{"time":"2026-06-08T21:03:02.6919091+08:00","level":"INFO","msg":"    Built: Feb 25 2022 08:12:40\r","component":"api","simulation_id":19,"stream":"stdout"}
{"time":"2026-06-08T21:03:02.6924255+08:00","level":"INFO","msg":"Plugin API version info:\r","component":"api","simulation_id":19,"stream":"stdout"}
{"time":"2026-06-08T21:03:02.6929399+08:00","level":"INFO","msg":"    Version: 2.9\r","component":"api","simulation_id":19,"stream":"stdout"}
{"time":"2026-06-08T21:03:02.6929399+08:00","level":"INFO","msg":"    Compiler: win_1916_64bit_release-hwe\r","component":"api","simulation_id":19,"stream":"stdout"}
{"time":"2026-06-08T21:03:02.693457+08:00","level":"INFO","msg":"Plugins Loaded:\r","component":"api","simulation_id":19,"stream":"stdout"}
{"time":"2026-06-08T21:03:02.693457+08:00","level":"INFO","msg":"    wsf_alternate_locations.dll, wsf_coverage.dll, wsf_iads_c2.dll, wsf_prompt.dll, wsf_scenario_analyzer.dll, wsf_scenario_analyzer_iads_c2.dll, wsf_air_combat.dll, wsf_annotation.dll, wsf_argo8.dll, wsf_brawler.dll, wsf_event_gateway.dll, wsf_fires.dll, wsf_multiresolution.dll, wsf_oms_uci.dll, wsf_p6dof.dll, wsf_six_dof.dll, wsf_sosm.dll\r","component":"api","simulation_id":19,"stream":"stdout"}
{"time":"2026-06-08T21:03:02.6939719+08:00","level":"INFO","msg":"Extensions Included: \r","component":"api","simulation_id":19,"stream":"stdout"}
{"time":"2026-06-08T21:03:02.6944863+08:00","level":"INFO","msg":"    sensor_plot_lib, wsf_cyber, wsf_grammar_check, wsf_l16, wsf_mil, wsf_mil_parser, wsf_mtt, wsf_nx, wsf_parser, wsf_ripr, wsf_space, wsf_weapon_server, wsf_simdis\r","component":"api","simulation_id":19,"stream":"stdout"}
{"time":"2026-06-08T21:03:02.6950003+08:00","level":"INFO","msg":"\r","component":"api","simulation_id":19,"stream":"stdout"}
{"time":"2026-06-08T21:03:02.6950003+08:00","level":"INFO","msg":"Loading simulation input.\r","component":"api","simulation_id":19,"stream":"stdout"}
{"time":"2026-06-08T21:03:02.6955142+08:00","level":"INFO","msg":"\r","component":"api","simulation_id":19,"stream":"stdout"}
{"time":"2026-06-08T21:03:02.696028+08:00","level":"INFO","msg":"Loading simulation input complete.\r","component":"api","simulation_id":19,"stream":"stdout"}
{"time":"2026-06-08T21:03:02.696028+08:00","level":"INFO","msg":"    Elapsed Wall Clock Time: 0.0529896\r","component":"api","simulation_id":19,"stream":"stdout"}
{"time":"2026-06-08T21:03:02.6965423+08:00","level":"INFO","msg":"    Elapsed Processor Time : 0.0625\r","component":"api","simulation_id":19,"stream":"stdout"}
{"time":"2026-06-08T21:03:02.6970563+08:00","level":"INFO","msg":"***** FATAL: Could not process input files.\r","component":"api","simulation_id":19,"stream":"stdout"}
{"time":"2026-06-08T21:03:02.6975664+08:00","level":"INFO","msg":"    ***** ERROR: Unknown command: PK\u0003\u0004\u0014\r","component":"api","simulation_id":19,"stream":"stdout"}
{"time":"2026-06-08T21:03:02.6975664+08:00","level":"INFO","msg":"             'test1v1.zip', line 1, near column 6\r","component":"api","simulation_id":19,"stream":"stdout"}
{"time":"2026-06-08T21:03:02.6980862+08:00","level":"INFO","msg":"\r","component":"api","simulation_id":19,"stream":"stdout"}
{"time":"2026-06-08T21:03:02.6986002+08:00","level":"INFO","msg":"Reading of simulation input failed\r","component":"api","simulation_id":19,"stream":"stdout"}
{"time":"2026-06-08T21:03:02.6986002+08:00","level":"ERROR","msg":"mission.exe exited with error","component":"api","simulation_id":19,"error":"exit status 1"}
{"time":"2026-06-08T21:03:04.5032536+08:00","level":"INFO","msg":"pipe not available, retrying","component":"api","simulation_id":19,"pipe":"events","path":"\\\\.\\pipe\\afsim_events","error":"CreateFile pipe: All pipe instances are busy.","retry_in":2000000000}
{"time":"2026-06-08T21:03:05.8590645+08:00","level":"INFO","msg":"T = 15490.000\r","component":"api","simulation_id":16,"stream":"stdout"}
{"time":"2026-06-08T21:03:06.5045233+08:00","level":"INFO","msg":"pipe not available, retrying","component":"api","simulation_id":19,"pipe":"events","path":"\\\\.\\pipe\\afsim_events","error":"CreateFile pipe: All pipe instances are busy.","retry_in":2000000000}
2026/06/08 21:03:06 [DESKTOP-2269V6M/0I7zd4hyWa-000275] "POST http://localhost:8080/api/simulations/19/terminate HTTP/1.1" from [::1]:55823 - 200 23B in 0s
{"time":"2026-06-08T21:03:06.5579342+08:00","level":"ERROR","msg":"connector error","component":"api","simulation_id":19,"error":"failed to connect to event pipe: pipe dial cancelled: context canceled"}
{"time":"2026-06-08T21:03:06.5738773+08:00","level":"ERROR","msg":"websocket read error","component":"api","component":"ws-client","error":"websocket: close 1005 (no status)"}
{"time":"2026-06-08T21:03:08.8021613+08:00","level":"INFO","msg":"starting mission.exe","component":"api","simulation_id":20,"path":"e:\\AFsim\\afsimweb-master\\AFSim\\afsim-2.9.0-win64\\bin\\mission.exe","scenario":"scenarios\\test_gateway.scenario","mode":"realtime","args":["-rt","test_gateway.scenario"]}
2026/06/08 21:03:08 [DESKTOP-2269V6M/0I7zd4hyWa-000276] "POST http://localhost:8080/api/simulations HTTP/1.1" from [::1]:55825 - 201 143B in 2.0753ms
{"time":"2026-06-08T21:03:08.8042366+08:00","level":"INFO","msg":"pipe not available, retrying","component":"api","simulation_id":20,"pipe":"events","path":"\\\\.\\pipe\\afsim_events","error":"CreateFile pipe: All pipe instances are busy.","retry_in":2000000000}
{"time":"2026-06-08T21:03:08.8075268+08:00","level":"INFO","msg":"WebSocket connection request","component":"api","simulation_id":"20"}
2026/06/08 21:03:08 [DESKTOP-2269V6M/0I7zd4hyWa-000277] "GET http://localhost:8080/api/simulations/20/ws HTTP/1.1" from [::1]:55826 - 000 0B in 1.8016ms
2026/06/08 21:03:08 [DESKTOP-2269V6M/0I7zd4hyWa-000278] "OPTIONS http://localhost:8080/api/v1/timeseries/stats/20 HTTP/1.1" from [::1]:55794 - 204 0B in 0s
2026/06/08 21:03:08 [DESKTOP-2269V6M/0I7zd4hyWa-000279] "GET http://localhost:8080/api/v1/timeseries/stats/20 HTTP/1.1" from [::1]:55794 - 404 19B in 0s
{"time":"2026-06-08T21:03:08.9265958+08:00","level":"INFO","msg":"mission:\r","component":"api","simulation_id":20,"stream":"stdout"}
{"time":"2026-06-08T21:03:08.9267809+08:00","level":"INFO","msg":"    WSF Version: 2.9.0 02-25-2022\r","component":"api","simulation_id":20,"stream":"stdout"}
{"time":"2026-06-08T21:03:08.9273069+08:00","level":"INFO","msg":"    Built: Feb 25 2022 08:12:40\r","component":"api","simulation_id":20,"stream":"stdout"}
{"time":"2026-06-08T21:03:08.9278296+08:00","level":"INFO","msg":"Plugin API version info:\r","component":"api","simulation_id":20,"stream":"stdout"}
{"time":"2026-06-08T21:03:08.9283423+08:00","level":"INFO","msg":"    Version: 2.9\r","component":"api","simulation_id":20,"stream":"stdout"}
{"time":"2026-06-08T21:03:08.9283558+08:00","level":"INFO","msg":"    Compiler: win_1916_64bit_release-hwe\r","component":"api","simulation_id":20,"stream":"stdout"}
{"time":"2026-06-08T21:03:08.9288701+08:00","level":"INFO","msg":"Plugins Loaded:\r","component":"api","simulation_id":20,"stream":"stdout"}
{"time":"2026-06-08T21:03:08.9293925+08:00","level":"INFO","msg":"    wsf_alternate_locations.dll, wsf_coverage.dll, wsf_iads_c2.dll, wsf_prompt.dll, wsf_scenario_analyzer.dll, wsf_scenario_analyzer_iads_c2.dll, wsf_air_combat.dll, wsf_annotation.dll, wsf_argo8.dll, wsf_brawler.dll, wsf_event_gateway.dll, wsf_fires.dll, wsf_multiresolution.dll, wsf_oms_uci.dll, wsf_p6dof.dll, wsf_six_dof.dll, wsf_sosm.dll\r","component":"api","simulation_id":20,"stream":"stdout"}
{"time":"2026-06-08T21:03:08.9293925+08:00","level":"INFO","msg":"Extensions Included: \r","component":"api","simulation_id":20,"stream":"stdout"}
{"time":"2026-06-08T21:03:08.9299169+08:00","level":"INFO","msg":"    sensor_plot_lib, wsf_cyber, wsf_grammar_check, wsf_l16, wsf_mil, wsf_mil_parser, wsf_mtt, wsf_nx, wsf_parser, wsf_ripr, wsf_space, wsf_weapon_server, wsf_simdis\r","component":"api","simulation_id":20,"stream":"stdout"}
{"time":"2026-06-08T21:03:08.9304287+08:00","level":"INFO","msg":"\r","component":"api","simulation_id":20,"stream":"stdout"}
{"time":"2026-06-08T21:03:08.930958+08:00","level":"INFO","msg":"Loading simulation input.\r","component":"api","simulation_id":20,"stream":"stdout"}
{"time":"2026-06-08T21:03:08.9314754+08:00","level":"INFO","msg":"Loading simulation input complete.\r","component":"api","simulation_id":20,"stream":"stdout"}
{"time":"2026-06-08T21:03:08.9314754+08:00","level":"INFO","msg":"    Elapsed Wall Clock Time: 0.0029348\r","component":"api","simulation_id":20,"stream":"stdout"}
{"time":"2026-06-08T21:03:08.9320065+08:00","level":"INFO","msg":"    Elapsed Processor Time : 0\r","component":"api","simulation_id":20,"stream":"stdout"}
{"time":"2026-06-08T21:03:08.9325387+08:00","level":"INFO","msg":"Initializing simulation.\r","component":"api","simulation_id":20,"stream":"stdout"}
{"time":"2026-06-08T21:03:08.9335914+08:00","level":"INFO","msg":"***** ERROR: wsf_event_gateway: Failed to create pipe \\\\.\\pipe\\afsim_events (error 231)\r","component":"api","simulation_id":20,"stream":"stdout"}
{"time":"2026-06-08T21:03:08.9341163+08:00","level":"INFO","msg":"***** ERROR: wsf_event_gateway: failed to open event pipe, plugin disabled\r","component":"api","simulation_id":20,"stream":"stdout"}
{"time":"2026-06-08T21:03:08.934651+08:00","level":"INFO","msg":"Initializing simulation complete.\r","component":"api","simulation_id":20,"stream":"stdout"}
{"time":"2026-06-08T21:03:08.934651+08:00","level":"INFO","msg":"    Elapsed Wall Clock Time: 0.0079168\r","component":"api","simulation_id":20,"stream":"stdout"}
{"time":"2026-06-08T21:03:08.9351642+08:00","level":"INFO","msg":"    Elapsed Processor Time : 0\r","component":"api","simulation_id":20,"stream":"stdout"}
{"time":"2026-06-08T21:03:08.9357155+08:00","level":"INFO","msg":"Starting simulation.\r","component":"api","simulation_id":20,"stream":"stdout"}
{"time":"2026-06-08T21:03:08.9362477+08:00","level":"INFO","msg":"T = 0\r","component":"api","simulation_id":20,"stream":"stdout"}
{"time":"2026-06-08T21:03:10.8054911+08:00","level":"INFO","msg":"pipe not available, retrying","component":"api","simulation_id":20,"pipe":"events","path":"\\\\.\\pipe\\afsim_events","error":"CreateFile pipe: All pipe instances are busy.","retry_in":2000000000}
{"time":"2026-06-08T21:03:12.8066647+08:00","level":"INFO","msg":"pipe not available, retrying","component":"api","simulation_id":20,"pipe":"events","path":"\\\\.\\pipe\\afsim_events","error":"CreateFile pipe: All pipe instances are busy.","retry_in":2000000000}
{"time":"2026-06-08T21:03:14.8076074+08:00","level":"INFO","msg":"pipe not available, retrying","component":"api","simulation_id":20,"pipe":"events","path":"\\\\.\\pipe\\afsim_events","error":"CreateFile pipe: All pipe instances are busy.","retry_in":2000000000}
{"time":"2026-06-08T21:03:15.8507205+08:00","level":"INFO","msg":"T = 15500.000\r","component":"api","simulation_id":16,"stream":"stdout"}
{"time":"2026-06-08T21:03:16.8087252+08:00","level":"INFO","msg":"pipe not available, retrying","component":"api","simulation_id":20,"pipe":"events","path":"\\\\.\\pipe\\afsim_events","error":"CreateFile pipe: All pipe instances are busy.","retry_in":2000000000}
{"time":"2026-06-08T21:03:18.8102971+08:00","level":"INFO","msg":"pipe not available, retrying","component":"api","simulation_id":20,"pipe":"events","path":"\\\\.\\pipe\\afsim_events","error":"CreateFile pipe: All pipe instances are busy.","retry_in":2000000000}
{"time":"2026-06-08T21:03:18.9346006+08:00","level":"INFO","msg":"T = 10.000\r","component":"api","simulation_id":20,"stream":"stdout"}
{"time":"2026-06-08T21:03:20.8109754+08:00","level":"INFO","msg":"pipe not available, retrying","component":"api","simulation_id":20,"pipe":"events","path":"\\\\.\\pipe\\afsim_events","error":"CreateFile pipe: All pipe instances are busy.","retry_in":2000000000}
{"time":"2026-06-08T21:03:22.8128328+08:00","level":"INFO","msg":"pipe not available, retrying","component":"api","simulation_id":20,"pipe":"events","path":"\\\\.\\pipe\\afsim_events","error":"CreateFile pipe: All pipe instances are busy.","retry_in":2000000000}
{"time":"2026-06-08T21:03:24.8139848+08:00","level":"INFO","msg":"pipe not available, retrying","component":"api","simulation_id":20,"pipe":"events","path":"\\\\.\\pipe\\afsim_events","error":"CreateFile pipe: All pipe instances are busy.","retry_in":2000000000}
{"time":"2026-06-08T21:03:25.8596163+08:00","level":"INFO","msg":"T = 15510.000\r","component":"api","simulation_id":16,"stream":"stdout"}
{"time":"2026-06-08T21:03:26.815944+08:00","level":"INFO","msg":"pipe not available, retrying","component":"api","simulation_id":20,"pipe":"events","path":"\\\\.\\pipe\\afsim_events","error":"CreateFile pipe: All pipe instances are busy.","retry_in":2000000000}
{"time":"2026-06-08T21:03:28.8180935+08:00","level":"INFO","msg":"pipe not available, retrying","component":"api","simulation_id":20,"pipe":"events","path":"\\\\.\\pipe\\afsim_events","error":"CreateFile pipe: All pipe instances are busy.","retry_in":2000000000}
{"time":"2026-06-08T21:03:28.9349224+08:00","level":"INFO","msg":"T = 20.000\r","component":"api","simulation_id":20,"stream":"stdout"}
{"time":"2026-06-08T21:03:30.8191597+08:00","level":"INFO","msg":"pipe not available, retrying","component":"api","simulation_id":20,"pipe":"events","path":"\\\\.\\pipe\\afsim_events","error":"CreateFile pipe: All pipe instances are busy.","retry_in":2000000000}
{"time":"2026-06-08T21:03:32.8210957+08:00","level":"INFO","msg":"pipe not available, retrying","component":"api","simulation_id":20,"pipe":"events","path":"\\\\.\\pipe\\afsim_events","error":"CreateFile pipe: All pipe instances are busy.","retry_in":2000000000}
{"time":"2026-06-08T21:03:34.8218525+08:00","level":"INFO","msg":"pipe not available, retrying","component":"api","simulation_id":20,"pipe":"events","path":"\\\\.\\pipe\\afsim_events","error":"CreateFile pipe: All pipe instances are busy.","retry_in":2000000000}
{"time":"2026-06-08T21:03:35.8554625+08:00","level":"INFO","msg":"T = 15520.000\r","component":"api","simulation_id":16,"stream":"stdout"}
{"time":"2026-06-08T21:03:36.8231165+08:00","level":"INFO","msg":"pipe not available, retrying","component":"api","simulation_id":20,"pipe":"events","path":"\\\\.\\pipe\\afsim_events","error":"CreateFile pipe: All pipe instances are busy.","retry_in":2000000000}
{"time":"2026-06-08T21:03:38.8251174+08:00","level":"INFO","msg":"pipe not available, retrying","component":"api","simulation_id":20,"pipe":"events","path":"\\\\.\\pipe\\afsim_events","error":"CreateFile pipe: All pipe instances are busy.","retry_in":2000000000}
{"time":"2026-06-08T21:03:38.9374528+08:00","level":"INFO","msg":"T = 30.000\r","component":"api","simulation_id":20,"stream":"stdout"}
{"time":"2026-06-08T21:03:40.8255303+08:00","level":"INFO","msg":"pipe not available, retrying","component":"api","simulation_id":20,"pipe":"events","path":"\\\\.\\pipe\\afsim_events","error":"CreateFile pipe: All pipe instances are busy.","retry_in":2000000000}
{"time":"2026-06-08T21:03:41.6670547+08:00","level":"INFO","msg":"terminating mission.exe","component":"api","simulation_id":20}
{"time":"2026-06-08T21:03:41.6830967+08:00","level":"INFO","msg":"mission.exe exited","component":"api","simulation_id":20,"error":"exit status 1"}
2026/06/08 21:03:41 [DESKTOP-2269V6M/0I7zd4hyWa-000280] "POST http://localhost:8080/api/simulations/20/terminate HTTP/1.1" from [::1]:55836 - 200 23B in 16.042ms
{"time":"2026-06-08T21:03:41.6830967+08:00","level":"ERROR","msg":"connector error","component":"api","simulation_id":20,"error":"failed to connect to event pipe: pipe dial cancelled: context canceled"}
{"time":"2026-06-08T21:03:41.6846593+08:00","level":"ERROR","msg":"websocket read error","component":"api","component":"ws-client","error":"websocket: close 1005 (no status)"}
{"time":"2026-06-08T21:03:45.8545709+08:00","level":"INFO","msg":"T = 15530.000\r","component":"api","simulation_id":16,"stream":"stdout"}
{"time":"2026-06-08T21:03:55.8607783+08:00","level":"INFO","msg":"T = 15540.000\r","component":"api","simulation_id":16,"stream":"stdout"}
{"time":"2026-06-08T21:04:05.8577468+08:00","level":"INFO","msg":"T = 15550.000\r","component":"api","simulation_id":16,"stream":"stdout"}
{"time":"2026-06-08T21:04:15.8506799+08:00","level":"INFO","msg":"T = 15560.000\r","component":"api","simulation_id":16,"stream":"stdout"}
{"time":"2026-06-08T21:04:25.8502067+08:00","level":"INFO","msg":"T = 15570.000\r","component":"api","simulation_id":16,"stream":"stdout"}
{"time":"2026-06-08T21:04:35.851078+08:00","level":"INFO","msg":"T = 15580.000\r","component":"api","simulation_id":16,"stream":"stdout"}
{"time":"2026-06-08T21:04:45.8542422+08:00","level":"INFO","msg":"T = 15590.000\r","component":"api","simulation_id":16,"stream":"stdout"}
{"time":"2026-06-08T21:04:55.850668+08:00","level":"INFO","msg":"T = 15600.000\r","component":"api","simulation_id":16,"stream":"stdout"}
{"time":"2026-06-08T21:05:05.8597551+08:00","level":"INFO","msg":"T = 15610.000\r","component":"api","simulation_id":16,"stream":"stdout"}
{"time":"2026-06-08T21:05:15.8527857+08:00","level":"INFO","msg":"T = 15620.000\r","component":"api","simulation_id":16,"stream":"stdout"}
{"time":"2026-06-08T21:05:25.8602842+08:00","level":"INFO","msg":"T = 15630.000\r","component":"api","simulation_id":16,"stream":"stdout"}
{"time":"2026-06-08T21:05:35.8593598+08:00","level":"INFO","msg":"T = 15640.000\r","component":"api","simulation_id":16,"stream":"stdout"}
{"time":"2026-06-08T21:05:45.8616531+08:00","level":"INFO","msg":"T = 15650.000\r","component":"api","simulation_id":16,"stream":"stdout"}
{"time":"2026-06-08T21:05:55.8593921+08:00","level":"INFO","msg":"T = 15660.000\r","component":"api","simulation_id":16,"stream":"stdout"}
{"time":"2026-06-08T21:06:05.8509835+08:00","level":"INFO","msg":"T = 15670.000\r","component":"api","simulation_id":16,"stream":"stdout"}
{"time":"2026-06-08T21:06:15.8606642+08:00","level":"INFO","msg":"T = 15680.000\r","component":"api","simulation_id":16,"stream":"stdout"}
{"time":"2026-06-08T21:06:25.8504889+08:00","level":"INFO","msg":"T = 15690.000\r","component":"api","simulation_id":16,"stream":"stdout"}
{"time":"2026-06-08T21:06:35.8580819+08:00","level":"INFO","msg":"T = 15700.000\r","component":"api","simulation_id":16,"stream":"stdout"}
{"time":"2026-06-08T21:06:45.8510561+08:00","level":"INFO","msg":"T = 15710.000\r","component":"api","simulation_id":16,"stream":"stdout"}
{"time":"2026-06-08T21:06:55.8508769+08:00","level":"INFO","msg":"T = 15720.000\r","component":"api","simulation_id":16,"stream":"stdout"}
{"time":"2026-06-08T21:07:05.8552031+08:00","level":"INFO","msg":"T = 15730.000\r","component":"api","simulation_id":16,"stream":"stdout"}
{"time":"2026-06-08T21:07:15.8567727+08:00","level":"INFO","msg":"T = 15740.000\r","component":"api","simulation_id":16,"stream":"stdout"}
{"time":"2026-06-08T21:07:25.8600096+08:00","level":"INFO","msg":"T = 15750.000\r","component":"api","simulation_id":16,"stream":"stdout"}
{"time":"2026-06-08T21:07:35.8607774+08:00","level":"INFO","msg":"T = 15760.000\r","component":"api","simulation_id":16,"stream":"stdout"}
{"time":"2026-06-08T21:07:45.8502309+08:00","level":"INFO","msg":"T = 15770.000\r","component":"api","simulation_id":16,"stream":"stdout"}
{"time":"2026-06-08T21:07:55.8590778+08:00","level":"INFO","msg":"T = 15780.000\r","component":"api","simulation_id":16,"stream":"stdout"}
{"time":"2026-06-08T21:08:05.8552279+08:00","level":"INFO","msg":"T = 15790.000\r","component":"api","simulation_id":16,"stream":"stdout"}
{"time":"2026-06-08T21:08:15.8504294+08:00","level":"INFO","msg":"T = 15800.000\r","component":"api","simulation_id":16,"stream":"stdout"}
{"time":"2026-06-08T21:08:25.8603523+08:00","level":"INFO","msg":"T = 15810.000\r","component":"api","simulation_id":16,"stream":"stdout"}
{"time":"2026-06-08T21:08:35.8574204+08:00","level":"INFO","msg":"T = 15820.000\r","component":"api","simulation_id":16,"stream":"stdout"}
{"time":"2026-06-08T21:08:45.8602614+08:00","level":"INFO","msg":"T = 15830.000\r","component":"api","simulation_id":16,"stream":"stdout"}
{"time":"2026-06-08T21:08:55.8563698+08:00","level":"INFO","msg":"T = 15840.000\r","component":"api","simulation_id":16,"stream":"stdout"}
{"time":"2026-06-08T21:09:05.8555954+08:00","level":"INFO","msg":"T = 15850.000\r","component":"api","simulation_id":16,"stream":"stdout"}
{"time":"2026-06-08T21:09:15.859235+08:00","level":"INFO","msg":"T = 15860.000\r","component":"api","simulation_id":16,"stream":"stdout"}
{"time":"2026-06-08T21:09:25.8582149+08:00","level":"INFO","msg":"T = 15870.000\r","component":"api","simulation_id":16,"stream":"stdout"}
{"time":"2026-06-08T21:09:35.8588547+08:00","level":"INFO","msg":"T = 15880.000\r","component":"api","simulation_id":16,"stream":"stdout"}
{"time":"2026-06-08T21:09:45.8576962+08:00","level":"INFO","msg":"T = 15890.000\r","component":"api","simulation_id":16,"stream":"stdout"}
{"time":"2026-06-08T21:09:55.8593317+08:00","level":"INFO","msg":"T = 15900.000\r","component":"api","simulation_id":16,"stream":"stdout"}
{"time":"2026-06-08T21:10:05.8600791+08:00","level":"INFO","msg":"T = 15910.000\r","component":"api","simulation_id":16,"stream":"stdout"}
{"time":"2026-06-08T21:10:15.8542473+08:00","level":"INFO","msg":"T = 15920.000\r","component":"api","simulation_id":16,"stream":"stdout"}
{"time":"2026-06-08T21:10:25.8597615+08:00","level":"INFO","msg":"T = 15930.000\r","component":"api","simulation_id":16,"stream":"stdout"}
{"time":"2026-06-08T21:10:35.8521953+08:00","level":"INFO","msg":"T = 15940.000\r","component":"api","simulation_id":16,"stream":"stdout"}
{"time":"2026-06-08T21:10:45.8574447+08:00","level":"INFO","msg":"T = 15950.000\r","component":"api","simulation_id":16,"stream":"stdout"}
{"time":"2026-06-08T21:10:55.8580557+08:00","level":"INFO","msg":"T = 15960.000\r","component":"api","simulation_id":16,"stream":"stdout"}
{"time":"2026-06-08T21:11:05.8588025+08:00","level":"INFO","msg":"T = 15970.000\r","component":"api","simulation_id":16,"stream":"stdout"}
{"time":"2026-06-08T21:11:15.8603153+08:00","level":"INFO","msg":"T = 15980.000\r","component":"api","simulation_id":16,"stream":"stdout"}
{"time":"2026-06-08T21:11:25.8612075+08:00","level":"INFO","msg":"T = 15990.000\r","component":"api","simulation_id":16,"stream":"stdout"}
{"time":"2026-06-08T21:11:35.8547954+08:00","level":"INFO","msg":"T = 16000.000\r","component":"api","simulation_id":16,"stream":"stdout"}
{"time":"2026-06-08T21:11:45.8609891+08:00","level":"INFO","msg":"T = 16010.000\r","component":"api","simulation_id":16,"stream":"stdout"}
{"time":"2026-06-08T21:11:55.850197+08:00","level":"INFO","msg":"T = 16020.000\r","component":"api","simulation_id":16,"stream":"stdout"}
{"time":"2026-06-08T21:12:05.8589681+08:00","level":"INFO","msg":"T = 16030.000\r","component":"api","simulation_id":16,"stream":"stdout"}
{"time":"2026-06-08T21:12:15.8586438+08:00","level":"INFO","msg":"T = 16040.000\r","component":"api","simulation_id":16,"stream":"stdout"}
{"time":"2026-06-08T21:12:25.8506317+08:00","level":"INFO","msg":"T = 16050.000\r","component":"api","simulation_id":16,"stream":"stdout"}
{"time":"2026-06-08T21:12:35.8591629+08:00","level":"INFO","msg":"T = 16060.000\r","component":"api","simulation_id":16,"stream":"stdout"}
{"time":"2026-06-08T21:12:45.8581739+08:00","level":"INFO","msg":"T = 16070.000\r","component":"api","simulation_id":16,"stream":"stdout"}
{"time":"2026-06-08T21:12:55.8585638+08:00","level":"INFO","msg":"T = 16080.000\r","component":"api","simulation_id":16,"stream":"stdout"}
{"time":"2026-06-08T21:13:05.8515692+08:00","level":"INFO","msg":"T = 16090.000\r","component":"api","simulation_id":16,"stream":"stdout"}
{"time":"2026-06-08T21:13:15.8552693+08:00","level":"INFO","msg":"T = 16100.000\r","component":"api","simulation_id":16,"stream":"stdout"}
{"time":"2026-06-08T21:13:25.8600436+08:00","level":"INFO","msg":"T = 16110.000\r","component":"api","simulation_id":16,"stream":"stdout"}
{"time":"2026-06-08T21:13:35.8550987+08:00","level":"INFO","msg":"T = 16120.000\r","component":"api","simulation_id":16,"stream":"stdout"}
{"time":"2026-06-08T21:13:45.8543771+08:00","level":"INFO","msg":"T = 16130.000\r","component":"api","simulation_id":16,"stream":"stdout"}
{"time":"2026-06-08T21:13:55.8596891+08:00","level":"INFO","msg":"T = 16140.000\r","component":"api","simulation_id":16,"stream":"stdout"}
{"time":"2026-06-08T21:14:05.8590578+08:00","level":"INFO","msg":"T = 16150.000\r","component":"api","simulation_id":16,"stream":"stdout"}
{"time":"2026-06-08T21:14:15.8507721+08:00","level":"INFO","msg":"T = 16160.000\r","component":"api","simulation_id":16,"stream":"stdout"}
{"time":"2026-06-08T21:14:25.8567743+08:00","level":"INFO","msg":"T = 16170.000\r","component":"api","simulation_id":16,"stream":"stdout"}
{"time":"2026-06-08T21:14:35.8511835+08:00","level":"INFO","msg":"T = 16180.000\r","component":"api","simulation_id":16,"stream":"stdout"}
{"time":"2026-06-08T21:14:45.856272+08:00","level":"INFO","msg":"T = 16190.000\r","component":"api","simulation_id":16,"stream":"stdout"}
{"time":"2026-06-08T21:14:55.8600761+08:00","level":"INFO","msg":"T = 16200.000\r","component":"api","simulation_id":16,"stream":"stdout"}
{"time":"2026-06-08T21:15:05.8619923+08:00","level":"INFO","msg":"T = 16210.000\r","component":"api","simulation_id":16,"stream":"stdout"}
{"time":"2026-06-08T21:15:15.8602992+08:00","level":"INFO","msg":"T = 16220.000\r","component":"api","simulation_id":16,"stream":"stdout"}
{"time":"2026-06-08T21:15:25.8523659+08:00","level":"INFO","msg":"T = 16230.000\r","component":"api","simulation_id":16,"stream":"stdout"}
{"time":"2026-06-08T21:15:35.8552168+08:00","level":"INFO","msg":"T = 16240.000\r","component":"api","simulation_id":16,"stream":"stdout"}
{"time":"2026-06-08T21:15:45.8535649+08:00","level":"INFO","msg":"T = 16250.000\r","component":"api","simulation_id":16,"stream":"stdout"}
{"time":"2026-06-08T21:15:55.8531248+08:00","level":"INFO","msg":"T = 16260.000\r","component":"api","simulation_id":16,"stream":"stdout"}
{"time":"2026-06-08T21:16:05.8584285+08:00","level":"INFO","msg":"T = 16270.000\r","component":"api","simulation_id":16,"stream":"stdout"}
{"time":"2026-06-08T21:16:15.857055+08:00","level":"INFO","msg":"T = 16280.000\r","component":"api","simulation_id":16,"stream":"stdout"}
{"time":"2026-06-08T21:16:25.8525812+08:00","level":"INFO","msg":"T = 16290.000\r","component":"api","simulation_id":16,"stream":"stdout"}
{"time":"2026-06-08T21:16:35.851192+08:00","level":"INFO","msg":"T = 16300.000\r","component":"api","simulation_id":16,"stream":"stdout"}
{"time":"2026-06-08T21:16:45.8507003+08:00","level":"INFO","msg":"T = 16310.000\r","component":"api","simulation_id":16,"stream":"stdout"}
{"time":"2026-06-08T21:16:55.8504969+08:00","level":"INFO","msg":"T = 16320.000\r","component":"api","simulation_id":16,"stream":"stdout"}
{"time":"2026-06-08T21:17:05.8618784+08:00","level":"INFO","msg":"T = 16330.000\r","component":"api","simulation_id":16,"stream":"stdout"}
{"time":"2026-06-08T21:17:15.8579144+08:00","level":"INFO","msg":"T = 16340.000\r","component":"api","simulation_id":16,"stream":"stdout"}
{"time":"2026-06-08T21:17:25.8524719+08:00","level":"INFO","msg":"T = 16350.000\r","component":"api","simulation_id":16,"stream":"stdout"}
{"time":"2026-06-08T21:17:35.8511504+08:00","level":"INFO","msg":"T = 16360.000\r","component":"api","simulation_id":16,"stream":"stdout"}
{"time":"2026-06-08T21:17:45.8581553+08:00","level":"INFO","msg":"T = 16370.000\r","component":"api","simulation_id":16,"stream":"stdout"}
2026/06/08 21:17:50 [DESKTOP-2269V6M/0I7zd4hyWa-000281] "GET http://localhost:8080/api/scenarios HTTP/1.1" from [::1]:56517 - 200 129B in 554.8µs
2026/06/08 21:17:50 [DESKTOP-2269V6M/0I7zd4hyWa-000282] "GET http://localhost:8080/api/scenarios HTTP/1.1" from [::1]:56518 - 200 129B in 0s
{"time":"2026-06-08T21:17:55.8525967+08:00","level":"INFO","msg":"T = 16380.000\r","component":"api","simulation_id":16,"stream":"stdout"}
{"time":"2026-06-08T21:18:05.8606789+08:00","level":"INFO","msg":"T = 16390.000\r","component":"api","simulation_id":16,"stream":"stdout"}
2026/06/08 21:18:08 [DESKTOP-2269V6M/0I7zd4hyWa-000283] "GET http://localhost:8080/api/scenarios HTTP/1.1" from [::1]:56550 - 200 129B in 0s
2026/06/08 21:18:08 [DESKTOP-2269V6M/0I7zd4hyWa-000284] "GET http://localhost:8080/api/scenarios HTTP/1.1" from [::1]:56552 - 200 129B in 0s
{"time":"2026-06-08T21:18:10.8075367+08:00","level":"INFO","msg":"starting mission.exe","component":"api","simulation_id":21,"path":"e:\\AFsim\\afsimweb-master\\AFSim\\afsim-2.9.0-win64\\bin\\mission.exe","scenario":"scenarios\\test_gateway.scenario","mode":"realtime","args":["-rt","test_gateway.scenario"]}
2026/06/08 21:18:10 [DESKTOP-2269V6M/0I7zd4hyWa-000285] "POST http://localhost:8080/api/simulations HTTP/1.1" from [::1]:56559 - 201 143B in 2.7836ms
{"time":"2026-06-08T21:18:10.8103203+08:00","level":"INFO","msg":"pipe not available, retrying","component":"api","simulation_id":21,"pipe":"events","path":"\\\\.\\pipe\\afsim_events","error":"CreateFile pipe: All pipe instances are busy.","retry_in":2000000000}
{"time":"2026-06-08T21:18:10.8132546+08:00","level":"INFO","msg":"WebSocket connection request","component":"api","simulation_id":"21"}
2026/06/08 21:18:10 [DESKTOP-2269V6M/0I7zd4hyWa-000286] "GET http://localhost:8080/api/simulations/21/ws HTTP/1.1" from [::1]:56560 - 000 0B in 1.0929ms
{"time":"2026-06-08T21:18:10.9303715+08:00","level":"INFO","msg":"mission:\r","component":"api","simulation_id":21,"stream":"stdout"}
{"time":"2026-06-08T21:18:10.9306346+08:00","level":"INFO","msg":"    WSF Version: 2.9.0 02-25-2022\r","component":"api","simulation_id":21,"stream":"stdout"}
{"time":"2026-06-08T21:18:10.9316713+08:00","level":"INFO","msg":"    Built: Feb 25 2022 08:12:40\r","component":"api","simulation_id":21,"stream":"stdout"}
{"time":"2026-06-08T21:18:10.9321876+08:00","level":"INFO","msg":"Plugin API version info:\r","component":"api","simulation_id":21,"stream":"stdout"}
{"time":"2026-06-08T21:18:10.9327053+08:00","level":"INFO","msg":"    Version: 2.9\r","component":"api","simulation_id":21,"stream":"stdout"}
{"time":"2026-06-08T21:18:10.9332222+08:00","level":"INFO","msg":"    Compiler: win_1916_64bit_release-hwe\r","component":"api","simulation_id":21,"stream":"stdout"}
{"time":"2026-06-08T21:18:10.9337703+08:00","level":"INFO","msg":"Plugins Loaded:\r","component":"api","simulation_id":21,"stream":"stdout"}
{"time":"2026-06-08T21:18:10.9342909+08:00","level":"INFO","msg":"    wsf_alternate_locations.dll, wsf_coverage.dll, wsf_iads_c2.dll, wsf_prompt.dll, wsf_scenario_analyzer.dll, wsf_scenario_analyzer_iads_c2.dll, wsf_air_combat.dll, wsf_annotation.dll, wsf_argo8.dll, wsf_brawler.dll, wsf_event_gateway.dll, wsf_fires.dll, wsf_multiresolution.dll, wsf_oms_uci.dll, wsf_p6dof.dll, wsf_six_dof.dll, wsf_sosm.dll\r","component":"api","simulation_id":21,"stream":"stdout"}
{"time":"2026-06-08T21:18:10.9353193+08:00","level":"INFO","msg":"Extensions Included: \r","component":"api","simulation_id":21,"stream":"stdout"}
{"time":"2026-06-08T21:18:10.9358347+08:00","level":"INFO","msg":"    sensor_plot_lib, wsf_cyber, wsf_grammar_check, wsf_l16, wsf_mil, wsf_mil_parser, wsf_mtt, wsf_nx, wsf_parser, wsf_ripr, wsf_space, wsf_weapon_server, wsf_simdis\r","component":"api","simulation_id":21,"stream":"stdout"}
{"time":"2026-06-08T21:18:10.936864+08:00","level":"INFO","msg":"\r","component":"api","simulation_id":21,"stream":"stdout"}
{"time":"2026-06-08T21:18:10.9373762+08:00","level":"INFO","msg":"Loading simulation input.\r","component":"api","simulation_id":21,"stream":"stdout"}
{"time":"2026-06-08T21:18:10.9384049+08:00","level":"INFO","msg":"Loading simulation input complete.\r","component":"api","simulation_id":21,"stream":"stdout"}
{"time":"2026-06-08T21:18:10.9389198+08:00","level":"INFO","msg":"    Elapsed Wall Clock Time: 0.002864\r","component":"api","simulation_id":21,"stream":"stdout"}
{"time":"2026-06-08T21:18:10.9394335+08:00","level":"INFO","msg":"    Elapsed Processor Time : 0\r","component":"api","simulation_id":21,"stream":"stdout"}
{"time":"2026-06-08T21:18:10.9404659+08:00","level":"INFO","msg":"Initializing simulation.\r","component":"api","simulation_id":21,"stream":"stdout"}
{"time":"2026-06-08T21:18:10.9409816+08:00","level":"INFO","msg":"***** ERROR: wsf_event_gateway: Failed to create pipe \\\\.\\pipe\\afsim_events (error 231)\r","component":"api","simulation_id":21,"stream":"stdout"}
{"time":"2026-06-08T21:18:10.9420102+08:00","level":"INFO","msg":"***** ERROR: wsf_event_gateway: failed to open event pipe, plugin disabled\r","component":"api","simulation_id":21,"stream":"stdout"}
{"time":"2026-06-08T21:18:10.9425232+08:00","level":"INFO","msg":"Initializing simulation complete.\r","component":"api","simulation_id":21,"stream":"stdout"}
{"time":"2026-06-08T21:18:10.9435473+08:00","level":"INFO","msg":"    Elapsed Wall Clock Time: 0.0059648\r","component":"api","simulation_id":21,"stream":"stdout"}
{"time":"2026-06-08T21:18:10.9440595+08:00","level":"INFO","msg":"    Elapsed Processor Time : 0\r","component":"api","simulation_id":21,"stream":"stdout"}
{"time":"2026-06-08T21:18:10.9445713+08:00","level":"INFO","msg":"Starting simulation.\r","component":"api","simulation_id":21,"stream":"stdout"}
{"time":"2026-06-08T21:18:10.9455952+08:00","level":"INFO","msg":"T = 0\r","component":"api","simulation_id":21,"stream":"stdout"}
{"time":"2026-06-08T21:18:12.8121022+08:00","level":"INFO","msg":"pipe not available, retrying","component":"api","simulation_id":21,"pipe":"events","path":"\\\\.\\pipe\\afsim_events","error":"CreateFile pipe: All pipe instances are busy.","retry_in":2000000000}
{"time":"2026-06-08T21:18:14.8136912+08:00","level":"INFO","msg":"pipe not available, retrying","component":"api","simulation_id":21,"pipe":"events","path":"\\\\.\\pipe\\afsim_events","error":"CreateFile pipe: All pipe instances are busy.","retry_in":2000000000}
{"time":"2026-06-08T21:18:15.8585778+08:00","level":"INFO","msg":"T = 16400.000\r","component":"api","simulation_id":16,"stream":"stdout"}
{"time":"2026-06-08T21:18:16.8150594+08:00","level":"INFO","msg":"pipe not available, retrying","component":"api","simulation_id":21,"pipe":"events","path":"\\\\.\\pipe\\afsim_events","error":"CreateFile pipe: All pipe instances are busy.","retry_in":2000000000}
{"time":"2026-06-08T21:18:18.8171663+08:00","level":"INFO","msg":"pipe not available, retrying","component":"api","simulation_id":21,"pipe":"events","path":"\\\\.\\pipe\\afsim_events","error":"CreateFile pipe: All pipe instances are busy.","retry_in":2000000000}
{"time":"2026-06-08T21:18:20.8192206+08:00","level":"INFO","msg":"pipe not available, retrying","component":"api","simulation_id":21,"pipe":"events","path":"\\\\.\\pipe\\afsim_events","error":"CreateFile pipe: All pipe instances are busy.","retry_in":2000000000}
{"time":"2026-06-08T21:18:20.9398214+08:00","level":"INFO","msg":"T = 10.000\r","component":"api","simulation_id":21,"stream":"stdout"}
{"time":"2026-06-08T21:18:22.8203266+08:00","level":"INFO","msg":"pipe not available, retrying","component":"api","simulation_id":21,"pipe":"events","path":"\\\\.\\pipe\\afsim_events","error":"CreateFile pipe: All pipe instances are busy.","retry_in":2000000000}
{"time":"2026-06-08T21:18:24.822199+08:00","level":"INFO","msg":"pipe not available, retrying","component":"api","simulation_id":21,"pipe":"events","path":"\\\\.\\pipe\\afsim_events","error":"CreateFile pipe: All pipe instances are busy.","retry_in":2000000000}
{"time":"2026-06-08T21:18:25.8576635+08:00","level":"INFO","msg":"T = 16410.000\r","component":"api","simulation_id":16,"stream":"stdout"}
{"time":"2026-06-08T21:18:26.8235361+08:00","level":"INFO","msg":"pipe not available, retrying","component":"api","simulation_id":21,"pipe":"events","path":"\\\\.\\pipe\\afsim_events","error":"CreateFile pipe: All pipe instances are busy.","retry_in":2000000000}
{"time":"2026-06-08T21:18:28.8249467+08:00","level":"INFO","msg":"pipe not available, retrying","component":"api","simulation_id":21,"pipe":"events","path":"\\\\.\\pipe\\afsim_events","error":"CreateFile pipe: All pipe instances are busy.","retry_in":2000000000}
{"time":"2026-06-08T21:18:30.8270283+08:00","level":"INFO","msg":"pipe not available, retrying","component":"api","simulation_id":21,"pipe":"events","path":"\\\\.\\pipe\\afsim_events","error":"CreateFile pipe: All pipe instances are busy.","retry_in":2000000000}
{"time":"2026-06-08T21:18:30.9431456+08:00","level":"INFO","msg":"T = 20.000\r","component":"api","simulation_id":21,"stream":"stdout"}
{"time":"2026-06-08T21:18:31.5101946+08:00","level":"INFO","msg":"terminating mission.exe","component":"api","simulation_id":21}
{"time":"2026-06-08T21:18:31.526124+08:00","level":"INFO","msg":"mission.exe exited","component":"api","simulation_id":21,"error":"exit status 1"}
{"time":"2026-06-08T21:18:31.526124+08:00","level":"ERROR","msg":"connector error","component":"api","simulation_id":21,"error":"failed to connect to event pipe: pipe dial cancelled: context canceled"}
2026/06/08 21:18:31 [DESKTOP-2269V6M/0I7zd4hyWa-000287] "POST http://localhost:8080/api/simulations/21/terminate HTTP/1.1" from [::1]:56602 - 200 23B in 15.9294ms
{"time":"2026-06-08T21:18:31.5286037+08:00","level":"ERROR","msg":"websocket read error","component":"api","component":"ws-client","error":"websocket: close 1005 (no status)"}
{"time":"2026-06-08T21:18:35.859832+08:00","level":"INFO","msg":"T = 16420.000\r","component":"api","simulation_id":16,"stream":"stdout"}
{"time":"2026-06-08T21:18:45.8598079+08:00","level":"INFO","msg":"T = 16430.000\r","component":"api","simulation_id":16,"stream":"stdout"}
{"time":"2026-06-08T21:18:55.8528248+08:00","level":"INFO","msg":"T = 16440.000\r","component":"api","simulation_id":16,"stream":"stdout"}
{"time":"2026-06-08T21:19:05.8583309+08:00","level":"INFO","msg":"T = 16450.000\r","component":"api","simulation_id":16,"stream":"stdout"}
{"time":"2026-06-08T21:19:15.85026+08:00","level":"INFO","msg":"T = 16460.000\r","component":"api","simulation_id":16,"stream":"stdout"}
{"time":"2026-06-08T21:19:25.8527892+08:00","level":"INFO","msg":"T = 16470.000\r","component":"api","simulation_id":16,"stream":"stdout"}
{"time":"2026-06-08T21:19:35.8532265+08:00","level":"INFO","msg":"T = 16480.000\r","component":"api","simulation_id":16,"stream":"stdout"}
{"time":"2026-06-08T21:19:45.8557325+08:00","level":"INFO","msg":"T = 16490.000\r","component":"api","simulation_id":16,"stream":"stdout"}
{"time":"2026-06-08T21:19:55.8596064+08:00","level":"INFO","msg":"T = 16500.000\r","component":"api","simulation_id":16,"stream":"stdout"}
{"time":"2026-06-08T21:20:05.8565295+08:00","level":"INFO","msg":"T = 16510.000\r","component":"api","simulation_id":16,"stream":"stdout"}
{"time":"2026-06-08T21:20:15.8582877+08:00","level":"INFO","msg":"T = 16520.000\r","component":"api","simulation_id":16,"stream":"stdout"}
{"time":"2026-06-08T21:20:25.8512283+08:00","level":"INFO","msg":"T = 16530.000\r","component":"api","simulation_id":16,"stream":"stdout"}
{"time":"2026-06-08T21:20:35.853638+08:00","level":"INFO","msg":"T = 16540.000\r","component":"api","simulation_id":16,"stream":"stdout"}
{"time":"2026-06-08T21:20:45.8508352+08:00","level":"INFO","msg":"T = 16550.000\r","component":"api","simulation_id":16,"stream":"stdout"}
{"time":"2026-06-08T21:20:55.8584312+08:00","level":"INFO","msg":"T = 16560.000\r","component":"api","simulation_id":16,"stream":"stdout"}
{"time":"2026-06-08T21:21:05.8616899+08:00","level":"INFO","msg":"T = 16570.000\r","component":"api","simulation_id":16,"stream":"stdout"}
{"time":"2026-06-08T21:21:15.8578609+08:00","level":"INFO","msg":"T = 16580.000\r","component":"api","simulation_id":16,"stream":"stdout"}
{"time":"2026-06-08T21:21:25.8554865+08:00","level":"INFO","msg":"T = 16590.000\r","component":"api","simulation_id":16,"stream":"stdout"}
{"time":"2026-06-08T21:21:35.8511744+08:00","level":"INFO","msg":"T = 16600.000\r","component":"api","simulation_id":16,"stream":"stdout"}
{"time":"2026-06-08T21:21:45.8587061+08:00","level":"INFO","msg":"T = 16610.000\r","component":"api","simulation_id":16,"stream":"stdout"}
{"time":"2026-06-08T21:21:55.8596264+08:00","level":"INFO","msg":"T = 16620.000\r","component":"api","simulation_id":16,"stream":"stdout"}
{"time":"2026-06-08T21:22:05.8596764+08:00","level":"INFO","msg":"T = 16630.000\r","component":"api","simulation_id":16,"stream":"stdout"}
{"time":"2026-06-08T21:22:15.8578684+08:00","level":"INFO","msg":"T = 16640.000\r","component":"api","simulation_id":16,"stream":"stdout"}
{"time":"2026-06-08T21:22:25.8502244+08:00","level":"INFO","msg":"T = 16650.000\r","component":"api","simulation_id":16,"stream":"stdout"}
{"time":"2026-06-08T21:22:35.8549316+08:00","level":"INFO","msg":"T = 16660.000\r","component":"api","simulation_id":16,"stream":"stdout"}
{"time":"2026-06-08T21:22:45.8517821+08:00","level":"INFO","msg":"T = 16670.000\r","component":"api","simulation_id":16,"stream":"stdout"}
{"time":"2026-06-08T21:22:55.8583516+08:00","level":"INFO","msg":"T = 16680.000\r","component":"api","simulation_id":16,"stream":"stdout"}
{"time":"2026-06-08T21:23:05.8562116+08:00","level":"INFO","msg":"T = 16690.000\r","component":"api","simulation_id":16,"stream":"stdout"}
{"time":"2026-06-08T21:23:15.8559457+08:00","level":"INFO","msg":"T = 16700.000\r","component":"api","simulation_id":16,"stream":"stdout"}
{"time":"2026-06-08T21:23:25.8575938+08:00","level":"INFO","msg":"T = 16710.000\r","component":"api","simulation_id":16,"stream":"stdout"}
{"time":"2026-06-08T21:23:35.8595448+08:00","level":"INFO","msg":"T = 16720.000\r","component":"api","simulation_id":16,"stream":"stdout"}
{"time":"2026-06-08T21:23:45.86066+08:00","level":"INFO","msg":"T = 16730.000\r","component":"api","simulation_id":16,"stream":"stdout"}
{"time":"2026-06-08T21:23:55.8511026+08:00","level":"INFO","msg":"T = 16740.000\r","component":"api","simulation_id":16,"stream":"stdout"}
{"time":"2026-06-08T21:24:05.8546515+08:00","level":"INFO","msg":"T = 16750.000\r","component":"api","simulation_id":16,"stream":"stdout"}
{"time":"2026-06-08T21:24:15.8605499+08:00","level":"INFO","msg":"T = 16760.000\r","component":"api","simulation_id":16,"stream":"stdout"}
{"time":"2026-06-08T21:24:25.8504912+08:00","level":"INFO","msg":"T = 16770.000\r","component":"api","simulation_id":16,"stream":"stdout"}
{"time":"2026-06-08T21:24:35.8544742+08:00","level":"INFO","msg":"T = 16780.000\r","component":"api","simulation_id":16,"stream":"stdout"}
{"time":"2026-06-08T21:24:45.8582009+08:00","level":"INFO","msg":"T = 16790.000\r","component":"api","simulation_id":16,"stream":"stdout"}
{"time":"2026-06-08T21:24:55.8578735+08:00","level":"INFO","msg":"T = 16800.000\r","component":"api","simulation_id":16,"stream":"stdout"}
{"time":"2026-06-08T21:25:05.8584639+08:00","level":"INFO","msg":"T = 16810.000\r","component":"api","simulation_id":16,"stream":"stdout"}
{"time":"2026-06-08T21:25:15.8523743+08:00","level":"INFO","msg":"T = 16820.000\r","component":"api","simulation_id":16,"stream":"stdout"}
{"time":"2026-06-08T21:25:25.850852+08:00","level":"INFO","msg":"T = 16830.000\r","component":"api","simulation_id":16,"stream":"stdout"}
{"time":"2026-06-08T21:25:35.8526916+08:00","level":"INFO","msg":"T = 16840.000\r","component":"api","simulation_id":16,"stream":"stdout"}
{"time":"2026-06-08T21:25:45.8596395+08:00","level":"INFO","msg":"T = 16850.000\r","component":"api","simulation_id":16,"stream":"stdout"}
{"time":"2026-06-08T21:25:55.8569196+08:00","level":"INFO","msg":"T = 16860.000\r","component":"api","simulation_id":16,"stream":"stdout"}
{"time":"2026-06-08T21:26:05.8511945+08:00","level":"INFO","msg":"T = 16870.000\r","component":"api","simulation_id":16,"stream":"stdout"}
{"time":"2026-06-08T21:26:15.8506651+08:00","level":"INFO","msg":"T = 16880.000\r","component":"api","simulation_id":16,"stream":"stdout"}
{"time":"2026-06-08T21:26:25.8502718+08:00","level":"INFO","msg":"T = 16890.000\r","component":"api","simulation_id":16,"stream":"stdout"}
{"time":"2026-06-08T21:26:35.8556366+08:00","level":"INFO","msg":"T = 16900.000\r","component":"api","simulation_id":16,"stream":"stdout"}
{"time":"2026-06-08T21:26:45.8583352+08:00","level":"INFO","msg":"T = 16910.000\r","component":"api","simulation_id":16,"stream":"stdout"}
{"time":"2026-06-08T21:26:55.8528527+08:00","level":"INFO","msg":"T = 16920.000\r","component":"api","simulation_id":16,"stream":"stdout"}
{"time":"2026-06-08T21:27:05.8602514+08:00","level":"INFO","msg":"T = 16930.000\r","component":"api","simulation_id":16,"stream":"stdout"}
{"time":"2026-06-08T21:27:15.8602453+08:00","level":"INFO","msg":"T = 16940.000\r","component":"api","simulation_id":16,"stream":"stdout"}
{"time":"2026-06-08T21:27:25.8511878+08:00","level":"INFO","msg":"T = 16950.000\r","component":"api","simulation_id":16,"stream":"stdout"}
{"time":"2026-06-08T21:27:35.850296+08:00","level":"INFO","msg":"T = 16960.000\r","component":"api","simulation_id":16,"stream":"stdout"}
{"time":"2026-06-08T21:27:45.8560023+08:00","level":"INFO","msg":"T = 16970.000\r","component":"api","simulation_id":16,"stream":"stdout"}
{"time":"2026-06-08T21:27:55.857837+08:00","level":"INFO","msg":"T = 16980.000\r","component":"api","simulation_id":16,"stream":"stdout"}
{"time":"2026-06-08T21:28:05.8607157+08:00","level":"INFO","msg":"T = 16990.000\r","component":"api","simulation_id":16,"stream":"stdout"}
{"time":"2026-06-08T21:28:15.8531078+08:00","level":"INFO","msg":"T = 17000.000\r","component":"api","simulation_id":16,"stream":"stdout"}
{"time":"2026-06-08T21:28:25.8564114+08:00","level":"INFO","msg":"T = 17010.000\r","component":"api","simulation_id":16,"stream":"stdout"}
{"time":"2026-06-08T21:28:35.8576402+08:00","level":"INFO","msg":"T = 17020.000\r","component":"api","simulation_id":16,"stream":"stdout"}
{"time":"2026-06-08T21:28:45.8582245+08:00","level":"INFO","msg":"T = 17030.000\r","component":"api","simulation_id":16,"stream":"stdout"}
{"time":"2026-06-08T21:28:55.8509684+08:00","level":"INFO","msg":"T = 17040.000\r","component":"api","simulation_id":16,"stream":"stdout"}
{"time":"2026-06-08T21:29:05.859144+08:00","level":"INFO","msg":"T = 17050.000\r","component":"api","simulation_id":16,"stream":"stdout"}
{"time":"2026-06-08T21:29:15.8510431+08:00","level":"INFO","msg":"T = 17060.000\r","component":"api","simulation_id":16,"stream":"stdout"}
{"time":"2026-06-08T21:29:25.8530436+08:00","level":"INFO","msg":"T = 17070.000\r","component":"api","simulation_id":16,"stream":"stdout"}
{"time":"2026-06-08T21:29:35.850727+08:00","level":"INFO","msg":"T = 17080.000\r","component":"api","simulation_id":16,"stream":"stdout"}
{"time":"2026-06-08T21:29:45.8513702+08:00","level":"INFO","msg":"T = 17090.000\r","component":"api","simulation_id":16,"stream":"stdout"}
{"time":"2026-06-08T21:29:55.8557285+08:00","level":"INFO","msg":"T = 17100.000\r","component":"api","simulation_id":16,"stream":"stdout"}
{"time":"2026-06-08T21:30:05.8583887+08:00","level":"INFO","msg":"T = 17110.000\r","component":"api","simulation_id":16,"stream":"stdout"}
{"time":"2026-06-08T21:30:15.860176+08:00","level":"INFO","msg":"T = 17120.000\r","component":"api","simulation_id":16,"stream":"stdout"}
{"time":"2026-06-08T21:30:25.8503549+08:00","level":"INFO","msg":"T = 17130.000\r","component":"api","simulation_id":16,"stream":"stdout"}
{"time":"2026-06-08T21:30:35.8602495+08:00","level":"INFO","msg":"T = 17140.000\r","component":"api","simulation_id":16,"stream":"stdout"}
{"time":"2026-06-08T21:30:45.8584631+08:00","level":"INFO","msg":"T = 17150.000\r","component":"api","simulation_id":16,"stream":"stdout"}
{"time":"2026-06-08T21:30:55.8573472+08:00","level":"INFO","msg":"T = 17160.000\r","component":"api","simulation_id":16,"stream":"stdout"}
{"time":"2026-06-08T21:31:05.859546+08:00","level":"INFO","msg":"T = 17170.000\r","component":"api","simulation_id":16,"stream":"stdout"}
{"time":"2026-06-08T21:31:15.8597544+08:00","level":"INFO","msg":"T = 17180.000\r","component":"api","simulation_id":16,"stream":"stdout"}
{"time":"2026-06-08T21:31:25.8568756+08:00","level":"INFO","msg":"T = 17190.000\r","component":"api","simulation_id":16,"stream":"stdout"}
{"time":"2026-06-08T21:31:35.861709+08:00","level":"INFO","msg":"T = 17200.000\r","component":"api","simulation_id":16,"stream":"stdout"}
{"time":"2026-06-08T21:31:45.8508221+08:00","level":"INFO","msg":"T = 17210.000\r","component":"api","simulation_id":16,"stream":"stdout"}
{"time":"2026-06-08T21:31:55.85706+08:00","level":"INFO","msg":"T = 17220.000\r","component":"api","simulation_id":16,"stream":"stdout"}
{"time":"2026-06-08T21:32:05.854632+08:00","level":"INFO","msg":"T = 17230.000\r","component":"api","simulation_id":16,"stream":"stdout"}
{"time":"2026-06-08T21:32:15.853055+08:00","level":"INFO","msg":"T = 17240.000\r","component":"api","simulation_id":16,"stream":"stdout"}
{"time":"2026-06-08T21:32:25.8557982+08:00","level":"INFO","msg":"T = 17250.000\r","component":"api","simulation_id":16,"stream":"stdout"}
{"time":"2026-06-08T21:32:35.8573189+08:00","level":"INFO","msg":"T = 17260.000\r","component":"api","simulation_id":16,"stream":"stdout"}
{"time":"2026-06-08T21:32:45.8604661+08:00","level":"INFO","msg":"T = 17270.000\r","component":"api","simulation_id":16,"stream":"stdout"}
{"time":"2026-06-08T21:32:55.8610438+08:00","level":"INFO","msg":"T = 17280.000\r","component":"api","simulation_id":16,"stream":"stdout"}
{"time":"2026-06-08T21:33:05.8605736+08:00","level":"INFO","msg":"T = 17290.000\r","component":"api","simulation_id":16,"stream":"stdout"}
{"time":"2026-06-08T21:33:15.861124+08:00","level":"INFO","msg":"T = 17300.000\r","component":"api","simulation_id":16,"stream":"stdout"}
{"time":"2026-06-08T21:33:25.8606478+08:00","level":"INFO","msg":"T = 17310.000\r","component":"api","simulation_id":16,"stream":"stdout"}
{"time":"2026-06-08T21:33:35.8562267+08:00","level":"INFO","msg":"T = 17320.000\r","component":"api","simulation_id":16,"stream":"stdout"}
{"time":"2026-06-08T21:33:45.8505672+08:00","level":"INFO","msg":"T = 17330.000\r","component":"api","simulation_id":16,"stream":"stdout"}
{"time":"2026-06-08T21:33:55.85949+08:00","level":"INFO","msg":"T = 17340.000\r","component":"api","simulation_id":16,"stream":"stdout"}
{"time":"2026-06-08T21:34:05.8545407+08:00","level":"INFO","msg":"T = 17350.000\r","component":"api","simulation_id":16,"stream":"stdout"}
{"time":"2026-06-08T21:34:15.8502993+08:00","level":"INFO","msg":"T = 17360.000\r","component":"api","simulation_id":16,"stream":"stdout"}
{"time":"2026-06-08T21:34:25.8508731+08:00","level":"INFO","msg":"T = 17370.000\r","component":"api","simulation_id":16,"stream":"stdout"}
{"time":"2026-06-08T21:34:35.8511877+08:00","level":"INFO","msg":"T = 17380.000\r","component":"api","simulation_id":16,"stream":"stdout"}
{"time":"2026-06-08T21:34:45.8585454+08:00","level":"INFO","msg":"T = 17390.000\r","component":"api","simulation_id":16,"stream":"stdout"}
{"time":"2026-06-08T21:34:55.8522004+08:00","level":"INFO","msg":"T = 17400.000\r","component":"api","simulation_id":16,"stream":"stdout"}
{"time":"2026-06-08T21:35:05.8556304+08:00","level":"INFO","msg":"T = 17410.000\r","component":"api","simulation_id":16,"stream":"stdout"}
{"time":"2026-06-08T21:35:15.8598077+08:00","level":"INFO","msg":"T = 17420.000\r","component":"api","simulation_id":16,"stream":"stdout"}
{"time":"2026-06-08T21:35:25.8591238+08:00","level":"INFO","msg":"T = 17430.000\r","component":"api","simulation_id":16,"stream":"stdout"}
{"time":"2026-06-08T21:35:35.8548569+08:00","level":"INFO","msg":"T = 17440.000\r","component":"api","simulation_id":16,"stream":"stdout"}
{"time":"2026-06-08T21:35:45.8596485+08:00","level":"INFO","msg":"T = 17450.000\r","component":"api","simulation_id":16,"stream":"stdout"}
{"time":"2026-06-08T21:35:55.8540257+08:00","level":"INFO","msg":"T = 17460.000\r","component":"api","simulation_id":16,"stream":"stdout"}
{"time":"2026-06-08T21:36:05.86016+08:00","level":"INFO","msg":"T = 17470.000\r","component":"api","simulation_id":16,"stream":"stdout"}
{"time":"2026-06-08T21:36:15.8589122+08:00","level":"INFO","msg":"T = 17480.000\r","component":"api","simulation_id":16,"stream":"stdout"}
{"time":"2026-06-08T21:36:25.8576257+08:00","level":"INFO","msg":"T = 17490.000\r","component":"api","simulation_id":16,"stream":"stdout"}
{"time":"2026-06-08T21:36:35.8511993+08:00","level":"INFO","msg":"T = 17500.000\r","component":"api","simulation_id":16,"stream":"stdout"}
{"time":"2026-06-08T21:36:45.8504191+08:00","level":"INFO","msg":"T = 17510.000\r","component":"api","simulation_id":16,"stream":"stdout"}
{"time":"2026-06-08T21:36:55.850629+08:00","level":"INFO","msg":"T = 17520.000\r","component":"api","simulation_id":16,"stream":"stdout"}
{"time":"2026-06-08T21:37:05.8587151+08:00","level":"INFO","msg":"T = 17530.000\r","component":"api","simulation_id":16,"stream":"stdout"}
{"time":"2026-06-08T21:37:15.851227+08:00","level":"INFO","msg":"T = 17540.000\r","component":"api","simulation_id":16,"stream":"stdout"}
{"time":"2026-06-08T21:37:25.8528026+08:00","level":"INFO","msg":"T = 17550.000\r","component":"api","simulation_id":16,"stream":"stdout"}
{"time":"2026-06-08T21:37:35.8594319+08:00","level":"INFO","msg":"T = 17560.000\r","component":"api","simulation_id":16,"stream":"stdout"}
{"time":"2026-06-08T21:37:45.8505517+08:00","level":"INFO","msg":"T = 17570.000\r","component":"api","simulation_id":16,"stream":"stdout"}
{"time":"2026-06-08T21:37:55.8508442+08:00","level":"INFO","msg":"T = 17580.000\r","component":"api","simulation_id":16,"stream":"stdout"}
{"time":"2026-06-08T21:38:05.8565198+08:00","level":"INFO","msg":"T = 17590.000\r","component":"api","simulation_id":16,"stream":"stdout"}
{"time":"2026-06-08T21:38:15.8607531+08:00","level":"INFO","msg":"T = 17600.000\r","component":"api","simulation_id":16,"stream":"stdout"}
{"time":"2026-06-08T21:38:25.8553822+08:00","level":"INFO","msg":"T = 17610.000\r","component":"api","simulation_id":16,"stream":"stdout"}
{"time":"2026-06-08T21:38:35.8511892+08:00","level":"INFO","msg":"T = 17620.000\r","component":"api","simulation_id":16,"stream":"stdout"}
{"time":"2026-06-08T21:38:45.8545567+08:00","level":"INFO","msg":"T = 17630.000\r","component":"api","simulation_id":16,"stream":"stdout"}
{"time":"2026-06-08T21:38:55.8593369+08:00","level":"INFO","msg":"T = 17640.000\r","component":"api","simulation_id":16,"stream":"stdout"}
{"time":"2026-06-08T21:39:05.8518221+08:00","level":"INFO","msg":"T = 17650.000\r","component":"api","simulation_id":16,"stream":"stdout"}
{"time":"2026-06-08T21:39:15.8582009+08:00","level":"INFO","msg":"T = 17660.000\r","component":"api","simulation_id":16,"stream":"stdout"}
{"time":"2026-06-08T21:39:25.8509705+08:00","level":"INFO","msg":"T = 17670.000\r","component":"api","simulation_id":16,"stream":"stdout"}
{"time":"2026-06-08T21:39:35.8562348+08:00","level":"INFO","msg":"T = 17680.000\r","component":"api","simulation_id":16,"stream":"stdout"}
{"time":"2026-06-08T21:39:45.8602477+08:00","level":"INFO","msg":"T = 17690.000\r","component":"api","simulation_id":16,"stream":"stdout"}
{"time":"2026-06-08T21:39:55.8598886+08:00","level":"INFO","msg":"T = 17700.000\r","component":"api","simulation_id":16,"stream":"stdout"}
{"time":"2026-06-08T21:40:05.8522069+08:00","level":"INFO","msg":"T = 17710.000\r","component":"api","simulation_id":16,"stream":"stdout"}
{"time":"2026-06-08T21:40:15.8514892+08:00","level":"INFO","msg":"T = 17720.000\r","component":"api","simulation_id":16,"stream":"stdout"}
{"time":"2026-06-08T21:40:25.8578612+08:00","level":"INFO","msg":"T = 17730.000\r","component":"api","simulation_id":16,"stream":"stdout"}
{"time":"2026-06-08T21:40:35.8512124+08:00","level":"INFO","msg":"T = 17740.000\r","component":"api","simulation_id":16,"stream":"stdout"}
{"time":"2026-06-08T21:40:45.8603783+08:00","level":"INFO","msg":"T = 17750.000\r","component":"api","simulation_id":16,"stream":"stdout"}
{"time":"2026-06-08T21:40:55.8512112+08:00","level":"INFO","msg":"T = 17760.000\r","component":"api","simulation_id":16,"stream":"stdout"}
{"time":"2026-06-08T21:41:05.8594259+08:00","level":"INFO","msg":"T = 17770.000\r","component":"api","simulation_id":16,"stream":"stdout"}
{"time":"2026-06-08T21:41:15.8536283+08:00","level":"INFO","msg":"T = 17780.000\r","component":"api","simulation_id":16,"stream":"stdout"}
{"time":"2026-06-08T21:41:25.8505605+08:00","level":"INFO","msg":"T = 17790.000\r","component":"api","simulation_id":16,"stream":"stdout"}
{"time":"2026-06-08T21:41:35.8576105+08:00","level":"INFO","msg":"T = 17800.000\r","component":"api","simulation_id":16,"stream":"stdout"}
{"time":"2026-06-08T21:41:45.8509134+08:00","level":"INFO","msg":"T = 17810.000\r","component":"api","simulation_id":16,"stream":"stdout"}
{"time":"2026-06-08T21:41:55.8579149+08:00","level":"INFO","msg":"T = 17820.000\r","component":"api","simulation_id":16,"stream":"stdout"}
{"time":"2026-06-08T21:42:05.859653+08:00","level":"INFO","msg":"T = 17830.000\r","component":"api","simulation_id":16,"stream":"stdout"}
{"time":"2026-06-08T21:42:15.8609245+08:00","level":"INFO","msg":"T = 17840.000\r","component":"api","simulation_id":16,"stream":"stdout"}
{"time":"2026-06-08T21:42:25.8551693+08:00","level":"INFO","msg":"T = 17850.000\r","component":"api","simulation_id":16,"stream":"stdout"}
{"time":"2026-06-08T21:42:35.8512431+08:00","level":"INFO","msg":"T = 17860.000\r","component":"api","simulation_id":16,"stream":"stdout"}
{"time":"2026-06-08T21:42:45.8597034+08:00","level":"INFO","msg":"T = 17870.000\r","component":"api","simulation_id":16,"stream":"stdout"}
{"time":"2026-06-08T21:42:55.8518419+08:00","level":"INFO","msg":"T = 17880.000\r","component":"api","simulation_id":16,"stream":"stdout"}
{"time":"2026-06-08T21:43:05.8570224+08:00","level":"INFO","msg":"T = 17890.000\r","component":"api","simulation_id":16,"stream":"stdout"}
{"time":"2026-06-08T21:43:15.8503149+08:00","level":"INFO","msg":"T = 17900.000\r","component":"api","simulation_id":16,"stream":"stdout"}
{"time":"2026-06-08T21:43:25.85861+08:00","level":"INFO","msg":"T = 17910.000\r","component":"api","simulation_id":16,"stream":"stdout"}
{"time":"2026-06-08T21:43:35.8617634+08:00","level":"INFO","msg":"T = 17920.000\r","component":"api","simulation_id":16,"stream":"stdout"}
{"time":"2026-06-08T21:43:45.8512629+08:00","level":"INFO","msg":"T = 17930.000\r","component":"api","simulation_id":16,"stream":"stdout"}
{"time":"2026-06-08T21:43:55.8516292+08:00","level":"INFO","msg":"T = 17940.000\r","component":"api","simulation_id":16,"stream":"stdout"}
{"time":"2026-06-08T21:44:05.851928+08:00","level":"INFO","msg":"T = 17950.000\r","component":"api","simulation_id":16,"stream":"stdout"}
{"time":"2026-06-08T21:44:15.8545472+08:00","level":"INFO","msg":"T = 17960.000\r","component":"api","simulation_id":16,"stream":"stdout"}
{"time":"2026-06-08T21:44:25.8596358+08:00","level":"INFO","msg":"T = 17970.000\r","component":"api","simulation_id":16,"stream":"stdout"}
{"time":"2026-06-08T21:44:35.8566837+08:00","level":"INFO","msg":"T = 17980.000\r","component":"api","simulation_id":16,"stream":"stdout"}
{"time":"2026-06-08T21:44:45.8532036+08:00","level":"INFO","msg":"T = 17990.000\r","component":"api","simulation_id":16,"stream":"stdout"}
{"time":"2026-06-08T21:44:55.8600141+08:00","level":"INFO","msg":"T = 18000.000\r","component":"api","simulation_id":16,"stream":"stdout"}
{"time":"2026-06-08T21:45:05.8509918+08:00","level":"INFO","msg":"T = 18010.000\r","component":"api","simulation_id":16,"stream":"stdout"}
{"time":"2026-06-08T21:45:15.8548836+08:00","level":"INFO","msg":"T = 18020.000\r","component":"api","simulation_id":16,"stream":"stdout"}
{"time":"2026-06-08T21:45:25.8526803+08:00","level":"INFO","msg":"T = 18030.000\r","component":"api","simulation_id":16,"stream":"stdout"}
{"time":"2026-06-08T21:45:35.8507219+08:00","level":"INFO","msg":"T = 18040.000\r","component":"api","simulation_id":16,"stream":"stdout"}
{"time":"2026-06-08T21:45:45.8562688+08:00","level":"INFO","msg":"T = 18050.000\r","component":"api","simulation_id":16,"stream":"stdout"}
{"time":"2026-06-08T21:45:55.8516947+08:00","level":"INFO","msg":"T = 18060.000\r","component":"api","simulation_id":16,"stream":"stdout"}
{"time":"2026-06-08T21:46:05.8572405+08:00","level":"INFO","msg":"T = 18070.000\r","component":"api","simulation_id":16,"stream":"stdout"}
{"time":"2026-06-08T21:46:15.8588881+08:00","level":"INFO","msg":"T = 18080.000\r","component":"api","simulation_id":16,"stream":"stdout"}
{"time":"2026-06-08T21:46:25.8509256+08:00","level":"INFO","msg":"T = 18090.000\r","component":"api","simulation_id":16,"stream":"stdout"}
{"time":"2026-06-08T21:46:35.8607871+08:00","level":"INFO","msg":"T = 18100.000\r","component":"api","simulation_id":16,"stream":"stdout"}
{"time":"2026-06-08T21:46:45.8518119+08:00","level":"INFO","msg":"T = 18110.000\r","component":"api","simulation_id":16,"stream":"stdout"}
{"time":"2026-06-08T21:46:55.8558275+08:00","level":"INFO","msg":"T = 18120.000\r","component":"api","simulation_id":16,"stream":"stdout"}
{"time":"2026-06-08T21:47:05.8502152+08:00","level":"INFO","msg":"T = 18130.000\r","component":"api","simulation_id":16,"stream":"stdout"}
{"time":"2026-06-08T21:47:15.8511985+08:00","level":"INFO","msg":"T = 18140.000\r","component":"api","simulation_id":16,"stream":"stdout"}
{"time":"2026-06-08T21:47:25.8600812+08:00","level":"INFO","msg":"T = 18150.000\r","component":"api","simulation_id":16,"stream":"stdout"}
{"time":"2026-06-08T21:47:35.8503208+08:00","level":"INFO","msg":"T = 18160.000\r","component":"api","simulation_id":16,"stream":"stdout"}
{"time":"2026-06-08T21:47:45.8522299+08:00","level":"INFO","msg":"T = 18170.000\r","component":"api","simulation_id":16,"stream":"stdout"}
{"time":"2026-06-08T21:47:55.8598906+08:00","level":"INFO","msg":"T = 18180.000\r","component":"api","simulation_id":16,"stream":"stdout"}
{"time":"2026-06-08T21:48:05.8513155+08:00","level":"INFO","msg":"T = 18190.000\r","component":"api","simulation_id":16,"stream":"stdout"}
{"time":"2026-06-08T21:48:15.8512277+08:00","level":"INFO","msg":"T = 18200.000\r","component":"api","simulation_id":16,"stream":"stdout"}
{"time":"2026-06-08T21:48:25.8521523+08:00","level":"INFO","msg":"T = 18210.000\r","component":"api","simulation_id":16,"stream":"stdout"}
{"time":"2026-06-08T21:48:35.8574916+08:00","level":"INFO","msg":"T = 18220.000\r","component":"api","simulation_id":16,"stream":"stdout"}
{"time":"2026-06-08T21:48:45.8511394+08:00","level":"INFO","msg":"T = 18230.000\r","component":"api","simulation_id":16,"stream":"stdout"}
{"time":"2026-06-08T21:48:55.8587214+08:00","level":"INFO","msg":"T = 18240.000\r","component":"api","simulation_id":16,"stream":"stdout"}
{"time":"2026-06-08T21:49:05.850452+08:00","level":"INFO","msg":"T = 18250.000\r","component":"api","simulation_id":16,"stream":"stdout"}
{"time":"2026-06-08T21:49:15.8507109+08:00","level":"INFO","msg":"T = 18260.000\r","component":"api","simulation_id":16,"stream":"stdout"}
{"time":"2026-06-08T21:49:25.8599482+08:00","level":"INFO","msg":"T = 18270.000\r","component":"api","simulation_id":16,"stream":"stdout"}
{"time":"2026-06-08T21:49:35.8546977+08:00","level":"INFO","msg":"T = 18280.000\r","component":"api","simulation_id":16,"stream":"stdout"}
{"time":"2026-06-08T21:49:45.8579805+08:00","level":"INFO","msg":"T = 18290.000\r","component":"api","simulation_id":16,"stream":"stdout"}
{"time":"2026-06-08T21:49:55.850889+08:00","level":"INFO","msg":"T = 18300.000\r","component":"api","simulation_id":16,"stream":"stdout"}
{"time":"2026-06-08T21:50:05.8580265+08:00","level":"INFO","msg":"T = 18310.000\r","component":"api","simulation_id":16,"stream":"stdout"}
{"time":"2026-06-08T21:50:15.8541173+08:00","level":"INFO","msg":"T = 18320.000\r","component":"api","simulation_id":16,"stream":"stdout"}
{"time":"2026-06-08T21:50:25.8543177+08:00","level":"INFO","msg":"T = 18330.000\r","component":"api","simulation_id":16,"stream":"stdout"}
{"time":"2026-06-08T21:50:35.8512676+08:00","level":"INFO","msg":"T = 18340.000\r","component":"api","simulation_id":16,"stream":"stdout"}
{"time":"2026-06-08T21:50:45.858293+08:00","level":"INFO","msg":"T = 18350.000\r","component":"api","simulation_id":16,"stream":"stdout"}
{"time":"2026-06-08T21:50:55.8569647+08:00","level":"INFO","msg":"T = 18360.000\r","component":"api","simulation_id":16,"stream":"stdout"}
{"time":"2026-06-08T21:51:05.8501899+08:00","level":"INFO","msg":"T = 18370.000\r","component":"api","simulation_id":16,"stream":"stdout"}
{"time":"2026-06-08T21:51:15.8553541+08:00","level":"INFO","msg":"T = 18380.000\r","component":"api","simulation_id":16,"stream":"stdout"}
{"time":"2026-06-08T21:51:25.8600003+08:00","level":"INFO","msg":"T = 18390.000\r","component":"api","simulation_id":16,"stream":"stdout"}
{"time":"2026-06-08T21:51:35.8518857+08:00","level":"INFO","msg":"T = 18400.000\r","component":"api","simulation_id":16,"stream":"stdout"}
{"time":"2026-06-08T21:51:45.8516816+08:00","level":"INFO","msg":"T = 18410.000\r","component":"api","simulation_id":16,"stream":"stdout"}
{"time":"2026-06-08T21:51:55.8611333+08:00","level":"INFO","msg":"T = 18420.000\r","component":"api","simulation_id":16,"stream":"stdout"}
{"time":"2026-06-08T21:52:05.8595807+08:00","level":"INFO","msg":"T = 18430.000\r","component":"api","simulation_id":16,"stream":"stdout"}
{"time":"2026-06-08T21:52:15.8527303+08:00","level":"INFO","msg":"T = 18440.000\r","component":"api","simulation_id":16,"stream":"stdout"}
{"time":"2026-06-08T21:52:25.8596619+08:00","level":"INFO","msg":"T = 18450.000\r","component":"api","simulation_id":16,"stream":"stdout"}
{"time":"2026-06-08T21:52:35.8525287+08:00","level":"INFO","msg":"T = 18460.000\r","component":"api","simulation_id":16,"stream":"stdout"}
{"time":"2026-06-08T21:52:45.8575258+08:00","level":"INFO","msg":"T = 18470.000\r","component":"api","simulation_id":16,"stream":"stdout"}
{"time":"2026-06-08T21:52:55.8573779+08:00","level":"INFO","msg":"T = 18480.000\r","component":"api","simulation_id":16,"stream":"stdout"}
{"time":"2026-06-08T21:53:05.8504797+08:00","level":"INFO","msg":"T = 18490.000\r","component":"api","simulation_id":16,"stream":"stdout"}
{"time":"2026-06-08T21:53:15.8511978+08:00","level":"INFO","msg":"T = 18500.000\r","component":"api","simulation_id":16,"stream":"stdout"}
{"time":"2026-06-08T21:53:25.8573589+08:00","level":"INFO","msg":"T = 18510.000\r","component":"api","simulation_id":16,"stream":"stdout"}
{"time":"2026-06-08T21:53:35.8508178+08:00","level":"INFO","msg":"T = 18520.000\r","component":"api","simulation_id":16,"stream":"stdout"}
{"time":"2026-06-08T21:53:45.8509153+08:00","level":"INFO","msg":"T = 18530.000\r","component":"api","simulation_id":16,"stream":"stdout"}
{"time":"2026-06-08T21:53:55.8501813+08:00","level":"INFO","msg":"T = 18540.000\r","component":"api","simulation_id":16,"stream":"stdout"}
{"time":"2026-06-08T21:54:05.854855+08:00","level":"INFO","msg":"T = 18550.000\r","component":"api","simulation_id":16,"stream":"stdout"}
{"time":"2026-06-08T21:54:15.8590566+08:00","level":"INFO","msg":"T = 18560.000\r","component":"api","simulation_id":16,"stream":"stdout"}
{"time":"2026-06-08T21:54:25.8503527+08:00","level":"INFO","msg":"T = 18570.000\r","component":"api","simulation_id":16,"stream":"stdout"}
{"time":"2026-06-08T21:54:35.8609865+08:00","level":"INFO","msg":"T = 18580.000\r","component":"api","simulation_id":16,"stream":"stdout"}
{"time":"2026-06-08T21:54:45.8506871+08:00","level":"INFO","msg":"T = 18590.000\r","component":"api","simulation_id":16,"stream":"stdout"}
{"time":"2026-06-08T21:54:55.853335+08:00","level":"INFO","msg":"T = 18600.000\r","component":"api","simulation_id":16,"stream":"stdout"}
{"time":"2026-06-08T21:55:05.8594019+08:00","level":"INFO","msg":"T = 18610.000\r","component":"api","simulation_id":16,"stream":"stdout"}
{"time":"2026-06-08T21:55:15.8599886+08:00","level":"INFO","msg":"T = 18620.000\r","component":"api","simulation_id":16,"stream":"stdout"}
{"time":"2026-06-08T21:55:25.8581043+08:00","level":"INFO","msg":"T = 18630.000\r","component":"api","simulation_id":16,"stream":"stdout"}
{"time":"2026-06-08T21:55:35.8506181+08:00","level":"INFO","msg":"T = 18640.000\r","component":"api","simulation_id":16,"stream":"stdout"}
{"time":"2026-06-08T21:55:45.8582438+08:00","level":"INFO","msg":"T = 18650.000\r","component":"api","simulation_id":16,"stream":"stdout"}
{"time":"2026-06-08T21:55:55.8532786+08:00","level":"INFO","msg":"T = 18660.000\r","component":"api","simulation_id":16,"stream":"stdout"}
{"time":"2026-06-08T21:56:05.8504838+08:00","level":"INFO","msg":"T = 18670.000\r","component":"api","simulation_id":16,"stream":"stdout"}
{"time":"2026-06-08T21:56:15.8623911+08:00","level":"INFO","msg":"T = 18680.000\r","component":"api","simulation_id":16,"stream":"stdout"}
{"time":"2026-06-08T21:56:25.8518281+08:00","level":"INFO","msg":"T = 18690.000\r","component":"api","simulation_id":16,"stream":"stdout"}
{"time":"2026-06-08T21:56:35.8567762+08:00","level":"INFO","msg":"T = 18700.000\r","component":"api","simulation_id":16,"stream":"stdout"}
{"time":"2026-06-08T21:56:45.8579514+08:00","level":"INFO","msg":"T = 18710.000\r","component":"api","simulation_id":16,"stream":"stdout"}
{"time":"2026-06-08T21:56:55.8506494+08:00","level":"INFO","msg":"T = 18720.000\r","component":"api","simulation_id":16,"stream":"stdout"}
{"time":"2026-06-08T21:57:05.8549717+08:00","level":"INFO","msg":"T = 18730.000\r","component":"api","simulation_id":16,"stream":"stdout"}
{"time":"2026-06-08T21:57:15.8505223+08:00","level":"INFO","msg":"T = 18740.000\r","component":"api","simulation_id":16,"stream":"stdout"}
{"time":"2026-06-08T21:57:25.8597101+08:00","level":"INFO","msg":"T = 18750.000\r","component":"api","simulation_id":16,"stream":"stdout"}
{"time":"2026-06-08T21:57:35.8606532+08:00","level":"INFO","msg":"T = 18760.000\r","component":"api","simulation_id":16,"stream":"stdout"}
{"time":"2026-06-08T21:57:45.8596986+08:00","level":"INFO","msg":"T = 18770.000\r","component":"api","simulation_id":16,"stream":"stdout"}
{"time":"2026-06-08T21:57:55.8586931+08:00","level":"INFO","msg":"T = 18780.000\r","component":"api","simulation_id":16,"stream":"stdout"}
{"time":"2026-06-08T21:58:05.8511161+08:00","level":"INFO","msg":"T = 18790.000\r","component":"api","simulation_id":16,"stream":"stdout"}
{"time":"2026-06-08T21:58:15.8530179+08:00","level":"INFO","msg":"T = 18800.000\r","component":"api","simulation_id":16,"stream":"stdout"}
{"time":"2026-06-08T21:58:25.8598607+08:00","level":"INFO","msg":"T = 18810.000\r","component":"api","simulation_id":16,"stream":"stdout"}
{"time":"2026-06-08T21:58:35.859077+08:00","level":"INFO","msg":"T = 18820.000\r","component":"api","simulation_id":16,"stream":"stdout"}
{"time":"2026-06-08T21:58:45.8512313+08:00","level":"INFO","msg":"T = 18830.000\r","component":"api","simulation_id":16,"stream":"stdout"}
{"time":"2026-06-08T21:58:55.8511972+08:00","level":"INFO","msg":"T = 18840.000\r","component":"api","simulation_id":16,"stream":"stdout"}
{"time":"2026-06-08T21:59:05.8521039+08:00","level":"INFO","msg":"T = 18850.000\r","component":"api","simulation_id":16,"stream":"stdout"}
{"time":"2026-06-08T21:59:15.8602036+08:00","level":"INFO","msg":"T = 18860.000\r","component":"api","simulation_id":16,"stream":"stdout"}
{"time":"2026-06-08T21:59:25.8617301+08:00","level":"INFO","msg":"T = 18870.000\r","component":"api","simulation_id":16,"stream":"stdout"}
{"time":"2026-06-08T21:59:35.8594557+08:00","level":"INFO","msg":"T = 18880.000\r","component":"api","simulation_id":16,"stream":"stdout"}
{"time":"2026-06-08T21:59:45.8528602+08:00","level":"INFO","msg":"T = 18890.000\r","component":"api","simulation_id":16,"stream":"stdout"}
{"time":"2026-06-08T21:59:55.8591956+08:00","level":"INFO","msg":"T = 18900.000\r","component":"api","simulation_id":16,"stream":"stdout"}
{"time":"2026-06-08T22:00:05.8511227+08:00","level":"INFO","msg":"T = 18910.000\r","component":"api","simulation_id":16,"stream":"stdout"}
{"time":"2026-06-08T22:00:15.8510821+08:00","level":"INFO","msg":"T = 18920.000\r","component":"api","simulation_id":16,"stream":"stdout"}
{"time":"2026-06-08T22:00:25.8536264+08:00","level":"INFO","msg":"T = 18930.000\r","component":"api","simulation_id":16,"stream":"stdout"}
{"time":"2026-06-08T22:00:35.8605354+08:00","level":"INFO","msg":"T = 18940.000\r","component":"api","simulation_id":16,"stream":"stdout"}
{"time":"2026-06-08T22:00:45.8533959+08:00","level":"INFO","msg":"T = 18950.000\r","component":"api","simulation_id":16,"stream":"stdout"}
{"time":"2026-06-08T22:00:55.8594789+08:00","level":"INFO","msg":"T = 18960.000\r","component":"api","simulation_id":16,"stream":"stdout"}
{"time":"2026-06-08T22:01:05.8607462+08:00","level":"INFO","msg":"T = 18970.000\r","component":"api","simulation_id":16,"stream":"stdout"}
{"time":"2026-06-08T22:01:15.8532707+08:00","level":"INFO","msg":"T = 18980.000\r","component":"api","simulation_id":16,"stream":"stdout"}
{"time":"2026-06-08T22:01:25.8592692+08:00","level":"INFO","msg":"T = 18990.000\r","component":"api","simulation_id":16,"stream":"stdout"}
{"time":"2026-06-08T22:01:35.8573777+08:00","level":"INFO","msg":"T = 19000.000\r","component":"api","simulation_id":16,"stream":"stdout"}
{"time":"2026-06-08T22:01:45.8525322+08:00","level":"INFO","msg":"T = 19010.000\r","component":"api","simulation_id":16,"stream":"stdout"}
{"time":"2026-06-08T22:01:55.8620289+08:00","level":"INFO","msg":"T = 19020.000\r","component":"api","simulation_id":16,"stream":"stdout"}
{"time":"2026-06-08T22:02:05.8591391+08:00","level":"INFO","msg":"T = 19030.000\r","component":"api","simulation_id":16,"stream":"stdout"}
{"time":"2026-06-08T22:02:15.8582381+08:00","level":"INFO","msg":"T = 19040.000\r","component":"api","simulation_id":16,"stream":"stdout"}
{"time":"2026-06-08T22:02:25.8582503+08:00","level":"INFO","msg":"T = 19050.000\r","component":"api","simulation_id":16,"stream":"stdout"}
{"time":"2026-06-08T22:02:35.8607104+08:00","level":"INFO","msg":"T = 19060.000\r","component":"api","simulation_id":16,"stream":"stdout"}
{"time":"2026-06-08T22:02:45.8602288+08:00","level":"INFO","msg":"T = 19070.000\r","component":"api","simulation_id":16,"stream":"stdout"}
{"time":"2026-06-08T22:02:55.8608401+08:00","level":"INFO","msg":"T = 19080.000\r","component":"api","simulation_id":16,"stream":"stdout"}
{"time":"2026-06-08T22:03:05.8584213+08:00","level":"INFO","msg":"T = 19090.000\r","component":"api","simulation_id":16,"stream":"stdout"}
{"time":"2026-06-08T22:03:15.8550522+08:00","level":"INFO","msg":"T = 19100.000\r","component":"api","simulation_id":16,"stream":"stdout"}
{"time":"2026-06-08T22:03:25.8597318+08:00","level":"INFO","msg":"T = 19110.000\r","component":"api","simulation_id":16,"stream":"stdout"}
{"time":"2026-06-08T22:03:35.8572797+08:00","level":"INFO","msg":"T = 19120.000\r","component":"api","simulation_id":16,"stream":"stdout"}
{"time":"2026-06-08T22:03:45.8504277+08:00","level":"INFO","msg":"T = 19130.000\r","component":"api","simulation_id":16,"stream":"stdout"}
{"time":"2026-06-08T22:03:55.8595164+08:00","level":"INFO","msg":"T = 19140.000\r","component":"api","simulation_id":16,"stream":"stdout"}
{"time":"2026-06-08T22:04:05.8597196+08:00","level":"INFO","msg":"T = 19150.000\r","component":"api","simulation_id":16,"stream":"stdout"}
{"time":"2026-06-08T22:04:15.8594191+08:00","level":"INFO","msg":"T = 19160.000\r","component":"api","simulation_id":16,"stream":"stdout"}
{"time":"2026-06-08T22:04:25.8541914+08:00","level":"INFO","msg":"T = 19170.000\r","component":"api","simulation_id":16,"stream":"stdout"}
{"time":"2026-06-08T22:04:35.8597922+08:00","level":"INFO","msg":"T = 19180.000\r","component":"api","simulation_id":16,"stream":"stdout"}
{"time":"2026-06-08T22:04:45.8510069+08:00","level":"INFO","msg":"T = 19190.000\r","component":"api","simulation_id":16,"stream":"stdout"}
{"time":"2026-06-08T22:04:55.8587088+08:00","level":"INFO","msg":"T = 19200.000\r","component":"api","simulation_id":16,"stream":"stdout"}
{"time":"2026-06-08T22:05:05.8548163+08:00","level":"INFO","msg":"T = 19210.000\r","component":"api","simulation_id":16,"stream":"stdout"}
{"time":"2026-06-08T22:05:15.8613799+08:00","level":"INFO","msg":"T = 19220.000\r","component":"api","simulation_id":16,"stream":"stdout"}
{"time":"2026-06-08T22:05:25.8549255+08:00","level":"INFO","msg":"T = 19230.000\r","component":"api","simulation_id":16,"stream":"stdout"}
{"time":"2026-06-08T22:05:35.8525685+08:00","level":"INFO","msg":"T = 19240.000\r","component":"api","simulation_id":16,"stream":"stdout"}
{"time":"2026-06-08T22:05:45.8584601+08:00","level":"INFO","msg":"T = 19250.000\r","component":"api","simulation_id":16,"stream":"stdout"}
{"time":"2026-06-08T22:05:55.8512485+08:00","level":"INFO","msg":"T = 19260.000\r","component":"api","simulation_id":16,"stream":"stdout"}
{"time":"2026-06-08T22:06:05.8588676+08:00","level":"INFO","msg":"T = 19270.000\r","component":"api","simulation_id":16,"stream":"stdout"}
{"time":"2026-06-08T22:06:15.8597091+08:00","level":"INFO","msg":"T = 19280.000\r","component":"api","simulation_id":16,"stream":"stdout"}
{"time":"2026-06-08T22:06:25.8594285+08:00","level":"INFO","msg":"T = 19290.000\r","component":"api","simulation_id":16,"stream":"stdout"}
{"time":"2026-06-08T22:06:35.8583144+08:00","level":"INFO","msg":"T = 19300.000\r","component":"api","simulation_id":16,"stream":"stdout"}
{"time":"2026-06-08T22:06:45.8505549+08:00","level":"INFO","msg":"T = 19310.000\r","component":"api","simulation_id":16,"stream":"stdout"}
{"time":"2026-06-08T22:06:55.855355+08:00","level":"INFO","msg":"T = 19320.000\r","component":"api","simulation_id":16,"stream":"stdout"}
{"time":"2026-06-08T22:07:05.8512077+08:00","level":"INFO","msg":"T = 19330.000\r","component":"api","simulation_id":16,"stream":"stdout"}
{"time":"2026-06-08T22:07:15.8558161+08:00","level":"INFO","msg":"T = 19340.000\r","component":"api","simulation_id":16,"stream":"stdout"}
{"time":"2026-06-08T22:07:25.853761+08:00","level":"INFO","msg":"T = 19350.000\r","component":"api","simulation_id":16,"stream":"stdout"}
{"time":"2026-06-08T22:07:35.8554071+08:00","level":"INFO","msg":"T = 19360.000\r","component":"api","simulation_id":16,"stream":"stdout"}
{"time":"2026-06-08T22:07:45.8592077+08:00","level":"INFO","msg":"T = 19370.000\r","component":"api","simulation_id":16,"stream":"stdout"}
{"time":"2026-06-08T22:07:55.8614698+08:00","level":"INFO","msg":"T = 19380.000\r","component":"api","simulation_id":16,"stream":"stdout"}
{"time":"2026-06-08T22:08:05.8507441+08:00","level":"INFO","msg":"T = 19390.000\r","component":"api","simulation_id":16,"stream":"stdout"}
{"time":"2026-06-08T22:08:15.8508585+08:00","level":"INFO","msg":"T = 19400.000\r","component":"api","simulation_id":16,"stream":"stdout"}
{"time":"2026-06-08T22:08:25.8505473+08:00","level":"INFO","msg":"T = 19410.000\r","component":"api","simulation_id":16,"stream":"stdout"}
{"time":"2026-06-08T22:08:35.859655+08:00","level":"INFO","msg":"T = 19420.000\r","component":"api","simulation_id":16,"stream":"stdout"}
{"time":"2026-06-08T22:08:45.8594962+08:00","level":"INFO","msg":"T = 19430.000\r","component":"api","simulation_id":16,"stream":"stdout"}
{"time":"2026-06-08T22:08:55.8588295+08:00","level":"INFO","msg":"T = 19440.000\r","component":"api","simulation_id":16,"stream":"stdout"}
{"time":"2026-06-08T22:09:05.8553765+08:00","level":"INFO","msg":"T = 19450.000\r","component":"api","simulation_id":16,"stream":"stdout"}
{"time":"2026-06-08T22:09:15.8596555+08:00","level":"INFO","msg":"T = 19460.000\r","component":"api","simulation_id":16,"stream":"stdout"}
{"time":"2026-06-08T22:09:25.8607837+08:00","level":"INFO","msg":"T = 19470.000\r","component":"api","simulation_id":16,"stream":"stdout"}
{"time":"2026-06-08T22:09:35.8557705+08:00","level":"INFO","msg":"T = 19480.000\r","component":"api","simulation_id":16,"stream":"stdout"}
{"time":"2026-06-08T22:09:45.8511073+08:00","level":"INFO","msg":"T = 19490.000\r","component":"api","simulation_id":16,"stream":"stdout"}
{"time":"2026-06-08T22:09:55.851367+08:00","level":"INFO","msg":"T = 19500.000\r","component":"api","simulation_id":16,"stream":"stdout"}
{"time":"2026-06-08T22:10:05.8582405+08:00","level":"INFO","msg":"T = 19510.000\r","component":"api","simulation_id":16,"stream":"stdout"}
{"time":"2026-06-08T22:10:15.8511857+08:00","level":"INFO","msg":"T = 19520.000\r","component":"api","simulation_id":16,"stream":"stdout"}
{"time":"2026-06-08T22:10:25.8619119+08:00","level":"INFO","msg":"T = 19530.000\r","component":"api","simulation_id":16,"stream":"stdout"}
{"time":"2026-06-08T22:10:35.8531399+08:00","level":"INFO","msg":"T = 19540.000\r","component":"api","simulation_id":16,"stream":"stdout"}
{"time":"2026-06-08T22:10:45.854948+08:00","level":"INFO","msg":"T = 19550.000\r","component":"api","simulation_id":16,"stream":"stdout"}
{"time":"2026-06-08T22:10:55.8530082+08:00","level":"INFO","msg":"T = 19560.000\r","component":"api","simulation_id":16,"stream":"stdout"}
{"time":"2026-06-08T22:11:05.8511372+08:00","level":"INFO","msg":"T = 19570.000\r","component":"api","simulation_id":16,"stream":"stdout"}
{"time":"2026-06-08T22:11:15.8576888+08:00","level":"INFO","msg":"T = 19580.000\r","component":"api","simulation_id":16,"stream":"stdout"}
{"time":"2026-06-08T22:11:25.8540331+08:00","level":"INFO","msg":"T = 19590.000\r","component":"api","simulation_id":16,"stream":"stdout"}
{"time":"2026-06-08T22:11:35.8524945+08:00","level":"INFO","msg":"T = 19600.000\r","component":"api","simulation_id":16,"stream":"stdout"}
{"time":"2026-06-08T22:11:45.858253+08:00","level":"INFO","msg":"T = 19610.000\r","component":"api","simulation_id":16,"stream":"stdout"}
{"time":"2026-06-08T22:11:55.8503028+08:00","level":"INFO","msg":"T = 19620.000\r","component":"api","simulation_id":16,"stream":"stdout"}
{"time":"2026-06-08T22:12:05.8587489+08:00","level":"INFO","msg":"T = 19630.000\r","component":"api","simulation_id":16,"stream":"stdout"}
{"time":"2026-06-08T22:12:15.861378+08:00","level":"INFO","msg":"T = 19640.000\r","component":"api","simulation_id":16,"stream":"stdout"}
{"time":"2026-06-08T22:12:25.8597955+08:00","level":"INFO","msg":"T = 19650.000\r","component":"api","simulation_id":16,"stream":"stdout"}
{"time":"2026-06-08T22:12:35.860754+08:00","level":"INFO","msg":"T = 19660.000\r","component":"api","simulation_id":16,"stream":"stdout"}
{"time":"2026-06-08T22:12:45.8604327+08:00","level":"INFO","msg":"T = 19670.000\r","component":"api","simulation_id":16,"stream":"stdout"}
{"time":"2026-06-08T22:12:55.8512478+08:00","level":"INFO","msg":"T = 19680.000\r","component":"api","simulation_id":16,"stream":"stdout"}
{"time":"2026-06-08T22:13:05.8506871+08:00","level":"INFO","msg":"T = 19690.000\r","component":"api","simulation_id":16,"stream":"stdout"}
{"time":"2026-06-08T22:13:15.8592333+08:00","level":"INFO","msg":"T = 19700.000\r","component":"api","simulation_id":16,"stream":"stdout"}
{"time":"2026-06-08T22:13:25.8602984+08:00","level":"INFO","msg":"T = 19710.000\r","component":"api","simulation_id":16,"stream":"stdout"}
{"time":"2026-06-08T22:13:35.8588057+08:00","level":"INFO","msg":"T = 19720.000\r","component":"api","simulation_id":16,"stream":"stdout"}
{"time":"2026-06-08T22:13:45.8519282+08:00","level":"INFO","msg":"T = 19730.000\r","component":"api","simulation_id":16,"stream":"stdout"}
{"time":"2026-06-08T22:13:55.8591954+08:00","level":"INFO","msg":"T = 19740.000\r","component":"api","simulation_id":16,"stream":"stdout"}
{"time":"2026-06-08T22:14:05.8603548+08:00","level":"INFO","msg":"T = 19750.000\r","component":"api","simulation_id":16,"stream":"stdout"}
{"time":"2026-06-08T22:14:15.8509378+08:00","level":"INFO","msg":"T = 19760.000\r","component":"api","simulation_id":16,"stream":"stdout"}
{"time":"2026-06-08T22:14:25.8571269+08:00","level":"INFO","msg":"T = 19770.000\r","component":"api","simulation_id":16,"stream":"stdout"}
{"time":"2026-06-08T22:14:35.8534509+08:00","level":"INFO","msg":"T = 19780.000\r","component":"api","simulation_id":16,"stream":"stdout"}
{"time":"2026-06-08T22:14:45.8572464+08:00","level":"INFO","msg":"T = 19790.000\r","component":"api","simulation_id":16,"stream":"stdout"}
{"time":"2026-06-08T22:14:55.8504386+08:00","level":"INFO","msg":"T = 19800.000\r","component":"api","simulation_id":16,"stream":"stdout"}
{"time":"2026-06-08T22:15:05.859689+08:00","level":"INFO","msg":"T = 19810.000\r","component":"api","simulation_id":16,"stream":"stdout"}
{"time":"2026-06-08T22:15:15.859041+08:00","level":"INFO","msg":"T = 19820.000\r","component":"api","simulation_id":16,"stream":"stdout"}
{"time":"2026-06-08T22:15:25.8550472+08:00","level":"INFO","msg":"T = 19830.000\r","component":"api","simulation_id":16,"stream":"stdout"}
{"time":"2026-06-08T22:15:35.8512418+08:00","level":"INFO","msg":"T = 19840.000\r","component":"api","simulation_id":16,"stream":"stdout"}
{"time":"2026-06-08T22:15:45.8568715+08:00","level":"INFO","msg":"T = 19850.000\r","component":"api","simulation_id":16,"stream":"stdout"}
{"time":"2026-06-08T22:15:55.8523528+08:00","level":"INFO","msg":"T = 19860.000\r","component":"api","simulation_id":16,"stream":"stdout"}
{"time":"2026-06-08T22:16:05.8506277+08:00","level":"INFO","msg":"T = 19870.000\r","component":"api","simulation_id":16,"stream":"stdout"}
{"time":"2026-06-08T22:16:15.8601042+08:00","level":"INFO","msg":"T = 19880.000\r","component":"api","simulation_id":16,"stream":"stdout"}
{"time":"2026-06-08T22:16:25.8584428+08:00","level":"INFO","msg":"T = 19890.000\r","component":"api","simulation_id":16,"stream":"stdout"}
{"time":"2026-06-08T22:16:35.8602319+08:00","level":"INFO","msg":"T = 19900.000\r","component":"api","simulation_id":16,"stream":"stdout"}
{"time":"2026-06-08T22:16:45.8551889+08:00","level":"INFO","msg":"T = 19910.000\r","component":"api","simulation_id":16,"stream":"stdout"}
{"time":"2026-06-08T22:16:55.8511463+08:00","level":"INFO","msg":"T = 19920.000\r","component":"api","simulation_id":16,"stream":"stdout"}
{"time":"2026-06-08T22:17:05.8579724+08:00","level":"INFO","msg":"T = 19930.000\r","component":"api","simulation_id":16,"stream":"stdout"}
{"time":"2026-06-08T22:17:15.8529363+08:00","level":"INFO","msg":"T = 19940.000\r","component":"api","simulation_id":16,"stream":"stdout"}
{"time":"2026-06-08T22:17:25.8581001+08:00","level":"INFO","msg":"T = 19950.000\r","component":"api","simulation_id":16,"stream":"stdout"}
{"time":"2026-06-08T22:17:35.8503815+08:00","level":"INFO","msg":"T = 19960.000\r","component":"api","simulation_id":16,"stream":"stdout"}
{"time":"2026-06-08T22:17:45.8606054+08:00","level":"INFO","msg":"T = 19970.000\r","component":"api","simulation_id":16,"stream":"stdout"}
{"time":"2026-06-08T22:17:55.8544004+08:00","level":"INFO","msg":"T = 19980.000\r","component":"api","simulation_id":16,"stream":"stdout"}
{"time":"2026-06-08T22:18:05.8597027+08:00","level":"INFO","msg":"T = 19990.000\r","component":"api","simulation_id":16,"stream":"stdout"}
{"time":"2026-06-08T22:18:15.8505984+08:00","level":"INFO","msg":"T = 20000.000\r","component":"api","simulation_id":16,"stream":"stdout"}
{"time":"2026-06-08T22:18:25.8578759+08:00","level":"INFO","msg":"T = 20010.000\r","component":"api","simulation_id":16,"stream":"stdout"}
{"time":"2026-06-08T22:18:35.850258+08:00","level":"INFO","msg":"T = 20020.000\r","component":"api","simulation_id":16,"stream":"stdout"}
{"time":"2026-06-08T22:18:45.8601969+08:00","level":"INFO","msg":"T = 20030.000\r","component":"api","simulation_id":16,"stream":"stdout"}
{"time":"2026-06-08T22:18:55.8577371+08:00","level":"INFO","msg":"T = 20040.000\r","component":"api","simulation_id":16,"stream":"stdout"}
{"time":"2026-06-08T22:19:05.858417+08:00","level":"INFO","msg":"T = 20050.000\r","component":"api","simulation_id":16,"stream":"stdout"}
{"time":"2026-06-08T22:19:15.8616695+08:00","level":"INFO","msg":"T = 20060.000\r","component":"api","simulation_id":16,"stream":"stdout"}
{"time":"2026-06-08T22:19:25.8589458+08:00","level":"INFO","msg":"T = 20070.000\r","component":"api","simulation_id":16,"stream":"stdout"}
{"time":"2026-06-08T22:19:35.8539413+08:00","level":"INFO","msg":"T = 20080.000\r","component":"api","simulation_id":16,"stream":"stdout"}
{"time":"2026-06-08T22:19:45.861489+08:00","level":"INFO","msg":"T = 20090.000\r","component":"api","simulation_id":16,"stream":"stdout"}
{"time":"2026-06-08T22:19:55.8598378+08:00","level":"INFO","msg":"T = 20100.000\r","component":"api","simulation_id":16,"stream":"stdout"}
{"time":"2026-06-08T22:20:05.8524343+08:00","level":"INFO","msg":"T = 20110.000\r","component":"api","simulation_id":16,"stream":"stdout"}
{"time":"2026-06-08T22:20:15.8581129+08:00","level":"INFO","msg":"T = 20120.000\r","component":"api","simulation_id":16,"stream":"stdout"}
{"time":"2026-06-08T22:20:25.853597+08:00","level":"INFO","msg":"T = 20130.000\r","component":"api","simulation_id":16,"stream":"stdout"}
{"time":"2026-06-08T22:20:35.8511959+08:00","level":"INFO","msg":"T = 20140.000\r","component":"api","simulation_id":16,"stream":"stdout"}
{"time":"2026-06-08T22:20:45.8528822+08:00","level":"INFO","msg":"T = 20150.000\r","component":"api","simulation_id":16,"stream":"stdout"}
{"time":"2026-06-08T22:20:55.8538626+08:00","level":"INFO","msg":"T = 20160.000\r","component":"api","simulation_id":16,"stream":"stdout"}
{"time":"2026-06-08T22:21:05.8588457+08:00","level":"INFO","msg":"T = 20170.000\r","component":"api","simulation_id":16,"stream":"stdout"}
{"time":"2026-06-08T22:21:15.8553506+08:00","level":"INFO","msg":"T = 20180.000\r","component":"api","simulation_id":16,"stream":"stdout"}
{"time":"2026-06-08T22:21:25.8600586+08:00","level":"INFO","msg":"T = 20190.000\r","component":"api","simulation_id":16,"stream":"stdout"}
{"time":"2026-06-08T22:21:35.8520183+08:00","level":"INFO","msg":"T = 20200.000\r","component":"api","simulation_id":16,"stream":"stdout"}
{"time":"2026-06-08T22:21:45.8538285+08:00","level":"INFO","msg":"T = 20210.000\r","component":"api","simulation_id":16,"stream":"stdout"}
{"time":"2026-06-08T22:21:55.8605322+08:00","level":"INFO","msg":"T = 20220.000\r","component":"api","simulation_id":16,"stream":"stdout"}
{"time":"2026-06-08T22:22:05.8528665+08:00","level":"INFO","msg":"T = 20230.000\r","component":"api","simulation_id":16,"stream":"stdout"}
{"time":"2026-06-08T22:22:15.851236+08:00","level":"INFO","msg":"T = 20240.000\r","component":"api","simulation_id":16,"stream":"stdout"}
{"time":"2026-06-08T22:22:25.8537406+08:00","level":"INFO","msg":"T = 20250.000\r","component":"api","simulation_id":16,"stream":"stdout"}
{"time":"2026-06-08T22:22:35.8512249+08:00","level":"INFO","msg":"T = 20260.000\r","component":"api","simulation_id":16,"stream":"stdout"}
{"time":"2026-06-08T22:22:45.8565566+08:00","level":"INFO","msg":"T = 20270.000\r","component":"api","simulation_id":16,"stream":"stdout"}
{"time":"2026-06-08T22:22:55.8581137+08:00","level":"INFO","msg":"T = 20280.000\r","component":"api","simulation_id":16,"stream":"stdout"}
{"time":"2026-06-08T22:23:05.8508708+08:00","level":"INFO","msg":"T = 20290.000\r","component":"api","simulation_id":16,"stream":"stdout"}
{"time":"2026-06-08T22:23:15.8571145+08:00","level":"INFO","msg":"T = 20300.000\r","component":"api","simulation_id":16,"stream":"stdout"}
{"time":"2026-06-08T22:23:25.8505591+08:00","level":"INFO","msg":"T = 20310.000\r","component":"api","simulation_id":16,"stream":"stdout"}
{"time":"2026-06-08T22:23:35.8604141+08:00","level":"INFO","msg":"T = 20320.000\r","component":"api","simulation_id":16,"stream":"stdout"}
{"time":"2026-06-08T22:23:45.8581453+08:00","level":"INFO","msg":"T = 20330.000\r","component":"api","simulation_id":16,"stream":"stdout"}
{"time":"2026-06-08T22:23:55.853546+08:00","level":"INFO","msg":"T = 20340.000\r","component":"api","simulation_id":16,"stream":"stdout"}
{"time":"2026-06-08T22:24:05.8515225+08:00","level":"INFO","msg":"T = 20350.000\r","component":"api","simulation_id":16,"stream":"stdout"}
{"time":"2026-06-08T22:24:15.8607268+08:00","level":"INFO","msg":"T = 20360.000\r","component":"api","simulation_id":16,"stream":"stdout"}
{"time":"2026-06-08T22:24:25.851618+08:00","level":"INFO","msg":"T = 20370.000\r","component":"api","simulation_id":16,"stream":"stdout"}
{"time":"2026-06-08T22:24:35.8613267+08:00","level":"INFO","msg":"T = 20380.000\r","component":"api","simulation_id":16,"stream":"stdout"}
{"time":"2026-06-08T22:24:45.8509506+08:00","level":"INFO","msg":"T = 20390.000\r","component":"api","simulation_id":16,"stream":"stdout"}
{"time":"2026-06-08T22:24:55.8606421+08:00","level":"INFO","msg":"T = 20400.000\r","component":"api","simulation_id":16,"stream":"stdout"}
{"time":"2026-06-08T22:25:05.8580342+08:00","level":"INFO","msg":"T = 20410.000\r","component":"api","simulation_id":16,"stream":"stdout"}
{"time":"2026-06-08T22:25:15.8532361+08:00","level":"INFO","msg":"T = 20420.000\r","component":"api","simulation_id":16,"stream":"stdout"}
{"time":"2026-06-08T22:25:25.8603482+08:00","level":"INFO","msg":"T = 20430.000\r","component":"api","simulation_id":16,"stream":"stdout"}
{"time":"2026-06-08T22:25:35.8518243+08:00","level":"INFO","msg":"T = 20440.000\r","component":"api","simulation_id":16,"stream":"stdout"}
{"time":"2026-06-08T22:25:45.8526109+08:00","level":"INFO","msg":"T = 20450.000\r","component":"api","simulation_id":16,"stream":"stdout"}
{"time":"2026-06-08T22:25:55.860428+08:00","level":"INFO","msg":"T = 20460.000\r","component":"api","simulation_id":16,"stream":"stdout"}
{"time":"2026-06-08T22:26:05.8548239+08:00","level":"INFO","msg":"T = 20470.000\r","component":"api","simulation_id":16,"stream":"stdout"}
{"time":"2026-06-08T22:26:15.8578114+08:00","level":"INFO","msg":"T = 20480.000\r","component":"api","simulation_id":16,"stream":"stdout"}
{"time":"2026-06-08T22:26:25.8566947+08:00","level":"INFO","msg":"T = 20490.000\r","component":"api","simulation_id":16,"stream":"stdout"}
{"time":"2026-06-08T22:26:35.8511879+08:00","level":"INFO","msg":"T = 20500.000\r","component":"api","simulation_id":16,"stream":"stdout"}
{"time":"2026-06-08T22:26:45.8513059+08:00","level":"INFO","msg":"T = 20510.000\r","component":"api","simulation_id":16,"stream":"stdout"}
{"time":"2026-06-08T22:26:55.8504254+08:00","level":"INFO","msg":"T = 20520.000\r","component":"api","simulation_id":16,"stream":"stdout"}
{"time":"2026-06-08T22:27:05.8582361+08:00","level":"INFO","msg":"T = 20530.000\r","component":"api","simulation_id":16,"stream":"stdout"}
{"time":"2026-06-08T22:27:15.8619326+08:00","level":"INFO","msg":"T = 20540.000\r","component":"api","simulation_id":16,"stream":"stdout"}
{"time":"2026-06-08T22:27:25.8574811+08:00","level":"INFO","msg":"T = 20550.000\r","component":"api","simulation_id":16,"stream":"stdout"}
{"time":"2026-06-08T22:27:35.8516087+08:00","level":"INFO","msg":"T = 20560.000\r","component":"api","simulation_id":16,"stream":"stdout"}
{"time":"2026-06-08T22:27:45.859694+08:00","level":"INFO","msg":"T = 20570.000\r","component":"api","simulation_id":16,"stream":"stdout"}
{"time":"2026-06-08T22:27:55.8598911+08:00","level":"INFO","msg":"T = 20580.000\r","component":"api","simulation_id":16,"stream":"stdout"}
{"time":"2026-06-08T22:28:05.8569824+08:00","level":"INFO","msg":"T = 20590.000\r","component":"api","simulation_id":16,"stream":"stdout"}
{"time":"2026-06-08T22:28:15.8548585+08:00","level":"INFO","msg":"T = 20600.000\r","component":"api","simulation_id":16,"stream":"stdout"}
{"time":"2026-06-08T22:28:25.8585035+08:00","level":"INFO","msg":"T = 20610.000\r","component":"api","simulation_id":16,"stream":"stdout"}
{"time":"2026-06-08T22:28:35.8510615+08:00","level":"INFO","msg":"T = 20620.000\r","component":"api","simulation_id":16,"stream":"stdout"}
{"time":"2026-06-08T22:28:45.8607496+08:00","level":"INFO","msg":"T = 20630.000\r","component":"api","simulation_id":16,"stream":"stdout"}
{"time":"2026-06-08T22:28:55.8606675+08:00","level":"INFO","msg":"T = 20640.000\r","component":"api","simulation_id":16,"stream":"stdout"}
{"time":"2026-06-08T22:29:05.8550395+08:00","level":"INFO","msg":"T = 20650.000\r","component":"api","simulation_id":16,"stream":"stdout"}
{"time":"2026-06-08T22:29:15.8605802+08:00","level":"INFO","msg":"T = 20660.000\r","component":"api","simulation_id":16,"stream":"stdout"}
{"time":"2026-06-08T22:29:25.8533413+08:00","level":"INFO","msg":"T = 20670.000\r","component":"api","simulation_id":16,"stream":"stdout"}
{"time":"2026-06-08T22:29:35.8566187+08:00","level":"INFO","msg":"T = 20680.000\r","component":"api","simulation_id":16,"stream":"stdout"}
{"time":"2026-06-08T22:29:45.8585931+08:00","level":"INFO","msg":"T = 20690.000\r","component":"api","simulation_id":16,"stream":"stdout"}
{"time":"2026-06-08T22:29:55.8607102+08:00","level":"INFO","msg":"T = 20700.000\r","component":"api","simulation_id":16,"stream":"stdout"}
{"time":"2026-06-08T22:30:05.8597954+08:00","level":"INFO","msg":"T = 20710.000\r","component":"api","simulation_id":16,"stream":"stdout"}
{"time":"2026-06-08T22:30:15.8598661+08:00","level":"INFO","msg":"T = 20720.000\r","component":"api","simulation_id":16,"stream":"stdout"}
{"time":"2026-06-08T22:30:25.8564243+08:00","level":"INFO","msg":"T = 20730.000\r","component":"api","simulation_id":16,"stream":"stdout"}
{"time":"2026-06-08T22:30:35.8521502+08:00","level":"INFO","msg":"T = 20740.000\r","component":"api","simulation_id":16,"stream":"stdout"}
{"time":"2026-06-08T22:30:45.8589298+08:00","level":"INFO","msg":"T = 20750.000\r","component":"api","simulation_id":16,"stream":"stdout"}
{"time":"2026-06-08T22:30:55.8509275+08:00","level":"INFO","msg":"T = 20760.000\r","component":"api","simulation_id":16,"stream":"stdout"}
{"time":"2026-06-08T22:31:05.8576227+08:00","level":"INFO","msg":"T = 20770.000\r","component":"api","simulation_id":16,"stream":"stdout"}
{"time":"2026-06-08T22:31:15.8512091+08:00","level":"INFO","msg":"T = 20780.000\r","component":"api","simulation_id":16,"stream":"stdout"}
{"time":"2026-06-08T22:31:25.8516491+08:00","level":"INFO","msg":"T = 20790.000\r","component":"api","simulation_id":16,"stream":"stdout"}
{"time":"2026-06-08T22:31:35.8599852+08:00","level":"INFO","msg":"T = 20800.000\r","component":"api","simulation_id":16,"stream":"stdout"}
{"time":"2026-06-08T22:31:45.8505428+08:00","level":"INFO","msg":"T = 20810.000\r","component":"api","simulation_id":16,"stream":"stdout"}
{"time":"2026-06-08T22:31:55.8596169+08:00","level":"INFO","msg":"T = 20820.000\r","component":"api","simulation_id":16,"stream":"stdout"}
{"time":"2026-06-08T22:32:05.855684+08:00","level":"INFO","msg":"T = 20830.000\r","component":"api","simulation_id":16,"stream":"stdout"}
{"time":"2026-06-08T22:32:15.8512154+08:00","level":"INFO","msg":"T = 20840.000\r","component":"api","simulation_id":16,"stream":"stdout"}
{"time":"2026-06-08T22:32:25.8605395+08:00","level":"INFO","msg":"T = 20850.000\r","component":"api","simulation_id":16,"stream":"stdout"}
{"time":"2026-06-08T22:32:35.850764+08:00","level":"INFO","msg":"T = 20860.000\r","component":"api","simulation_id":16,"stream":"stdout"}
{"time":"2026-06-08T22:32:45.8542291+08:00","level":"INFO","msg":"T = 20870.000\r","component":"api","simulation_id":16,"stream":"stdout"}
{"time":"2026-06-08T22:32:55.8593977+08:00","level":"INFO","msg":"T = 20880.000\r","component":"api","simulation_id":16,"stream":"stdout"}
{"time":"2026-06-08T22:33:05.8574305+08:00","level":"INFO","msg":"T = 20890.000\r","component":"api","simulation_id":16,"stream":"stdout"}
{"time":"2026-06-08T22:33:15.8590872+08:00","level":"INFO","msg":"T = 20900.000\r","component":"api","simulation_id":16,"stream":"stdout"}
{"time":"2026-06-08T22:33:25.8512025+08:00","level":"INFO","msg":"T = 20910.000\r","component":"api","simulation_id":16,"stream":"stdout"}
{"time":"2026-06-08T22:33:35.8601372+08:00","level":"INFO","msg":"T = 20920.000\r","component":"api","simulation_id":16,"stream":"stdout"}
{"time":"2026-06-08T22:33:45.8542043+08:00","level":"INFO","msg":"T = 20930.000\r","component":"api","simulation_id":16,"stream":"stdout"}
{"time":"2026-06-08T22:33:55.852405+08:00","level":"INFO","msg":"T = 20940.000\r","component":"api","simulation_id":16,"stream":"stdout"}
{"time":"2026-06-08T22:34:05.8573065+08:00","level":"INFO","msg":"T = 20950.000\r","component":"api","simulation_id":16,"stream":"stdout"}
{"time":"2026-06-08T22:34:15.8551044+08:00","level":"INFO","msg":"T = 20960.000\r","component":"api","simulation_id":16,"stream":"stdout"}
{"time":"2026-06-08T22:34:25.8547572+08:00","level":"INFO","msg":"T = 20970.000\r","component":"api","simulation_id":16,"stream":"stdout"}
{"time":"2026-06-08T22:34:35.8563007+08:00","level":"INFO","msg":"T = 20980.000\r","component":"api","simulation_id":16,"stream":"stdout"}
{"time":"2026-06-08T22:34:45.8505798+08:00","level":"INFO","msg":"T = 20990.000\r","component":"api","simulation_id":16,"stream":"stdout"}
{"time":"2026-06-08T22:34:55.8581831+08:00","level":"INFO","msg":"T = 21000.000\r","component":"api","simulation_id":16,"stream":"stdout"}
{"time":"2026-06-08T22:35:05.8554093+08:00","level":"INFO","msg":"T = 21010.000\r","component":"api","simulation_id":16,"stream":"stdout"}
{"time":"2026-06-08T22:35:15.8525872+08:00","level":"INFO","msg":"T = 21020.000\r","component":"api","simulation_id":16,"stream":"stdout"}
{"time":"2026-06-08T22:35:25.855182+08:00","level":"INFO","msg":"T = 21030.000\r","component":"api","simulation_id":16,"stream":"stdout"}
{"time":"2026-06-08T22:35:35.8509734+08:00","level":"INFO","msg":"T = 21040.000\r","component":"api","simulation_id":16,"stream":"stdout"}
{"time":"2026-06-08T22:35:45.8607816+08:00","level":"INFO","msg":"T = 21050.000\r","component":"api","simulation_id":16,"stream":"stdout"}
{"time":"2026-06-08T22:35:55.8550519+08:00","level":"INFO","msg":"T = 21060.000\r","component":"api","simulation_id":16,"stream":"stdout"}
{"time":"2026-06-08T22:36:05.8583535+08:00","level":"INFO","msg":"T = 21070.000\r","component":"api","simulation_id":16,"stream":"stdout"}
{"time":"2026-06-08T22:36:15.8616359+08:00","level":"INFO","msg":"T = 21080.000\r","component":"api","simulation_id":16,"stream":"stdout"}
{"time":"2026-06-08T22:36:25.8558956+08:00","level":"INFO","msg":"T = 21090.000\r","component":"api","simulation_id":16,"stream":"stdout"}
{"time":"2026-06-08T22:36:35.851257+08:00","level":"INFO","msg":"T = 21100.000\r","component":"api","simulation_id":16,"stream":"stdout"}
{"time":"2026-06-08T22:36:45.8532047+08:00","level":"INFO","msg":"T = 21110.000\r","component":"api","simulation_id":16,"stream":"stdout"}
{"time":"2026-06-08T22:36:55.860803+08:00","level":"INFO","msg":"T = 21120.000\r","component":"api","simulation_id":16,"stream":"stdout"}
{"time":"2026-06-08T22:37:05.8593089+08:00","level":"INFO","msg":"T = 21130.000\r","component":"api","simulation_id":16,"stream":"stdout"}
{"time":"2026-06-08T22:37:15.8511606+08:00","level":"INFO","msg":"T = 21140.000\r","component":"api","simulation_id":16,"stream":"stdout"}
{"time":"2026-06-08T22:37:25.8583386+08:00","level":"INFO","msg":"T = 21150.000\r","component":"api","simulation_id":16,"stream":"stdout"}
{"time":"2026-06-08T22:37:35.8567454+08:00","level":"INFO","msg":"T = 21160.000\r","component":"api","simulation_id":16,"stream":"stdout"}
{"time":"2026-06-08T22:37:45.8554045+08:00","level":"INFO","msg":"T = 21170.000\r","component":"api","simulation_id":16,"stream":"stdout"}
{"time":"2026-06-08T22:37:55.8577393+08:00","level":"INFO","msg":"T = 21180.000\r","component":"api","simulation_id":16,"stream":"stdout"}
{"time":"2026-06-08T22:38:05.8595053+08:00","level":"INFO","msg":"T = 21190.000\r","component":"api","simulation_id":16,"stream":"stdout"}
{"time":"2026-06-08T22:38:15.8606909+08:00","level":"INFO","msg":"T = 21200.000\r","component":"api","simulation_id":16,"stream":"stdout"}
{"time":"2026-06-08T22:38:25.8507569+08:00","level":"INFO","msg":"T = 21210.000\r","component":"api","simulation_id":16,"stream":"stdout"}
{"time":"2026-06-08T22:38:35.8560916+08:00","level":"INFO","msg":"T = 21220.000\r","component":"api","simulation_id":16,"stream":"stdout"}
{"time":"2026-06-08T22:38:45.8512623+08:00","level":"INFO","msg":"T = 21230.000\r","component":"api","simulation_id":16,"stream":"stdout"}
{"time":"2026-06-08T22:38:55.853352+08:00","level":"INFO","msg":"T = 21240.000\r","component":"api","simulation_id":16,"stream":"stdout"}
{"time":"2026-06-08T22:39:05.8596807+08:00","level":"INFO","msg":"T = 21250.000\r","component":"api","simulation_id":16,"stream":"stdout"}
{"time":"2026-06-08T22:39:15.8556783+08:00","level":"INFO","msg":"T = 21260.000\r","component":"api","simulation_id":16,"stream":"stdout"}
{"time":"2026-06-08T22:39:25.8512317+08:00","level":"INFO","msg":"T = 21270.000\r","component":"api","simulation_id":16,"stream":"stdout"}
{"time":"2026-06-08T22:39:35.8523668+08:00","level":"INFO","msg":"T = 21280.000\r","component":"api","simulation_id":16,"stream":"stdout"}
{"time":"2026-06-08T22:39:45.8567803+08:00","level":"INFO","msg":"T = 21290.000\r","component":"api","simulation_id":16,"stream":"stdout"}
{"time":"2026-06-08T22:39:55.8575628+08:00","level":"INFO","msg":"T = 21300.000\r","component":"api","simulation_id":16,"stream":"stdout"}
{"time":"2026-06-08T22:40:05.8583486+08:00","level":"INFO","msg":"T = 21310.000\r","component":"api","simulation_id":16,"stream":"stdout"}
{"time":"2026-06-08T22:40:15.8511763+08:00","level":"INFO","msg":"T = 21320.000\r","component":"api","simulation_id":16,"stream":"stdout"}
{"time":"2026-06-08T22:40:25.8562795+08:00","level":"INFO","msg":"T = 21330.000\r","component":"api","simulation_id":16,"stream":"stdout"}
{"time":"2026-06-08T22:40:35.855569+08:00","level":"INFO","msg":"T = 21340.000\r","component":"api","simulation_id":16,"stream":"stdout"}
{"time":"2026-06-08T22:40:45.8503623+08:00","level":"INFO","msg":"T = 21350.000\r","component":"api","simulation_id":16,"stream":"stdout"}
{"time":"2026-06-08T22:40:55.8503249+08:00","level":"INFO","msg":"T = 21360.000\r","component":"api","simulation_id":16,"stream":"stdout"}
{"time":"2026-06-08T22:41:05.8581895+08:00","level":"INFO","msg":"T = 21370.000\r","component":"api","simulation_id":16,"stream":"stdout"}
{"time":"2026-06-08T22:41:15.8503119+08:00","level":"INFO","msg":"T = 21380.000\r","component":"api","simulation_id":16,"stream":"stdout"}
{"time":"2026-06-08T22:41:25.8520064+08:00","level":"INFO","msg":"T = 21390.000\r","component":"api","simulation_id":16,"stream":"stdout"}
{"time":"2026-06-08T22:41:35.8504482+08:00","level":"INFO","msg":"T = 21400.000\r","component":"api","simulation_id":16,"stream":"stdout"}
{"time":"2026-06-08T22:41:45.8595791+08:00","level":"INFO","msg":"T = 21410.000\r","component":"api","simulation_id":16,"stream":"stdout"}
{"time":"2026-06-08T22:41:55.8504293+08:00","level":"INFO","msg":"T = 21420.000\r","component":"api","simulation_id":16,"stream":"stdout"}
{"time":"2026-06-08T22:42:05.8584514+08:00","level":"INFO","msg":"T = 21430.000\r","component":"api","simulation_id":16,"stream":"stdout"}
{"time":"2026-06-08T22:42:15.8530304+08:00","level":"INFO","msg":"T = 21440.000\r","component":"api","simulation_id":16,"stream":"stdout"}
{"time":"2026-06-08T22:42:25.8577508+08:00","level":"INFO","msg":"T = 21450.000\r","component":"api","simulation_id":16,"stream":"stdout"}
2026/06/08 22:42:30 [DESKTOP-2269V6M/0I7zd4hyWa-000288] "GET http://localhost:8080/api/scenarios HTTP/1.1" from [::1]:60798 - 200 129B in 0s
2026/06/08 22:42:30 [DESKTOP-2269V6M/0I7zd4hyWa-000289] "GET http://localhost:8080/api/scenarios HTTP/1.1" from [::1]:60799 - 200 129B in 0s
{"time":"2026-06-08T22:42:35.8553919+08:00","level":"INFO","msg":"T = 21460.000\r","component":"api","simulation_id":16,"stream":"stdout"}
{"time":"2026-06-08T22:42:45.8564618+08:00","level":"INFO","msg":"T = 21470.000\r","component":"api","simulation_id":16,"stream":"stdout"}
{"time":"2026-06-08T22:42:55.8537397+08:00","level":"INFO","msg":"T = 21480.000\r","component":"api","simulation_id":16,"stream":"stdout"}
{"time":"2026-06-08T22:43:05.8599453+08:00","level":"INFO","msg":"T = 21490.000\r","component":"api","simulation_id":16,"stream":"stdout"}
{"time":"2026-06-08T22:43:15.8582314+08:00","level":"INFO","msg":"T = 21500.000\r","component":"api","simulation_id":16,"stream":"stdout"}
{"time":"2026-06-08T22:43:25.8580198+08:00","level":"INFO","msg":"T = 21510.000\r","component":"api","simulation_id":16,"stream":"stdout"}
{"time":"2026-06-08T22:43:35.8548732+08:00","level":"INFO","msg":"T = 21520.000\r","component":"api","simulation_id":16,"stream":"stdout"}
{"time":"2026-06-08T22:43:45.8590229+08:00","level":"INFO","msg":"T = 21530.000\r","component":"api","simulation_id":16,"stream":"stdout"}
{"time":"2026-06-08T22:43:55.8577204+08:00","level":"INFO","msg":"T = 21540.000\r","component":"api","simulation_id":16,"stream":"stdout"}
{"time":"2026-06-08T22:44:05.8558075+08:00","level":"INFO","msg":"T = 21550.000\r","component":"api","simulation_id":16,"stream":"stdout"}
{"time":"2026-06-08T22:44:15.8563549+08:00","level":"INFO","msg":"T = 21560.000\r","component":"api","simulation_id":16,"stream":"stdout"}
{"time":"2026-06-08T22:44:25.8564406+08:00","level":"INFO","msg":"T = 21570.000\r","component":"api","simulation_id":16,"stream":"stdout"}
{"time":"2026-06-08T22:44:35.8577448+08:00","level":"INFO","msg":"T = 21580.000\r","component":"api","simulation_id":16,"stream":"stdout"}
{"time":"2026-06-08T22:44:45.8597814+08:00","level":"INFO","msg":"T = 21590.000\r","component":"api","simulation_id":16,"stream":"stdout"}
{"time":"2026-06-08T22:44:55.8603556+08:00","level":"INFO","msg":"T = 21600.000\r","component":"api","simulation_id":16,"stream":"stdout"}
{"time":"2026-06-08T22:45:05.8573063+08:00","level":"INFO","msg":"T = 21610.000\r","component":"api","simulation_id":16,"stream":"stdout"}
{"time":"2026-06-08T22:45:15.8511297+08:00","level":"INFO","msg":"T = 21620.000\r","component":"api","simulation_id":16,"stream":"stdout"}
{"time":"2026-06-08T22:45:25.8603581+08:00","level":"INFO","msg":"T = 21630.000\r","component":"api","simulation_id":16,"stream":"stdout"}
{"time":"2026-06-08T22:45:35.860594+08:00","level":"INFO","msg":"T = 21640.000\r","component":"api","simulation_id":16,"stream":"stdout"}
{"time":"2026-06-08T22:45:45.8513993+08:00","level":"INFO","msg":"T = 21650.000\r","component":"api","simulation_id":16,"stream":"stdout"}
{"time":"2026-06-08T22:45:55.8548108+08:00","level":"INFO","msg":"T = 21660.000\r","component":"api","simulation_id":16,"stream":"stdout"}
{"time":"2026-06-08T22:46:05.8505017+08:00","level":"INFO","msg":"T = 21670.000\r","component":"api","simulation_id":16,"stream":"stdout"}
{"time":"2026-06-08T22:46:15.8508473+08:00","level":"INFO","msg":"T = 21680.000\r","component":"api","simulation_id":16,"stream":"stdout"}
{"time":"2026-06-08T22:46:25.8562413+08:00","level":"INFO","msg":"T = 21690.000\r","component":"api","simulation_id":16,"stream":"stdout"}
{"time":"2026-06-08T22:46:35.8533975+08:00","level":"INFO","msg":"T = 21700.000\r","component":"api","simulation_id":16,"stream":"stdout"}
{"time":"2026-06-08T22:46:45.8509359+08:00","level":"INFO","msg":"T = 21710.000\r","component":"api","simulation_id":16,"stream":"stdout"}
{"time":"2026-06-08T22:46:55.8580221+08:00","level":"INFO","msg":"T = 21720.000\r","component":"api","simulation_id":16,"stream":"stdout"}
{"time":"2026-06-08T22:47:05.8593101+08:00","level":"INFO","msg":"T = 21730.000\r","component":"api","simulation_id":16,"stream":"stdout"}
{"time":"2026-06-08T22:47:15.8568418+08:00","level":"INFO","msg":"T = 21740.000\r","component":"api","simulation_id":16,"stream":"stdout"}
{"time":"2026-06-08T22:47:25.850408+08:00","level":"INFO","msg":"T = 21750.000\r","component":"api","simulation_id":16,"stream":"stdout"}
{"time":"2026-06-08T22:47:35.8613576+08:00","level":"INFO","msg":"T = 21760.000\r","component":"api","simulation_id":16,"stream":"stdout"}
{"time":"2026-06-08T22:47:45.8617048+08:00","level":"INFO","msg":"T = 21770.000\r","component":"api","simulation_id":16,"stream":"stdout"}
2026/06/08 22:47:54 [DESKTOP-2269V6M/0I7zd4hyWa-000290] "GET http://localhost:8080/api/scenarios HTTP/1.1" from [::1]:61133 - 200 129B in 0s
2026/06/08 22:47:54 [DESKTOP-2269V6M/0I7zd4hyWa-000291] "GET http://localhost:8080/api/scenarios HTTP/1.1" from [::1]:61134 - 200 129B in 0s
{"time":"2026-06-08T22:47:55.8536677+08:00","level":"INFO","msg":"T = 21780.000\r","component":"api","simulation_id":16,"stream":"stdout"}
{"time":"2026-06-08T22:48:05.8599983+08:00","level":"INFO","msg":"T = 21790.000\r","component":"api","simulation_id":16,"stream":"stdout"}
{"time":"2026-06-08T22:48:15.860561+08:00","level":"INFO","msg":"T = 21800.000\r","component":"api","simulation_id":16,"stream":"stdout"}
{"time":"2026-06-08T22:48:25.8603398+08:00","level":"INFO","msg":"T = 21810.000\r","component":"api","simulation_id":16,"stream":"stdout"}
{"time":"2026-06-08T22:48:35.8534721+08:00","level":"INFO","msg":"T = 21820.000\r","component":"api","simulation_id":16,"stream":"stdout"}
{"time":"2026-06-08T22:48:45.8584417+08:00","level":"INFO","msg":"T = 21830.000\r","component":"api","simulation_id":16,"stream":"stdout"}
{"time":"2026-06-08T22:48:55.8529032+08:00","level":"INFO","msg":"T = 21840.000\r","component":"api","simulation_id":16,"stream":"stdout"}
{"time":"2026-06-08T22:49:05.8595851+08:00","level":"INFO","msg":"T = 21850.000\r","component":"api","simulation_id":16,"stream":"stdout"}
{"time":"2026-06-08T22:49:15.8521984+08:00","level":"INFO","msg":"T = 21860.000\r","component":"api","simulation_id":16,"stream":"stdout"}
{"time":"2026-06-08T22:49:25.8547401+08:00","level":"INFO","msg":"T = 21870.000\r","component":"api","simulation_id":16,"stream":"stdout"}
{"time":"2026-06-08T22:49:35.8540289+08:00","level":"INFO","msg":"T = 21880.000\r","component":"api","simulation_id":16,"stream":"stdout"}
{"time":"2026-06-08T22:49:45.8552165+08:00","level":"INFO","msg":"T = 21890.000\r","component":"api","simulation_id":16,"stream":"stdout"}
{"time":"2026-06-08T22:49:55.8529716+08:00","level":"INFO","msg":"T = 21900.000\r","component":"api","simulation_id":16,"stream":"stdout"}
{"time":"2026-06-08T22:50:05.8586504+08:00","level":"INFO","msg":"T = 21910.000\r","component":"api","simulation_id":16,"stream":"stdout"}
{"time":"2026-06-08T22:50:15.8576394+08:00","level":"INFO","msg":"T = 21920.000\r","component":"api","simulation_id":16,"stream":"stdout"}
{"time":"2026-06-08T22:50:25.8602209+08:00","level":"INFO","msg":"T = 21930.000\r","component":"api","simulation_id":16,"stream":"stdout"}
{"time":"2026-06-08T22:50:35.8566803+08:00","level":"INFO","msg":"T = 21940.000\r","component":"api","simulation_id":16,"stream":"stdout"}
{"time":"2026-06-08T22:50:45.8547274+08:00","level":"INFO","msg":"T = 21950.000\r","component":"api","simulation_id":16,"stream":"stdout"}
{"time":"2026-06-08T22:50:55.8590974+08:00","level":"INFO","msg":"T = 21960.000\r","component":"api","simulation_id":16,"stream":"stdout"}
{"time":"2026-06-08T22:51:05.8603839+08:00","level":"INFO","msg":"T = 21970.000\r","component":"api","simulation_id":16,"stream":"stdout"}
{"time":"2026-06-08T22:51:15.8554718+08:00","level":"INFO","msg":"T = 21980.000\r","component":"api","simulation_id":16,"stream":"stdout"}
{"time":"2026-06-08T22:51:25.8602511+08:00","level":"INFO","msg":"T = 21990.000\r","component":"api","simulation_id":16,"stream":"stdout"}
{"time":"2026-06-08T22:51:35.8512166+08:00","level":"INFO","msg":"T = 22000.000\r","component":"api","simulation_id":16,"stream":"stdout"}
{"time":"2026-06-08T22:51:45.8554081+08:00","level":"INFO","msg":"T = 22010.000\r","component":"api","simulation_id":16,"stream":"stdout"}
{"time":"2026-06-08T22:51:55.8590954+08:00","level":"INFO","msg":"T = 22020.000\r","component":"api","simulation_id":16,"stream":"stdout"}
{"time":"2026-06-08T22:52:05.8606364+08:00","level":"INFO","msg":"T = 22030.000\r","component":"api","simulation_id":16,"stream":"stdout"}
{"time":"2026-06-08T22:52:15.8572337+08:00","level":"INFO","msg":"T = 22040.000\r","component":"api","simulation_id":16,"stream":"stdout"}
{"time":"2026-06-08T22:52:25.859962+08:00","level":"INFO","msg":"T = 22050.000\r","component":"api","simulation_id":16,"stream":"stdout"}
{"time":"2026-06-08T22:52:35.8613496+08:00","level":"INFO","msg":"T = 22060.000\r","component":"api","simulation_id":16,"stream":"stdout"}
{"time":"2026-06-08T22:52:45.8511875+08:00","level":"INFO","msg":"T = 22070.000\r","component":"api","simulation_id":16,"stream":"stdout"}
{"time":"2026-06-08T22:52:55.8542259+08:00","level":"INFO","msg":"T = 22080.000\r","component":"api","simulation_id":16,"stream":"stdout"}
{"time":"2026-06-08T22:53:05.859385+08:00","level":"INFO","msg":"T = 22090.000\r","component":"api","simulation_id":16,"stream":"stdout"}
{"time":"2026-06-08T22:53:15.8594215+08:00","level":"INFO","msg":"T = 22100.000\r","component":"api","simulation_id":16,"stream":"stdout"}
{"time":"2026-06-08T22:53:25.8604721+08:00","level":"INFO","msg":"T = 22110.000\r","component":"api","simulation_id":16,"stream":"stdout"}
{"time":"2026-06-08T22:53:35.8562783+08:00","level":"INFO","msg":"T = 22120.000\r","component":"api","simulation_id":16,"stream":"stdout"}
{"time":"2026-06-08T22:53:45.8509152+08:00","level":"INFO","msg":"T = 22130.000\r","component":"api","simulation_id":16,"stream":"stdout"}
{"time":"2026-06-08T22:53:55.861177+08:00","level":"INFO","msg":"T = 22140.000\r","component":"api","simulation_id":16,"stream":"stdout"}
{"time":"2026-06-08T22:54:05.8581671+08:00","level":"INFO","msg":"T = 22150.000\r","component":"api","simulation_id":16,"stream":"stdout"}
{"time":"2026-06-08T22:54:15.8520681+08:00","level":"INFO","msg":"T = 22160.000\r","component":"api","simulation_id":16,"stream":"stdout"}
{"time":"2026-06-08T22:54:25.857587+08:00","level":"INFO","msg":"T = 22170.000\r","component":"api","simulation_id":16,"stream":"stdout"}
{"time":"2026-06-08T22:54:35.8511913+08:00","level":"INFO","msg":"T = 22180.000\r","component":"api","simulation_id":16,"stream":"stdout"}
{"time":"2026-06-08T22:54:45.8539712+08:00","level":"INFO","msg":"T = 22190.000\r","component":"api","simulation_id":16,"stream":"stdout"}
{"time":"2026-06-08T22:54:55.8512846+08:00","level":"INFO","msg":"T = 22200.000\r","component":"api","simulation_id":16,"stream":"stdout"}
{"time":"2026-06-08T22:55:05.8523984+08:00","level":"INFO","msg":"T = 22210.000\r","component":"api","simulation_id":16,"stream":"stdout"}
{"time":"2026-06-08T22:55:15.8510991+08:00","level":"INFO","msg":"T = 22220.000\r","component":"api","simulation_id":16,"stream":"stdout"}
{"time":"2026-06-08T22:55:25.8503326+08:00","level":"INFO","msg":"T = 22230.000\r","component":"api","simulation_id":16,"stream":"stdout"}
{"time":"2026-06-08T22:55:35.850616+08:00","level":"INFO","msg":"T = 22240.000\r","component":"api","simulation_id":16,"stream":"stdout"}
{"time":"2026-06-08T22:55:45.860153+08:00","level":"INFO","msg":"T = 22250.000\r","component":"api","simulation_id":16,"stream":"stdout"}
{"time":"2026-06-08T22:55:55.8511524+08:00","level":"INFO","msg":"T = 22260.000\r","component":"api","simulation_id":16,"stream":"stdout"}
{"time":"2026-06-08T22:56:05.8592515+08:00","level":"INFO","msg":"T = 22270.000\r","component":"api","simulation_id":16,"stream":"stdout"}
{"time":"2026-06-08T22:56:15.8610128+08:00","level":"INFO","msg":"T = 22280.000\r","component":"api","simulation_id":16,"stream":"stdout"}
{"time":"2026-06-08T22:56:25.8589274+08:00","level":"INFO","msg":"T = 22290.000\r","component":"api","simulation_id":16,"stream":"stdout"}
{"time":"2026-06-08T22:56:35.8557045+08:00","level":"INFO","msg":"T = 22300.000\r","component":"api","simulation_id":16,"stream":"stdout"}
{"time":"2026-06-08T22:56:45.8512246+08:00","level":"INFO","msg":"T = 22310.000\r","component":"api","simulation_id":16,"stream":"stdout"}
{"time":"2026-06-08T22:56:55.8581087+08:00","level":"INFO","msg":"T = 22320.000\r","component":"api","simulation_id":16,"stream":"stdout"}
{"time":"2026-06-08T22:57:05.8574831+08:00","level":"INFO","msg":"T = 22330.000\r","component":"api","simulation_id":16,"stream":"stdout"}
{"time":"2026-06-08T22:57:15.8570925+08:00","level":"INFO","msg":"T = 22340.000\r","component":"api","simulation_id":16,"stream":"stdout"}
{"time":"2026-06-08T22:57:25.8584905+08:00","level":"INFO","msg":"T = 22350.000\r","component":"api","simulation_id":16,"stream":"stdout"}
{"time":"2026-06-08T22:57:35.8515714+08:00","level":"INFO","msg":"T = 22360.000\r","component":"api","simulation_id":16,"stream":"stdout"}
{"time":"2026-06-08T22:57:45.8592716+08:00","level":"INFO","msg":"T = 22370.000\r","component":"api","simulation_id":16,"stream":"stdout"}
{"time":"2026-06-08T22:57:55.8591702+08:00","level":"INFO","msg":"T = 22380.000\r","component":"api","simulation_id":16,"stream":"stdout"}
{"time":"2026-06-08T22:58:05.8547542+08:00","level":"INFO","msg":"T = 22390.000\r","component":"api","simulation_id":16,"stream":"stdout"}
{"time":"2026-06-08T22:58:15.8607258+08:00","level":"INFO","msg":"T = 22400.000\r","component":"api","simulation_id":16,"stream":"stdout"}
{"time":"2026-06-08T22:58:25.8581416+08:00","level":"INFO","msg":"T = 22410.000\r","component":"api","simulation_id":16,"stream":"stdout"}
{"time":"2026-06-08T22:58:35.8607749+08:00","level":"INFO","msg":"T = 22420.000\r","component":"api","simulation_id":16,"stream":"stdout"}
{"time":"2026-06-08T22:58:45.8594759+08:00","level":"INFO","msg":"T = 22430.000\r","component":"api","simulation_id":16,"stream":"stdout"}
{"time":"2026-06-08T22:58:55.8568539+08:00","level":"INFO","msg":"T = 22440.000\r","component":"api","simulation_id":16,"stream":"stdout"}
{"time":"2026-06-08T22:59:05.8561577+08:00","level":"INFO","msg":"T = 22450.000\r","component":"api","simulation_id":16,"stream":"stdout"}
{"time":"2026-06-08T22:59:15.8601056+08:00","level":"INFO","msg":"T = 22460.000\r","component":"api","simulation_id":16,"stream":"stdout"}
{"time":"2026-06-08T22:59:25.8532948+08:00","level":"INFO","msg":"T = 22470.000\r","component":"api","simulation_id":16,"stream":"stdout"}
{"time":"2026-06-08T22:59:35.8506939+08:00","level":"INFO","msg":"T = 22480.000\r","component":"api","simulation_id":16,"stream":"stdout"}
{"time":"2026-06-08T22:59:45.8575251+08:00","level":"INFO","msg":"T = 22490.000\r","component":"api","simulation_id":16,"stream":"stdout"}
{"time":"2026-06-08T22:59:55.8516383+08:00","level":"INFO","msg":"T = 22500.000\r","component":"api","simulation_id":16,"stream":"stdout"}
{"time":"2026-06-08T23:00:05.8610019+08:00","level":"INFO","msg":"T = 22510.000\r","component":"api","simulation_id":16,"stream":"stdout"}
{"time":"2026-06-08T23:00:15.8511171+08:00","level":"INFO","msg":"T = 22520.000\r","component":"api","simulation_id":16,"stream":"stdout"}
{"time":"2026-06-08T23:00:25.850445+08:00","level":"INFO","msg":"T = 22530.000\r","component":"api","simulation_id":16,"stream":"stdout"}
{"time":"2026-06-08T23:00:35.8576366+08:00","level":"INFO","msg":"T = 22540.000\r","component":"api","simulation_id":16,"stream":"stdout"}
{"time":"2026-06-08T23:00:45.8508552+08:00","level":"INFO","msg":"T = 22550.000\r","component":"api","simulation_id":16,"stream":"stdout"}
{"time":"2026-06-08T23:00:55.855516+08:00","level":"INFO","msg":"T = 22560.000\r","component":"api","simulation_id":16,"stream":"stdout"}
{"time":"2026-06-08T23:01:05.8508482+08:00","level":"INFO","msg":"T = 22570.000\r","component":"api","simulation_id":16,"stream":"stdout"}
{"time":"2026-06-08T23:01:15.8544931+08:00","level":"INFO","msg":"T = 22580.000\r","component":"api","simulation_id":16,"stream":"stdout"}
{"time":"2026-06-08T23:01:25.8568768+08:00","level":"INFO","msg":"T = 22590.000\r","component":"api","simulation_id":16,"stream":"stdout"}
{"time":"2026-06-08T23:01:35.8591442+08:00","level":"INFO","msg":"T = 22600.000\r","component":"api","simulation_id":16,"stream":"stdout"}
{"time":"2026-06-08T23:01:45.8610077+08:00","level":"INFO","msg":"T = 22610.000\r","component":"api","simulation_id":16,"stream":"stdout"}
{"time":"2026-06-08T23:01:55.8535143+08:00","level":"INFO","msg":"T = 22620.000\r","component":"api","simulation_id":16,"stream":"stdout"}
{"time":"2026-06-08T23:02:05.8515475+08:00","level":"INFO","msg":"T = 22630.000\r","component":"api","simulation_id":16,"stream":"stdout"}
{"time":"2026-06-08T23:02:15.8590259+08:00","level":"INFO","msg":"T = 22640.000\r","component":"api","simulation_id":16,"stream":"stdout"}
{"time":"2026-06-08T23:02:25.8541135+08:00","level":"INFO","msg":"T = 22650.000\r","component":"api","simulation_id":16,"stream":"stdout"}
{"time":"2026-06-08T23:02:35.8600134+08:00","level":"INFO","msg":"T = 22660.000\r","component":"api","simulation_id":16,"stream":"stdout"}
{"time":"2026-06-08T23:02:45.8616878+08:00","level":"INFO","msg":"T = 22670.000\r","component":"api","simulation_id":16,"stream":"stdout"}
{"time":"2026-06-08T23:02:55.8589061+08:00","level":"INFO","msg":"T = 22680.000\r","component":"api","simulation_id":16,"stream":"stdout"}
{"time":"2026-06-08T23:03:05.8580944+08:00","level":"INFO","msg":"T = 22690.000\r","component":"api","simulation_id":16,"stream":"stdout"}
{"time":"2026-06-08T23:03:15.8549578+08:00","level":"INFO","msg":"T = 22700.000\r","component":"api","simulation_id":16,"stream":"stdout"}
{"time":"2026-06-08T23:03:25.8588364+08:00","level":"INFO","msg":"T = 22710.000\r","component":"api","simulation_id":16,"stream":"stdout"}
{"time":"2026-06-08T23:03:35.8512318+08:00","level":"INFO","msg":"T = 22720.000\r","component":"api","simulation_id":16,"stream":"stdout"}
{"time":"2026-06-08T23:03:45.8564576+08:00","level":"INFO","msg":"T = 22730.000\r","component":"api","simulation_id":16,"stream":"stdout"}
{"time":"2026-06-08T23:03:55.8580253+08:00","level":"INFO","msg":"T = 22740.000\r","component":"api","simulation_id":16,"stream":"stdout"}
{"time":"2026-06-08T23:04:05.8551075+08:00","level":"INFO","msg":"T = 22750.000\r","component":"api","simulation_id":16,"stream":"stdout"}
{"time":"2026-06-08T23:04:15.8603995+08:00","level":"INFO","msg":"T = 22760.000\r","component":"api","simulation_id":16,"stream":"stdout"}
{"time":"2026-06-08T23:04:25.8560734+08:00","level":"INFO","msg":"T = 22770.000\r","component":"api","simulation_id":16,"stream":"stdout"}
{"time":"2026-06-08T23:04:35.8519324+08:00","level":"INFO","msg":"T = 22780.000\r","component":"api","simulation_id":16,"stream":"stdout"}
{"time":"2026-06-08T23:04:45.861445+08:00","level":"INFO","msg":"T = 22790.000\r","component":"api","simulation_id":16,"stream":"stdout"}
{"time":"2026-06-08T23:04:55.8510489+08:00","level":"INFO","msg":"T = 22800.000\r","component":"api","simulation_id":16,"stream":"stdout"}
{"time":"2026-06-08T23:05:05.8611604+08:00","level":"INFO","msg":"T = 22810.000\r","component":"api","simulation_id":16,"stream":"stdout"}
{"time":"2026-06-08T23:05:15.8547661+08:00","level":"INFO","msg":"T = 22820.000\r","component":"api","simulation_id":16,"stream":"stdout"}
{"time":"2026-06-08T23:05:25.8546999+08:00","level":"INFO","msg":"T = 22830.000\r","component":"api","simulation_id":16,"stream":"stdout"}
{"time":"2026-06-08T23:05:35.8568886+08:00","level":"INFO","msg":"T = 22840.000\r","component":"api","simulation_id":16,"stream":"stdout"}
{"time":"2026-06-08T23:05:45.8503589+08:00","level":"INFO","msg":"T = 22850.000\r","component":"api","simulation_id":16,"stream":"stdout"}
{"time":"2026-06-08T23:05:55.8511832+08:00","level":"INFO","msg":"T = 22860.000\r","component":"api","simulation_id":16,"stream":"stdout"}
{"time":"2026-06-08T23:06:05.8502992+08:00","level":"INFO","msg":"T = 22870.000\r","component":"api","simulation_id":16,"stream":"stdout"}
{"time":"2026-06-08T23:06:15.8541534+08:00","level":"INFO","msg":"T = 22880.000\r","component":"api","simulation_id":16,"stream":"stdout"}
{"time":"2026-06-08T23:06:25.8593754+08:00","level":"INFO","msg":"T = 22890.000\r","component":"api","simulation_id":16,"stream":"stdout"}
{"time":"2026-06-08T23:06:35.8555956+08:00","level":"INFO","msg":"T = 22900.000\r","component":"api","simulation_id":16,"stream":"stdout"}
{"time":"2026-06-08T23:06:45.8578893+08:00","level":"INFO","msg":"T = 22910.000\r","component":"api","simulation_id":16,"stream":"stdout"}
{"time":"2026-06-08T23:06:55.8507515+08:00","level":"INFO","msg":"T = 22920.000\r","component":"api","simulation_id":16,"stream":"stdout"}
{"time":"2026-06-08T23:07:05.8568118+08:00","level":"INFO","msg":"T = 22930.000\r","component":"api","simulation_id":16,"stream":"stdout"}
{"time":"2026-06-08T23:07:15.8585883+08:00","level":"INFO","msg":"T = 22940.000\r","component":"api","simulation_id":16,"stream":"stdout"}
{"time":"2026-06-08T23:07:25.8583554+08:00","level":"INFO","msg":"T = 22950.000\r","component":"api","simulation_id":16,"stream":"stdout"}
{"time":"2026-06-08T23:07:35.8511859+08:00","level":"INFO","msg":"T = 22960.000\r","component":"api","simulation_id":16,"stream":"stdout"}
{"time":"2026-06-08T23:07:45.8549154+08:00","level":"INFO","msg":"T = 22970.000\r","component":"api","simulation_id":16,"stream":"stdout"}
{"time":"2026-06-08T23:07:55.8508111+08:00","level":"INFO","msg":"T = 22980.000\r","component":"api","simulation_id":16,"stream":"stdout"}
{"time":"2026-06-08T23:08:05.8568526+08:00","level":"INFO","msg":"T = 22990.000\r","component":"api","simulation_id":16,"stream":"stdout"}
{"time":"2026-06-08T23:08:15.8597706+08:00","level":"INFO","msg":"T = 23000.000\r","component":"api","simulation_id":16,"stream":"stdout"}
{"time":"2026-06-08T23:08:25.8566004+08:00","level":"INFO","msg":"T = 23010.000\r","component":"api","simulation_id":16,"stream":"stdout"}
{"time":"2026-06-08T23:08:35.8512274+08:00","level":"INFO","msg":"T = 23020.000\r","component":"api","simulation_id":16,"stream":"stdout"}
{"time":"2026-06-08T23:08:45.8538891+08:00","level":"INFO","msg":"T = 23030.000\r","component":"api","simulation_id":16,"stream":"stdout"}
{"time":"2026-06-08T23:08:55.857838+08:00","level":"INFO","msg":"T = 23040.000\r","component":"api","simulation_id":16,"stream":"stdout"}
{"time":"2026-06-08T23:09:05.8511072+08:00","level":"INFO","msg":"T = 23050.000\r","component":"api","simulation_id":16,"stream":"stdout"}
{"time":"2026-06-08T23:09:15.8591766+08:00","level":"INFO","msg":"T = 23060.000\r","component":"api","simulation_id":16,"stream":"stdout"}
{"time":"2026-06-08T23:09:25.8582269+08:00","level":"INFO","msg":"T = 23070.000\r","component":"api","simulation_id":16,"stream":"stdout"}
{"time":"2026-06-08T23:09:35.8598947+08:00","level":"INFO","msg":"T = 23080.000\r","component":"api","simulation_id":16,"stream":"stdout"}
{"time":"2026-06-08T23:09:45.8609336+08:00","level":"INFO","msg":"T = 23090.000\r","component":"api","simulation_id":16,"stream":"stdout"}
{"time":"2026-06-08T23:09:55.8578045+08:00","level":"INFO","msg":"T = 23100.000\r","component":"api","simulation_id":16,"stream":"stdout"}
{"time":"2026-06-08T23:10:05.8510234+08:00","level":"INFO","msg":"T = 23110.000\r","component":"api","simulation_id":16,"stream":"stdout"}
{"time":"2026-06-08T23:10:15.8515975+08:00","level":"INFO","msg":"T = 23120.000\r","component":"api","simulation_id":16,"stream":"stdout"}
{"time":"2026-06-08T23:10:25.8597963+08:00","level":"INFO","msg":"T = 23130.000\r","component":"api","simulation_id":16,"stream":"stdout"}
{"time":"2026-06-08T23:10:35.8583114+08:00","level":"INFO","msg":"T = 23140.000\r","component":"api","simulation_id":16,"stream":"stdout"}
{"time":"2026-06-08T23:10:45.8582262+08:00","level":"INFO","msg":"T = 23150.000\r","component":"api","simulation_id":16,"stream":"stdout"}
{"time":"2026-06-08T23:10:55.8521784+08:00","level":"INFO","msg":"T = 23160.000\r","component":"api","simulation_id":16,"stream":"stdout"}
{"time":"2026-06-08T23:11:05.8512641+08:00","level":"INFO","msg":"T = 23170.000\r","component":"api","simulation_id":16,"stream":"stdout"}
{"time":"2026-06-08T23:11:15.8532998+08:00","level":"INFO","msg":"T = 23180.000\r","component":"api","simulation_id":16,"stream":"stdout"}
{"time":"2026-06-08T23:11:25.8509701+08:00","level":"INFO","msg":"T = 23190.000\r","component":"api","simulation_id":16,"stream":"stdout"}
{"time":"2026-06-08T23:11:35.8577655+08:00","level":"INFO","msg":"T = 23200.000\r","component":"api","simulation_id":16,"stream":"stdout"}
2026/06/08 23:11:38 [DESKTOP-2269V6M/0I7zd4hyWa-000292] "GET http://localhost:8080/api/scenarios HTTP/1.1" from [::1]:62967 - 200 129B in 0s
2026/06/08 23:11:38 [DESKTOP-2269V6M/0I7zd4hyWa-000293] "GET http://localhost:8080/api/scenarios HTTP/1.1" from [::1]:62968 - 200 129B in 0s
{"time":"2026-06-08T23:11:41.7962678+08:00","level":"INFO","msg":"starting mission.exe","component":"api","simulation_id":22,"path":"e:\\AFsim\\afsimweb-master\\AFSim\\afsim-2.9.0-win64\\bin\\mission.exe","scenario":"scenarios\\test_gateway.scenario","mode":"realtime","args":["-rt","test_gateway.scenario"]}
2026/06/08 23:11:41 [DESKTOP-2269V6M/0I7zd4hyWa-000294] "POST http://localhost:8080/api/simulations HTTP/1.1" from [::1]:62983 - 201 143B in 43.2047ms
{"time":"2026-06-08T23:11:41.8394725+08:00","level":"INFO","msg":"pipe not available, retrying","component":"api","simulation_id":22,"pipe":"events","path":"\\\\.\\pipe\\afsim_events","error":"CreateFile pipe: All pipe instances are busy.","retry_in":2000000000}
{"time":"2026-06-08T23:11:41.8421809+08:00","level":"INFO","msg":"WebSocket connection request","component":"api","simulation_id":"22"}
2026/06/08 23:11:41 [DESKTOP-2269V6M/0I7zd4hyWa-000295] "GET http://localhost:8080/api/simulations/22/ws HTTP/1.1" from [::1]:62984 - 000 0B in 2.607ms
{"time":"2026-06-08T23:11:42.4412097+08:00","level":"INFO","msg":"mission:\r","component":"api","simulation_id":22,"stream":"stdout"}
{"time":"2026-06-08T23:11:42.4417296+08:00","level":"INFO","msg":"    WSF Version: 2.9.0 02-25-2022\r","component":"api","simulation_id":22,"stream":"stdout"}
{"time":"2026-06-08T23:11:42.4427624+08:00","level":"INFO","msg":"    Built: Feb 25 2022 08:12:40\r","component":"api","simulation_id":22,"stream":"stdout"}
{"time":"2026-06-08T23:11:42.4437911+08:00","level":"INFO","msg":"Plugin API version info:\r","component":"api","simulation_id":22,"stream":"stdout"}
{"time":"2026-06-08T23:11:42.4448221+08:00","level":"INFO","msg":"    Version: 2.9\r","component":"api","simulation_id":22,"stream":"stdout"}
{"time":"2026-06-08T23:11:42.4458585+08:00","level":"INFO","msg":"    Compiler: win_1916_64bit_release-hwe\r","component":"api","simulation_id":22,"stream":"stdout"}
{"time":"2026-06-08T23:11:42.4468995+08:00","level":"INFO","msg":"Plugins Loaded:\r","component":"api","simulation_id":22,"stream":"stdout"}
{"time":"2026-06-08T23:11:42.4480775+08:00","level":"INFO","msg":"    wsf_alternate_locations.dll, wsf_coverage.dll, wsf_iads_c2.dll, wsf_prompt.dll, wsf_scenario_analyzer.dll, wsf_scenario_analyzer_iads_c2.dll, wsf_air_combat.dll, wsf_annotation.dll, wsf_argo8.dll, wsf_brawler.dll, wsf_event_gateway.dll, wsf_fires.dll, wsf_multiresolution.dll, wsf_oms_uci.dll, wsf_p6dof.dll, wsf_six_dof.dll, wsf_sosm.dll\r","component":"api","simulation_id":22,"stream":"stdout"}
{"time":"2026-06-08T23:11:42.449114+08:00","level":"INFO","msg":"Extensions Included: \r","component":"api","simulation_id":22,"stream":"stdout"}
{"time":"2026-06-08T23:11:42.4501456+08:00","level":"INFO","msg":"    sensor_plot_lib, wsf_cyber, wsf_grammar_check, wsf_l16, wsf_mil, wsf_mil_parser, wsf_mtt, wsf_nx, wsf_parser, wsf_ripr, wsf_space, wsf_weapon_server, wsf_simdis\r","component":"api","simulation_id":22,"stream":"stdout"}
{"time":"2026-06-08T23:11:42.4506987+08:00","level":"INFO","msg":"\r","component":"api","simulation_id":22,"stream":"stdout"}
{"time":"2026-06-08T23:11:42.4512185+08:00","level":"INFO","msg":"Loading simulation input.\r","component":"api","simulation_id":22,"stream":"stdout"}
{"time":"2026-06-08T23:11:42.4522499+08:00","level":"INFO","msg":"Loading simulation input complete.\r","component":"api","simulation_id":22,"stream":"stdout"}
{"time":"2026-06-08T23:11:42.4527668+08:00","level":"INFO","msg":"    Elapsed Wall Clock Time: 0.0597222\r","component":"api","simulation_id":22,"stream":"stdout"}
{"time":"2026-06-08T23:11:42.4532846+08:00","level":"INFO","msg":"    Elapsed Processor Time : 0\r","component":"api","simulation_id":22,"stream":"stdout"}
{"time":"2026-06-08T23:11:42.4537989+08:00","level":"INFO","msg":"Initializing simulation.\r","component":"api","simulation_id":22,"stream":"stdout"}
{"time":"2026-06-08T23:11:42.4543146+08:00","level":"INFO","msg":"***** ERROR: wsf_event_gateway: Failed to create pipe \\\\.\\pipe\\afsim_events (error 231)\r","component":"api","simulation_id":22,"stream":"stdout"}
{"time":"2026-06-08T23:11:42.4553333+08:00","level":"INFO","msg":"***** ERROR: wsf_event_gateway: failed to open event pipe, plugin disabled\r","component":"api","simulation_id":22,"stream":"stdout"}
{"time":"2026-06-08T23:11:42.4558609+08:00","level":"INFO","msg":"Initializing simulation complete.\r","component":"api","simulation_id":22,"stream":"stdout"}
{"time":"2026-06-08T23:11:42.4563804+08:00","level":"INFO","msg":"    Elapsed Wall Clock Time: 0.0060744\r","component":"api","simulation_id":22,"stream":"stdout"}
{"time":"2026-06-08T23:11:42.4568944+08:00","level":"INFO","msg":"    Elapsed Processor Time : 0\r","component":"api","simulation_id":22,"stream":"stdout"}
{"time":"2026-06-08T23:11:42.4574114+08:00","level":"INFO","msg":"Starting simulation.\r","component":"api","simulation_id":22,"stream":"stdout"}
{"time":"2026-06-08T23:11:42.4584434+08:00","level":"INFO","msg":"T = 0\r","component":"api","simulation_id":22,"stream":"stdout"}
{"time":"2026-06-08T23:11:43.8411436+08:00","level":"INFO","msg":"pipe not available, retrying","component":"api","simulation_id":22,"pipe":"events","path":"\\\\.\\pipe\\afsim_events","error":"CreateFile pipe: All pipe instances are busy.","retry_in":2000000000}
{"time":"2026-06-08T23:11:45.8418014+08:00","level":"INFO","msg":"pipe not available, retrying","component":"api","simulation_id":22,"pipe":"events","path":"\\\\.\\pipe\\afsim_events","error":"CreateFile pipe: All pipe instances are busy.","retry_in":2000000000}
{"time":"2026-06-08T23:11:45.8504245+08:00","level":"INFO","msg":"T = 23210.000\r","component":"api","simulation_id":16,"stream":"stdout"}
{"time":"2026-06-08T23:11:47.8432248+08:00","level":"INFO","msg":"pipe not available, retrying","component":"api","simulation_id":22,"pipe":"events","path":"\\\\.\\pipe\\afsim_events","error":"CreateFile pipe: All pipe instances are busy.","retry_in":2000000000}
{"time":"2026-06-08T23:11:49.8442005+08:00","level":"INFO","msg":"pipe not available, retrying","component":"api","simulation_id":22,"pipe":"events","path":"\\\\.\\pipe\\afsim_events","error":"CreateFile pipe: All pipe instances are busy.","retry_in":2000000000}
{"time":"2026-06-08T23:11:51.8456619+08:00","level":"INFO","msg":"pipe not available, retrying","component":"api","simulation_id":22,"pipe":"events","path":"\\\\.\\pipe\\afsim_events","error":"CreateFile pipe: All pipe instances are busy.","retry_in":2000000000}
{"time":"2026-06-08T23:11:52.4551847+08:00","level":"INFO","msg":"T = 10.000\r","component":"api","simulation_id":22,"stream":"stdout"}
{"time":"2026-06-08T23:11:52.7155604+08:00","level":"INFO","msg":"terminating mission.exe","component":"api","simulation_id":22}
{"time":"2026-06-08T23:11:52.731149+08:00","level":"INFO","msg":"mission.exe exited","component":"api","simulation_id":22,"error":"exit status 1"}
{"time":"2026-06-08T23:11:52.7316657+08:00","level":"ERROR","msg":"connector error","component":"api","simulation_id":22,"error":"failed to connect to event pipe: pipe dial cancelled: context canceled"}
2026/06/08 23:11:52 [DESKTOP-2269V6M/0I7zd4hyWa-000296] "POST http://localhost:8080/api/simulations/22/terminate HTTP/1.1" from [::1]:62990 - 200 23B in 16.1053ms
{"time":"2026-06-08T23:11:52.7332002+08:00","level":"ERROR","msg":"websocket read error","component":"api","component":"ws-client","error":"websocket: close 1005 (no status)"}
{"time":"2026-06-08T23:11:55.8506671+08:00","level":"INFO","msg":"T = 23220.000\r","component":"api","simulation_id":16,"stream":"stdout"}
{"time":"2026-06-08T23:12:05.859548+08:00","level":"INFO","msg":"T = 23230.000\r","component":"api","simulation_id":16,"stream":"stdout"}
{"time":"2026-06-08T23:12:15.8603596+08:00","level":"INFO","msg":"T = 23240.000\r","component":"api","simulation_id":16,"stream":"stdout"}
{"time":"2026-06-08T23:12:25.8572751+08:00","level":"INFO","msg":"T = 23250.000\r","component":"api","simulation_id":16,"stream":"stdout"}
{"time":"2026-06-08T23:12:35.859769+08:00","level":"INFO","msg":"T = 23260.000\r","component":"api","simulation_id":16,"stream":"stdout"}
{"time":"2026-06-08T23:12:45.8511224+08:00","level":"INFO","msg":"T = 23270.000\r","component":"api","simulation_id":16,"stream":"stdout"}
{"time":"2026-06-08T23:12:55.8556038+08:00","level":"INFO","msg":"T = 23280.000\r","component":"api","simulation_id":16,"stream":"stdout"}
{"time":"2026-06-08T23:13:05.8534431+08:00","level":"INFO","msg":"T = 23290.000\r","component":"api","simulation_id":16,"stream":"stdout"}
{"time":"2026-06-08T23:13:15.8589074+08:00","level":"INFO","msg":"T = 23300.000\r","component":"api","simulation_id":16,"stream":"stdout"}
{"time":"2026-06-08T23:13:25.8531721+08:00","level":"INFO","msg":"T = 23310.000\r","component":"api","simulation_id":16,"stream":"stdout"}
{"time":"2026-06-08T23:13:35.8585976+08:00","level":"INFO","msg":"T = 23320.000\r","component":"api","simulation_id":16,"stream":"stdout"}
{"time":"2026-06-08T23:13:45.8599682+08:00","level":"INFO","msg":"T = 23330.000\r","component":"api","simulation_id":16,"stream":"stdout"}
{"time":"2026-06-08T23:13:55.8567472+08:00","level":"INFO","msg":"T = 23340.000\r","component":"api","simulation_id":16,"stream":"stdout"}
{"time":"2026-06-08T23:14:05.8579951+08:00","level":"INFO","msg":"T = 23350.000\r","component":"api","simulation_id":16,"stream":"stdout"}
{"time":"2026-06-08T23:14:15.8539442+08:00","level":"INFO","msg":"T = 23360.000\r","component":"api","simulation_id":16,"stream":"stdout"}
{"time":"2026-06-08T23:14:25.8585872+08:00","level":"INFO","msg":"T = 23370.000\r","component":"api","simulation_id":16,"stream":"stdout"}
{"time":"2026-06-08T23:14:35.8588393+08:00","level":"INFO","msg":"T = 23380.000\r","component":"api","simulation_id":16,"stream":"stdout"}
{"time":"2026-06-08T23:14:45.8574039+08:00","level":"INFO","msg":"T = 23390.000\r","component":"api","simulation_id":16,"stream":"stdout"}
{"time":"2026-06-08T23:14:55.8548853+08:00","level":"INFO","msg":"T = 23400.000\r","component":"api","simulation_id":16,"stream":"stdout"}
{"time":"2026-06-08T23:15:05.8536103+08:00","level":"INFO","msg":"T = 23410.000\r","component":"api","simulation_id":16,"stream":"stdout"}
{"time":"2026-06-08T23:15:15.8581412+08:00","level":"INFO","msg":"T = 23420.000\r","component":"api","simulation_id":16,"stream":"stdout"}
{"time":"2026-06-08T23:15:25.8531386+08:00","level":"INFO","msg":"T = 23430.000\r","component":"api","simulation_id":16,"stream":"stdout"}
{"time":"2026-06-08T23:15:35.8595175+08:00","level":"INFO","msg":"T = 23440.000\r","component":"api","simulation_id":16,"stream":"stdout"}
{"time":"2026-06-08T23:15:45.8597947+08:00","level":"INFO","msg":"T = 23450.000\r","component":"api","simulation_id":16,"stream":"stdout"}
{"time":"2026-06-08T23:15:55.8519081+08:00","level":"INFO","msg":"T = 23460.000\r","component":"api","simulation_id":16,"stream":"stdout"}
{"time":"2026-06-08T23:16:05.8525775+08:00","level":"INFO","msg":"T = 23470.000\r","component":"api","simulation_id":16,"stream":"stdout"}
{"time":"2026-06-08T23:16:15.8511501+08:00","level":"INFO","msg":"T = 23480.000\r","component":"api","simulation_id":16,"stream":"stdout"}
{"time":"2026-06-08T23:16:25.8600904+08:00","level":"INFO","msg":"T = 23490.000\r","component":"api","simulation_id":16,"stream":"stdout"}
{"time":"2026-06-08T23:16:35.8570936+08:00","level":"INFO","msg":"T = 23500.000\r","component":"api","simulation_id":16,"stream":"stdout"}
2026/06/08 23:16:38 [DESKTOP-2269V6M/0I7zd4hyWa-000297] "GET http://localhost:8080/api/scenarios HTTP/1.1" from [::1]:63305 - 200 129B in 0s
2026/06/08 23:16:38 [DESKTOP-2269V6M/0I7zd4hyWa-000298] "GET http://localhost:8080/api/scenarios HTTP/1.1" from [::1]:63306 - 200 129B in 0s
{"time":"2026-06-08T23:16:45.8589778+08:00","level":"INFO","msg":"T = 23510.000\r","component":"api","simulation_id":16,"stream":"stdout"}
{"time":"2026-06-08T23:16:55.8513585+08:00","level":"INFO","msg":"T = 23520.000\r","component":"api","simulation_id":16,"stream":"stdout"}
{"time":"2026-06-08T23:17:05.8520589+08:00","level":"INFO","msg":"T = 23530.000\r","component":"api","simulation_id":16,"stream":"stdout"}
{"time":"2026-06-08T23:17:15.8518535+08:00","level":"INFO","msg":"T = 23540.000\r","component":"api","simulation_id":16,"stream":"stdout"}
{"time":"2026-06-08T23:17:25.8572484+08:00","level":"INFO","msg":"T = 23550.000\r","component":"api","simulation_id":16,"stream":"stdout"}
{"time":"2026-06-08T23:17:35.8561447+08:00","level":"INFO","msg":"T = 23560.000\r","component":"api","simulation_id":16,"stream":"stdout"}
{"time":"2026-06-08T23:17:45.8622049+08:00","level":"INFO","msg":"T = 23570.000\r","component":"api","simulation_id":16,"stream":"stdout"}
{"time":"2026-06-08T23:17:55.8512283+08:00","level":"INFO","msg":"T = 23580.000\r","component":"api","simulation_id":16,"stream":"stdout"}
{"time":"2026-06-08T23:18:05.8580679+08:00","level":"INFO","msg":"T = 23590.000\r","component":"api","simulation_id":16,"stream":"stdout"}
{"time":"2026-06-08T23:18:15.8512274+08:00","level":"INFO","msg":"T = 23600.000\r","component":"api","simulation_id":16,"stream":"stdout"}
{"time":"2026-06-08T23:18:25.8597911+08:00","level":"INFO","msg":"T = 23610.000\r","component":"api","simulation_id":16,"stream":"stdout"}
{"time":"2026-06-08T23:18:35.8598212+08:00","level":"INFO","msg":"T = 23620.000\r","component":"api","simulation_id":16,"stream":"stdout"}
{"time":"2026-06-08T23:18:45.8608925+08:00","level":"INFO","msg":"T = 23630.000\r","component":"api","simulation_id":16,"stream":"stdout"}
{"time":"2026-06-08T23:18:55.8561525+08:00","level":"INFO","msg":"T = 23640.000\r","component":"api","simulation_id":16,"stream":"stdout"}
{"time":"2026-06-08T23:18:57.9672633+08:00","level":"ERROR","msg":"failed to read from event pipe","component":"api","simulation_id":16,"error":"reading length prefix: The pipe has been ended."}
{"time":"2026-06-08T23:18:57.96791+08:00","level":"ERROR","msg":"connector error","component":"api","simulation_id":16,"error":"event pipe read error: reading length prefix: The pipe has been ended."}
{"time":"2026-06-08T23:18:57.9836266+08:00","level":"ERROR","msg":"mission.exe exited with error","component":"api","simulation_id":16,"error":"exit status 0x40010004"}
{"time":"2026-06-08T23:19:01.6799036+08:00","level":"INFO","msg":"received shutdown signal"}
{"time":"2026-06-08T23:19:01.6809297+08:00","level":"INFO","msg":"AFSIM gateway stopped"}
