{"time":"2026-06-10T20:22:25.337284+08:00","level":"INFO","msg":"AFSIM gateway starting"}
{"time":"2026-06-10T20:22:25.3420215+08:00","level":"INFO","msg":"configuration loaded","mission_path":"E:/AFsim/afsimweb-master/afsim-gateway/../AFSim/afsim-2.9.0-win64/bin/mission.exe","scenario_dir":"./scenarios","output_dir":"./output","port":8080,"event_pipe":"\\\\.\\pipe\\afsim_events","control_pipe":"\\\\.\\pipe\\afsim_control","data_platform_url":""}
{"time":"2026-06-10T20:22:25.3420215+08:00","level":"INFO","msg":"HTTP server listening","addr":":8080"}
2026/06/10 20:22:34 [DESKTOP-2269V6M/M1g0Pn02vs-000001] "POST http://localhost:8080/api/simulations HTTP/1.1" from [::1]:55169 - 500 182B in 0s
{"time":"2026-06-10T20:22:44.3506648+08:00","level":"INFO","msg":"starting mission.exe","component":"api","simulation_id":2,"path":"E:/AFsim/afsimweb-master/afsim-gateway/../AFSim/afsim-2.9.0-win64/bin/mission.exe","scenario":"scenarios\\东海沿海战役想定.scenario","mode":"realtime","args":["-rt","东海沿海战役想定.scenario"]}
2026/06/10 20:22:44 [DESKTOP-2269V6M/M1g0Pn02vs-000002] "POST http://localhost:8080/api/simulations HTTP/1.1" from [::1]:55175 - 201 154B in 2.1143ms
{"time":"2026-06-10T20:22:44.3527791+08:00","level":"INFO","msg":"pipe not available, retrying","component":"api","simulation_id":2,"pipe":"events","path":"\\\\.\\pipe\\afsim_events","error":"CreateFile pipe: The system cannot find the file specified.","retry_in":2000000000}
{"time":"2026-06-10T20:22:44.4826775+08:00","level":"INFO","msg":"mission:\r","component":"api","simulation_id":2,"stream":"stdout"}
{"time":"2026-06-10T20:22:44.4826775+08:00","level":"INFO","msg":"    WSF Version: 2.9.0 02-25-2022\r","component":"api","simulation_id":2,"stream":"stdout"}
{"time":"2026-06-10T20:22:44.4826775+08:00","level":"INFO","msg":"    Built: Feb 25 2022 08:12:40\r","component":"api","simulation_id":2,"stream":"stdout"}
{"time":"2026-06-10T20:22:44.4826775+08:00","level":"INFO","msg":"Plugin API version info:\r","component":"api","simulation_id":2,"stream":"stdout"}
{"time":"2026-06-10T20:22:44.4826775+08:00","level":"INFO","msg":"    Version: 2.9\r","component":"api","simulation_id":2,"stream":"stdout"}
{"time":"2026-06-10T20:22:44.4826775+08:00","level":"INFO","msg":"    Compiler: win_1916_64bit_release-hwe\r","component":"api","simulation_id":2,"stream":"stdout"}
{"time":"2026-06-10T20:22:44.4826775+08:00","level":"INFO","msg":"Plugins Loaded:\r","component":"api","simulation_id":2,"stream":"stdout"}
{"time":"2026-06-10T20:22:44.4826775+08:00","level":"INFO","msg":"    wsf_alternate_locations.dll, wsf_coverage.dll, wsf_iads_c2.dll, wsf_prompt.dll, wsf_scenario_analyzer.dll, wsf_scenario_analyzer_iads_c2.dll, wsf_air_combat.dll, wsf_annotation.dll, wsf_argo8.dll, wsf_brawler.dll, wsf_event_gateway.dll, wsf_fires.dll, wsf_multiresolution.dll, wsf_oms_uci.dll, wsf_p6dof.dll, wsf_six_dof.dll, wsf_sosm.dll\r","component":"api","simulation_id":2,"stream":"stdout"}
{"time":"2026-06-10T20:22:44.4826775+08:00","level":"INFO","msg":"Extensions Included: \r","component":"api","simulation_id":2,"stream":"stdout"}
{"time":"2026-06-10T20:22:44.4826775+08:00","level":"INFO","msg":"    sensor_plot_lib, wsf_cyber, wsf_grammar_check, wsf_l16, wsf_mil, wsf_mil_parser, wsf_mtt, wsf_nx, wsf_parser, wsf_ripr, wsf_space, wsf_weapon_server, wsf_simdis\r","component":"api","simulation_id":2,"stream":"stdout"}
{"time":"2026-06-10T20:22:44.4826775+08:00","level":"INFO","msg":"\r","component":"api","simulation_id":2,"stream":"stdout"}
{"time":"2026-06-10T20:22:44.4826775+08:00","level":"INFO","msg":"Loading simulation input.\r","component":"api","simulation_id":2,"stream":"stdout"}
{"time":"2026-06-10T20:22:44.4826775+08:00","level":"INFO","msg":"Loading simulation input complete.\r","component":"api","simulation_id":2,"stream":"stdout"}
{"time":"2026-06-10T20:22:44.4826775+08:00","level":"INFO","msg":"    Elapsed Wall Clock Time: 0.0051582\r","component":"api","simulation_id":2,"stream":"stdout"}
{"time":"2026-06-10T20:22:44.4826775+08:00","level":"INFO","msg":"    Elapsed Processor Time : 0.015625\r","component":"api","simulation_id":2,"stream":"stdout"}
{"time":"2026-06-10T20:22:44.4826775+08:00","level":"INFO","msg":"Initializing simulation.\r","component":"api","simulation_id":2,"stream":"stdout"}
{"time":"2026-06-10T20:22:44.4874075+08:00","level":"INFO","msg":"***** ERROR: wsf_event_gateway: Created pipe \\\\.\\pipe\\afsim_events successfully\r","component":"api","simulation_id":2,"stream":"stdout"}
{"time":"2026-06-10T20:22:44.4889933+08:00","level":"INFO","msg":"Initializing simulation complete.\r","component":"api","simulation_id":2,"stream":"stdout"}
{"time":"2026-06-10T20:22:44.4889933+08:00","level":"INFO","msg":"    Elapsed Wall Clock Time: 0.006382\r","component":"api","simulation_id":2,"stream":"stdout"}
{"time":"2026-06-10T20:22:44.4889933+08:00","level":"INFO","msg":"    Elapsed Processor Time : 0\r","component":"api","simulation_id":2,"stream":"stdout"}
{"time":"2026-06-10T20:22:44.4889933+08:00","level":"INFO","msg":"Starting simulation.\r","component":"api","simulation_id":2,"stream":"stdout"}
{"time":"2026-06-10T20:22:44.4889933+08:00","level":"INFO","msg":"T = 0\r","component":"api","simulation_id":2,"stream":"stdout"}
{"time":"2026-06-10T20:22:45.243424+08:00","level":"INFO","msg":"***** WARNING: Undefined radar signature.\r","component":"api","simulation_id":2,"stream":"stdout"}
{"time":"2026-06-10T20:22:45.243424+08:00","level":"INFO","msg":"    Platform: BlueCAP02\r","component":"api","simulation_id":2,"stream":"stdout"}
{"time":"2026-06-10T20:22:45.243424+08:00","level":"INFO","msg":"    Platform Type: blue_adv_fighter_1\r","component":"api","simulation_id":2,"stream":"stdout"}
{"time":"2026-06-10T20:22:45.243424+08:00","level":"INFO","msg":"    Using default.\r","component":"api","simulation_id":2,"stream":"stdout"}
{"time":"2026-06-10T20:22:45.9889394+08:00","level":"INFO","msg":"***** WARNING: Undefined radar signature.\r","component":"api","simulation_id":2,"stream":"stdout"}
{"time":"2026-06-10T20:22:45.9893461+08:00","level":"INFO","msg":"    Platform: BlueCAP01\r","component":"api","simulation_id":2,"stream":"stdout"}
{"time":"2026-06-10T20:22:45.9893461+08:00","level":"INFO","msg":"    Platform Type: blue_adv_fighter_1\r","component":"api","simulation_id":2,"stream":"stdout"}
{"time":"2026-06-10T20:22:45.9893461+08:00","level":"INFO","msg":"    Using default.\r","component":"api","simulation_id":2,"stream":"stdout"}
{"time":"2026-06-10T20:22:46.3539322+08:00","level":"INFO","msg":"connected to named pipe","component":"api","simulation_id":2,"pipe":"events","path":"\\\\.\\pipe\\afsim_events","access":"read-only"}
{"time":"2026-06-10T20:22:46.3539322+08:00","level":"INFO","msg":"connected to named pipe","component":"api","simulation_id":2,"pipe":"control","path":"\\\\.\\pipe\\afsim_control","access":"write-only"}
{"time":"2026-06-10T20:22:46.3539322+08:00","level":"INFO","msg":"connected to both AFSIM pipes, starting event loop","component":"api","simulation_id":2}
{"time":"2026-06-10T20:22:54.4893596+08:00","level":"INFO","msg":"T = 10.000\r","component":"api","simulation_id":2,"stream":"stdout"}
{"time":"2026-06-10T20:23:04.4961862+08:00","level":"INFO","msg":"T = 20.000\r","component":"api","simulation_id":2,"stream":"stdout"}
2026/06/10 20:23:12 [DESKTOP-2269V6M/M1g0Pn02vs-000003] "GET http://localhost:8080/api/simulations/2/state HTTP/1.1" from [::1]:55190 - 404 19B in 0s
{"time":"2026-06-10T20:23:14.4948331+08:00","level":"INFO","msg":"T = 30.000\r","component":"api","simulation_id":2,"stream":"stdout"}
2026/06/10 20:23:22 [DESKTOP-2269V6M/M1g0Pn02vs-000004] "GET http://localhost:8080/api/simulations/2 HTTP/1.1" from [::1]:55202 - 200 154B in 0s
{"time":"2026-06-10T20:23:24.5003067+08:00","level":"INFO","msg":"T = 40.000\r","component":"api","simulation_id":2,"stream":"stdout"}
{"time":"2026-06-10T20:23:34.5004693+08:00","level":"INFO","msg":"T = 50.000\r","component":"api","simulation_id":2,"stream":"stdout"}
{"time":"2026-06-10T20:23:40.5713915+08:00","level":"INFO","msg":"terminating mission.exe","component":"api","simulation_id":2}
{"time":"2026-06-10T20:23:40.5722323+08:00","level":"ERROR","msg":"failed to read from event pipe","component":"api","simulation_id":2,"error":"reading length prefix: The pipe has been ended."}
{"time":"2026-06-10T20:23:40.5722323+08:00","level":"ERROR","msg":"connector error","component":"api","simulation_id":2,"error":"event pipe read error: reading length prefix: The pipe has been ended."}
{"time":"2026-06-10T20:23:40.5821219+08:00","level":"INFO","msg":"mission.exe exited","component":"api","simulation_id":2,"error":"exit status 1"}
2026/06/10 20:23:40 [DESKTOP-2269V6M/M1g0Pn02vs-000005] "POST http://localhost:8080/api/simulations/2/terminate HTTP/1.1" from [::1]:55216 - 200 23B in 10.7304ms
2026/06/10 20:28:53 [DESKTOP-2269V6M/M1g0Pn02vs-000006] "GET http://localhost:8080/api/scenarios HTTP/1.1" from [::1]:56205 - 200 1154B in 0s
2026/06/10 20:28:53 [DESKTOP-2269V6M/M1g0Pn02vs-000007] "GET http://localhost:8080/api/scenarios HTTP/1.1" from [::1]:56206 - 200 1154B in 0s
2026/06/10 20:30:33 [DESKTOP-2269V6M/M1g0Pn02vs-000008] "GET http://localhost:8080/api/scenarios HTTP/1.1" from [::1]:56470 - 200 1154B in 0s
2026/06/10 20:30:33 [DESKTOP-2269V6M/M1g0Pn02vs-000009] "GET http://localhost:8080/api/scenarios HTTP/1.1" from [::1]:56471 - 200 1154B in 0s
2026/06/10 20:31:47 [DESKTOP-2269V6M/M1g0Pn02vs-000010] "GET http://localhost:8080/api/scenarios HTTP/1.1" from [::1]:56580 - 200 1154B in 0s
2026/06/10 20:31:47 [DESKTOP-2269V6M/M1g0Pn02vs-000011] "GET http://localhost:8080/api/scenarios HTTP/1.1" from [::1]:56581 - 200 1154B in 0s
2026/06/10 20:33:03 [DESKTOP-2269V6M/M1g0Pn02vs-000012] "GET http://localhost:8080/api/scenarios HTTP/1.1" from [::1]:56698 - 200 1154B in 0s
2026/06/10 20:33:03 [DESKTOP-2269V6M/M1g0Pn02vs-000013] "GET http://localhost:8080/api/scenarios HTTP/1.1" from [::1]:56699 - 200 1154B in 0s
2026/06/10 20:33:38 [DESKTOP-2269V6M/M1g0Pn02vs-000014] "GET http://localhost:8080/api/scenarios HTTP/1.1" from [::1]:56788 - 200 1154B in 0s
2026/06/10 20:33:38 [DESKTOP-2269V6M/M1g0Pn02vs-000015] "GET http://localhost:8080/api/scenarios HTTP/1.1" from [::1]:56789 - 200 1154B in 0s
{"time":"2026-06-10T20:33:43.3794781+08:00","level":"INFO","msg":"starting mission.exe","component":"api","simulation_id":3,"path":"E:/AFsim/afsimweb-master/afsim-gateway/../AFSim/afsim-2.9.0-win64/bin/mission.exe","scenario":"scenarios\\coastal_campaign.scenario","mode":"realtime","args":["-rt","coastal_campaign.scenario"]}
2026/06/10 20:33:43 [DESKTOP-2269V6M/M1g0Pn02vs-000016] "POST http://localhost:8080/api/simulations HTTP/1.1" from [::1]:56812 - 201 146B in 2.5254ms
{"time":"2026-06-10T20:33:43.3820035+08:00","level":"INFO","msg":"pipe not available, retrying","component":"api","simulation_id":3,"pipe":"events","path":"\\\\.\\pipe\\afsim_events","error":"CreateFile pipe: The system cannot find the file specified.","retry_in":2000000000}
{"time":"2026-06-10T20:33:43.3938133+08:00","level":"INFO","msg":"WebSocket connection request","component":"api","simulation_id":"3"}
2026/06/10 20:33:43 [DESKTOP-2269V6M/M1g0Pn02vs-000017] "GET http://localhost:8080/api/simulations/3/ws HTTP/1.1" from [::1]:56813 - 000 0B in 0s
{"time":"2026-06-10T20:33:43.5104019+08:00","level":"INFO","msg":"mission:\r","component":"api","simulation_id":3,"stream":"stdout"}
{"time":"2026-06-10T20:33:43.510814+08:00","level":"INFO","msg":"    WSF Version: 2.9.0 02-25-2022\r","component":"api","simulation_id":3,"stream":"stdout"}
{"time":"2026-06-10T20:33:43.510814+08:00","level":"INFO","msg":"    Built: Feb 25 2022 08:12:40\r","component":"api","simulation_id":3,"stream":"stdout"}
{"time":"2026-06-10T20:33:43.510814+08:00","level":"INFO","msg":"Plugin API version info:\r","component":"api","simulation_id":3,"stream":"stdout"}
{"time":"2026-06-10T20:33:43.510814+08:00","level":"INFO","msg":"    Version: 2.9\r","component":"api","simulation_id":3,"stream":"stdout"}
{"time":"2026-06-10T20:33:43.510814+08:00","level":"INFO","msg":"    Compiler: win_1916_64bit_release-hwe\r","component":"api","simulation_id":3,"stream":"stdout"}
{"time":"2026-06-10T20:33:43.510814+08:00","level":"INFO","msg":"Plugins Loaded:\r","component":"api","simulation_id":3,"stream":"stdout"}
{"time":"2026-06-10T20:33:43.510814+08:00","level":"INFO","msg":"    wsf_alternate_locations.dll, wsf_coverage.dll, wsf_iads_c2.dll, wsf_prompt.dll, wsf_scenario_analyzer.dll, wsf_scenario_analyzer_iads_c2.dll, wsf_air_combat.dll, wsf_annotation.dll, wsf_argo8.dll, wsf_brawler.dll, wsf_event_gateway.dll, wsf_fires.dll, wsf_multiresolution.dll, wsf_oms_uci.dll, wsf_p6dof.dll, wsf_six_dof.dll, wsf_sosm.dll\r","component":"api","simulation_id":3,"stream":"stdout"}
{"time":"2026-06-10T20:33:43.510814+08:00","level":"INFO","msg":"Extensions Included: \r","component":"api","simulation_id":3,"stream":"stdout"}
{"time":"2026-06-10T20:33:43.510814+08:00","level":"INFO","msg":"    sensor_plot_lib, wsf_cyber, wsf_grammar_check, wsf_l16, wsf_mil, wsf_mil_parser, wsf_mtt, wsf_nx, wsf_parser, wsf_ripr, wsf_space, wsf_weapon_server, wsf_simdis\r","component":"api","simulation_id":3,"stream":"stdout"}
{"time":"2026-06-10T20:33:43.510814+08:00","level":"INFO","msg":"\r","component":"api","simulation_id":3,"stream":"stdout"}
{"time":"2026-06-10T20:33:43.510814+08:00","level":"INFO","msg":"Loading simulation input.\r","component":"api","simulation_id":3,"stream":"stdout"}
{"time":"2026-06-10T20:33:43.510814+08:00","level":"INFO","msg":"Loading simulation input complete.\r","component":"api","simulation_id":3,"stream":"stdout"}
{"time":"2026-06-10T20:33:43.510814+08:00","level":"INFO","msg":"    Elapsed Wall Clock Time: 0.0044448\r","component":"api","simulation_id":3,"stream":"stdout"}
{"time":"2026-06-10T20:33:43.510814+08:00","level":"INFO","msg":"    Elapsed Processor Time : 0\r","component":"api","simulation_id":3,"stream":"stdout"}
{"time":"2026-06-10T20:33:43.510814+08:00","level":"INFO","msg":"Initializing simulation.\r","component":"api","simulation_id":3,"stream":"stdout"}
{"time":"2026-06-10T20:33:43.5155165+08:00","level":"INFO","msg":"***** ERROR: wsf_event_gateway: Created pipe \\\\.\\pipe\\afsim_events successfully\r","component":"api","simulation_id":3,"stream":"stdout"}
{"time":"2026-06-10T20:33:43.5170722+08:00","level":"INFO","msg":"Initializing simulation complete.\r","component":"api","simulation_id":3,"stream":"stdout"}
{"time":"2026-06-10T20:33:43.5170722+08:00","level":"INFO","msg":"    Elapsed Wall Clock Time: 0.0063803\r","component":"api","simulation_id":3,"stream":"stdout"}
{"time":"2026-06-10T20:33:43.5170722+08:00","level":"INFO","msg":"    Elapsed Processor Time : 0.015625\r","component":"api","simulation_id":3,"stream":"stdout"}
{"time":"2026-06-10T20:33:43.5170722+08:00","level":"INFO","msg":"Starting simulation.\r","component":"api","simulation_id":3,"stream":"stdout"}
{"time":"2026-06-10T20:33:43.5170722+08:00","level":"INFO","msg":"T = 0\r","component":"api","simulation_id":3,"stream":"stdout"}
{"time":"2026-06-10T20:33:43.5170722+08:00","level":"INFO","msg":"***** WARNING: Undefined radar signature.\r","component":"api","simulation_id":3,"stream":"stdout"}
{"time":"2026-06-10T20:33:43.5170722+08:00","level":"INFO","msg":"    Platform: BluePatrol01\r","component":"api","simulation_id":3,"stream":"stdout"}
{"time":"2026-06-10T20:33:43.5170722+08:00","level":"INFO","msg":"    Platform Type: blue_adv_fighter_1\r","component":"api","simulation_id":3,"stream":"stdout"}
{"time":"2026-06-10T20:33:43.5170722+08:00","level":"INFO","msg":"    Using default.\r","component":"api","simulation_id":3,"stream":"stdout"}
{"time":"2026-06-10T20:33:44.2745221+08:00","level":"INFO","msg":"***** WARNING: Undefined radar signature.\r","component":"api","simulation_id":3,"stream":"stdout"}
{"time":"2026-06-10T20:33:44.2747844+08:00","level":"INFO","msg":"    Platform: BlueIntercept01\r","component":"api","simulation_id":3,"stream":"stdout"}
{"time":"2026-06-10T20:33:44.2747844+08:00","level":"INFO","msg":"    Platform Type: blue_adv_fighter_1\r","component":"api","simulation_id":3,"stream":"stdout"}
{"time":"2026-06-10T20:33:44.2747844+08:00","level":"INFO","msg":"    Using default.\r","component":"api","simulation_id":3,"stream":"stdout"}
{"time":"2026-06-10T20:33:45.0167236+08:00","level":"INFO","msg":"***** WARNING: Undefined radar signature.\r","component":"api","simulation_id":3,"stream":"stdout"}
{"time":"2026-06-10T20:33:45.0174386+08:00","level":"INFO","msg":"    Platform: BluePatrol02\r","component":"api","simulation_id":3,"stream":"stdout"}
{"time":"2026-06-10T20:33:45.0174386+08:00","level":"INFO","msg":"    Platform Type: blue_adv_fighter_1\r","component":"api","simulation_id":3,"stream":"stdout"}
{"time":"2026-06-10T20:33:45.0174386+08:00","level":"INFO","msg":"    Using default.\r","component":"api","simulation_id":3,"stream":"stdout"}
{"time":"2026-06-10T20:33:45.3823948+08:00","level":"INFO","msg":"connected to named pipe","component":"api","simulation_id":3,"pipe":"events","path":"\\\\.\\pipe\\afsim_events","access":"read-only"}
{"time":"2026-06-10T20:33:45.3823948+08:00","level":"INFO","msg":"connected to named pipe","component":"api","simulation_id":3,"pipe":"control","path":"\\\\.\\pipe\\afsim_control","access":"write-only"}
{"time":"2026-06-10T20:33:45.3823948+08:00","level":"INFO","msg":"connected to both AFSIM pipes, starting event loop","component":"api","simulation_id":3}
{"time":"2026-06-10T20:33:53.5175493+08:00","level":"INFO","msg":"T = 10.000\r","component":"api","simulation_id":3,"stream":"stdout"}
{"time":"2026-06-10T20:34:03.5204939+08:00","level":"INFO","msg":"T = 20.000\r","component":"api","simulation_id":3,"stream":"stdout"}
{"time":"2026-06-10T20:34:13.5214981+08:00","level":"INFO","msg":"T = 30.000\r","component":"api","simulation_id":3,"stream":"stdout"}
2026/06/10 20:34:13 [DESKTOP-2269V6M/M1g0Pn02vs-000018] "GET http://localhost:8080/api/scenarios HTTP/1.1" from [::1]:56978 - 200 1154B in 0s
2026/06/10 20:34:13 [DESKTOP-2269V6M/M1g0Pn02vs-000019] "GET http://localhost:8080/api/scenarios HTTP/1.1" from [::1]:56979 - 200 1154B in 0s
{"time":"2026-06-10T20:34:18.981332+08:00","level":"INFO","msg":"starting mission.exe","component":"api","simulation_id":4,"path":"E:/AFsim/afsimweb-master/afsim-gateway/../AFSim/afsim-2.9.0-win64/bin/mission.exe","scenario":"scenarios\\coastal_campaign.scenario","mode":"realtime","args":["-rt","coastal_campaign.scenario"]}
2026/06/10 20:34:18 [DESKTOP-2269V6M/M1g0Pn02vs-000020] "POST http://localhost:8080/api/simulations HTTP/1.1" from [::1]:57024 - 201 146B in 1.5935ms
{"time":"2026-06-10T20:34:18.9829255+08:00","level":"INFO","msg":"pipe not available, retrying","component":"api","simulation_id":4,"pipe":"events","path":"\\\\.\\pipe\\afsim_events","error":"CreateFile pipe: All pipe instances are busy.","retry_in":2000000000}
{"time":"2026-06-10T20:34:18.996264+08:00","level":"INFO","msg":"WebSocket connection request","component":"api","simulation_id":"4"}
2026/06/10 20:34:18 [DESKTOP-2269V6M/M1g0Pn02vs-000021] "GET http://localhost:8080/api/simulations/4/ws HTTP/1.1" from [::1]:57025 - 000 0B in 0s
{"time":"2026-06-10T20:34:19.115172+08:00","level":"INFO","msg":"mission:\r","component":"api","simulation_id":4,"stream":"stdout"}
{"time":"2026-06-10T20:34:19.115694+08:00","level":"INFO","msg":"    WSF Version: 2.9.0 02-25-2022\r","component":"api","simulation_id":4,"stream":"stdout"}
{"time":"2026-06-10T20:34:19.115694+08:00","level":"INFO","msg":"    Built: Feb 25 2022 08:12:40\r","component":"api","simulation_id":4,"stream":"stdout"}
{"time":"2026-06-10T20:34:19.115694+08:00","level":"INFO","msg":"Plugin API version info:\r","component":"api","simulation_id":4,"stream":"stdout"}
{"time":"2026-06-10T20:34:19.115694+08:00","level":"INFO","msg":"    Version: 2.9\r","component":"api","simulation_id":4,"stream":"stdout"}
{"time":"2026-06-10T20:34:19.115694+08:00","level":"INFO","msg":"    Compiler: win_1916_64bit_release-hwe\r","component":"api","simulation_id":4,"stream":"stdout"}
{"time":"2026-06-10T20:34:19.115694+08:00","level":"INFO","msg":"Plugins Loaded:\r","component":"api","simulation_id":4,"stream":"stdout"}
{"time":"2026-06-10T20:34:19.115694+08:00","level":"INFO","msg":"    wsf_alternate_locations.dll, wsf_coverage.dll, wsf_iads_c2.dll, wsf_prompt.dll, wsf_scenario_analyzer.dll, wsf_scenario_analyzer_iads_c2.dll, wsf_air_combat.dll, wsf_annotation.dll, wsf_argo8.dll, wsf_brawler.dll, wsf_event_gateway.dll, wsf_fires.dll, wsf_multiresolution.dll, wsf_oms_uci.dll, wsf_p6dof.dll, wsf_six_dof.dll, wsf_sosm.dll\r","component":"api","simulation_id":4,"stream":"stdout"}
{"time":"2026-06-10T20:34:19.115694+08:00","level":"INFO","msg":"Extensions Included: \r","component":"api","simulation_id":4,"stream":"stdout"}
{"time":"2026-06-10T20:34:19.115694+08:00","level":"INFO","msg":"    sensor_plot_lib, wsf_cyber, wsf_grammar_check, wsf_l16, wsf_mil, wsf_mil_parser, wsf_mtt, wsf_nx, wsf_parser, wsf_ripr, wsf_space, wsf_weapon_server, wsf_simdis\r","component":"api","simulation_id":4,"stream":"stdout"}
{"time":"2026-06-10T20:34:19.115694+08:00","level":"INFO","msg":"\r","component":"api","simulation_id":4,"stream":"stdout"}
{"time":"2026-06-10T20:34:19.115694+08:00","level":"INFO","msg":"Loading simulation input.\r","component":"api","simulation_id":4,"stream":"stdout"}
{"time":"2026-06-10T20:34:19.115694+08:00","level":"INFO","msg":"Loading simulation input complete.\r","component":"api","simulation_id":4,"stream":"stdout"}
{"time":"2026-06-10T20:34:19.115694+08:00","level":"INFO","msg":"    Elapsed Wall Clock Time: 0.0045099\r","component":"api","simulation_id":4,"stream":"stdout"}
{"time":"2026-06-10T20:34:19.115694+08:00","level":"INFO","msg":"    Elapsed Processor Time : 0\r","component":"api","simulation_id":4,"stream":"stdout"}
{"time":"2026-06-10T20:34:19.115694+08:00","level":"INFO","msg":"Initializing simulation.\r","component":"api","simulation_id":4,"stream":"stdout"}
{"time":"2026-06-10T20:34:19.1210285+08:00","level":"INFO","msg":"***** ERROR: wsf_event_gateway: Failed to create pipe \\\\.\\pipe\\afsim_events (error 231)\r","component":"api","simulation_id":4,"stream":"stdout"}
{"time":"2026-06-10T20:34:19.1210285+08:00","level":"INFO","msg":"***** ERROR: wsf_event_gateway: failed to open event pipe, plugin disabled\r","component":"api","simulation_id":4,"stream":"stdout"}
{"time":"2026-06-10T20:34:19.1220718+08:00","level":"INFO","msg":"Initializing simulation complete.\r","component":"api","simulation_id":4,"stream":"stdout"}
{"time":"2026-06-10T20:34:19.1220718+08:00","level":"INFO","msg":"    Elapsed Wall Clock Time: 0.0067159\r","component":"api","simulation_id":4,"stream":"stdout"}
{"time":"2026-06-10T20:34:19.1220718+08:00","level":"INFO","msg":"    Elapsed Processor Time : 0\r","component":"api","simulation_id":4,"stream":"stdout"}
{"time":"2026-06-10T20:34:19.1220718+08:00","level":"INFO","msg":"Starting simulation.\r","component":"api","simulation_id":4,"stream":"stdout"}
{"time":"2026-06-10T20:34:19.1220718+08:00","level":"INFO","msg":"T = 0\r","component":"api","simulation_id":4,"stream":"stdout"}
{"time":"2026-06-10T20:34:19.1220718+08:00","level":"INFO","msg":"***** WARNING: Undefined radar signature.\r","component":"api","simulation_id":4,"stream":"stdout"}
{"time":"2026-06-10T20:34:19.1220718+08:00","level":"INFO","msg":"    Platform: BluePatrol01\r","component":"api","simulation_id":4,"stream":"stdout"}
{"time":"2026-06-10T20:34:19.1220718+08:00","level":"INFO","msg":"    Platform Type: blue_adv_fighter_1\r","component":"api","simulation_id":4,"stream":"stdout"}
{"time":"2026-06-10T20:34:19.1220718+08:00","level":"INFO","msg":"    Using default.\r","component":"api","simulation_id":4,"stream":"stdout"}
{"time":"2026-06-10T20:34:19.8725067+08:00","level":"INFO","msg":"***** WARNING: Undefined radar signature.\r","component":"api","simulation_id":4,"stream":"stdout"}
{"time":"2026-06-10T20:34:19.8727646+08:00","level":"INFO","msg":"    Platform: BlueIntercept01\r","component":"api","simulation_id":4,"stream":"stdout"}
{"time":"2026-06-10T20:34:19.8727646+08:00","level":"INFO","msg":"    Platform Type: blue_adv_fighter_1\r","component":"api","simulation_id":4,"stream":"stdout"}
{"time":"2026-06-10T20:34:19.8727646+08:00","level":"INFO","msg":"    Using default.\r","component":"api","simulation_id":4,"stream":"stdout"}
{"time":"2026-06-10T20:34:20.6217987+08:00","level":"INFO","msg":"***** WARNING: Undefined radar signature.\r","component":"api","simulation_id":4,"stream":"stdout"}
{"time":"2026-06-10T20:34:20.622626+08:00","level":"INFO","msg":"    Platform: BluePatrol02\r","component":"api","simulation_id":4,"stream":"stdout"}
{"time":"2026-06-10T20:34:20.622626+08:00","level":"INFO","msg":"    Platform Type: blue_adv_fighter_1\r","component":"api","simulation_id":4,"stream":"stdout"}
{"time":"2026-06-10T20:34:20.622626+08:00","level":"INFO","msg":"    Using default.\r","component":"api","simulation_id":4,"stream":"stdout"}
{"time":"2026-06-10T20:34:20.9840063+08:00","level":"INFO","msg":"pipe not available, retrying","component":"api","simulation_id":4,"pipe":"events","path":"\\\\.\\pipe\\afsim_events","error":"CreateFile pipe: All pipe instances are busy.","retry_in":2000000000}
{"time":"2026-06-10T20:34:22.9848098+08:00","level":"INFO","msg":"pipe not available, retrying","component":"api","simulation_id":4,"pipe":"events","path":"\\\\.\\pipe\\afsim_events","error":"CreateFile pipe: All pipe instances are busy.","retry_in":2000000000}
{"time":"2026-06-10T20:34:23.5222642+08:00","level":"INFO","msg":"T = 40.000\r","component":"api","simulation_id":3,"stream":"stdout"}
{"time":"2026-06-10T20:34:24.9852932+08:00","level":"INFO","msg":"pipe not available, retrying","component":"api","simulation_id":4,"pipe":"events","path":"\\\\.\\pipe\\afsim_events","error":"CreateFile pipe: All pipe instances are busy.","retry_in":2000000000}
{"time":"2026-06-10T20:34:26.9855998+08:00","level":"INFO","msg":"pipe not available, retrying","component":"api","simulation_id":4,"pipe":"events","path":"\\\\.\\pipe\\afsim_events","error":"CreateFile pipe: All pipe instances are busy.","retry_in":2000000000}
{"time":"2026-06-10T20:34:28.9862455+08:00","level":"INFO","msg":"pipe not available, retrying","component":"api","simulation_id":4,"pipe":"events","path":"\\\\.\\pipe\\afsim_events","error":"CreateFile pipe: All pipe instances are busy.","retry_in":2000000000}
{"time":"2026-06-10T20:34:29.1227009+08:00","level":"INFO","msg":"T = 10.000\r","component":"api","simulation_id":4,"stream":"stdout"}
{"time":"2026-06-10T20:34:30.9865453+08:00","level":"INFO","msg":"pipe not available, retrying","component":"api","simulation_id":4,"pipe":"events","path":"\\\\.\\pipe\\afsim_events","error":"CreateFile pipe: All pipe instances are busy.","retry_in":2000000000}
{"time":"2026-06-10T20:34:32.9869277+08:00","level":"INFO","msg":"pipe not available, retrying","component":"api","simulation_id":4,"pipe":"events","path":"\\\\.\\pipe\\afsim_events","error":"CreateFile pipe: All pipe instances are busy.","retry_in":2000000000}
{"time":"2026-06-10T20:34:33.5167705+08:00","level":"INFO","msg":"T = 50.000\r","component":"api","simulation_id":3,"stream":"stdout"}
{"time":"2026-06-10T20:34:34.9874393+08:00","level":"INFO","msg":"pipe not available, retrying","component":"api","simulation_id":4,"pipe":"events","path":"\\\\.\\pipe\\afsim_events","error":"CreateFile pipe: All pipe instances are busy.","retry_in":2000000000}
{"time":"2026-06-10T20:34:36.9882931+08:00","level":"INFO","msg":"pipe not available, retrying","component":"api","simulation_id":4,"pipe":"events","path":"\\\\.\\pipe\\afsim_events","error":"CreateFile pipe: All pipe instances are busy.","retry_in":2000000000}
{"time":"2026-06-10T20:34:38.9885999+08:00","level":"INFO","msg":"pipe not available, retrying","component":"api","simulation_id":4,"pipe":"events","path":"\\\\.\\pipe\\afsim_events","error":"CreateFile pipe: All pipe instances are busy.","retry_in":2000000000}
{"time":"2026-06-10T20:34:39.1266967+08:00","level":"INFO","msg":"T = 20.000\r","component":"api","simulation_id":4,"stream":"stdout"}
{"time":"2026-06-10T20:34:40.9897009+08:00","level":"INFO","msg":"pipe not available, retrying","component":"api","simulation_id":4,"pipe":"events","path":"\\\\.\\pipe\\afsim_events","error":"CreateFile pipe: All pipe instances are busy.","retry_in":2000000000}
{"time":"2026-06-10T20:34:42.9901953+08:00","level":"INFO","msg":"pipe not available, retrying","component":"api","simulation_id":4,"pipe":"events","path":"\\\\.\\pipe\\afsim_events","error":"CreateFile pipe: All pipe instances are busy.","retry_in":2000000000}
{"time":"2026-06-10T20:34:43.5176121+08:00","level":"INFO","msg":"T = 60.000\r","component":"api","simulation_id":3,"stream":"stdout"}
{"time":"2026-06-10T20:34:44.9906262+08:00","level":"INFO","msg":"pipe not available, retrying","component":"api","simulation_id":4,"pipe":"events","path":"\\\\.\\pipe\\afsim_events","error":"CreateFile pipe: All pipe instances are busy.","retry_in":2000000000}
{"time":"2026-06-10T20:34:46.9913267+08:00","level":"INFO","msg":"pipe not available, retrying","component":"api","simulation_id":4,"pipe":"events","path":"\\\\.\\pipe\\afsim_events","error":"CreateFile pipe: All pipe instances are busy.","retry_in":2000000000}
{"time":"2026-06-10T20:34:48.9922331+08:00","level":"INFO","msg":"pipe not available, retrying","component":"api","simulation_id":4,"pipe":"events","path":"\\\\.\\pipe\\afsim_events","error":"CreateFile pipe: All pipe instances are busy.","retry_in":2000000000}
{"time":"2026-06-10T20:34:49.1238052+08:00","level":"INFO","msg":"T = 30.000\r","component":"api","simulation_id":4,"stream":"stdout"}
{"time":"2026-06-10T20:34:50.9932048+08:00","level":"INFO","msg":"pipe not available, retrying","component":"api","simulation_id":4,"pipe":"events","path":"\\\\.\\pipe\\afsim_events","error":"CreateFile pipe: All pipe instances are busy.","retry_in":2000000000}
{"time":"2026-06-10T20:34:52.9942979+08:00","level":"INFO","msg":"pipe not available, retrying","component":"api","simulation_id":4,"pipe":"events","path":"\\\\.\\pipe\\afsim_events","error":"CreateFile pipe: All pipe instances are busy.","retry_in":2000000000}
{"time":"2026-06-10T20:34:53.5177305+08:00","level":"INFO","msg":"T = 70.000\r","component":"api","simulation_id":3,"stream":"stdout"}
{"time":"2026-06-10T20:34:54.995269+08:00","level":"INFO","msg":"pipe not available, retrying","component":"api","simulation_id":4,"pipe":"events","path":"\\\\.\\pipe\\afsim_events","error":"CreateFile pipe: All pipe instances are busy.","retry_in":2000000000}
{"time":"2026-06-10T20:34:56.9957742+08:00","level":"INFO","msg":"pipe not available, retrying","component":"api","simulation_id":4,"pipe":"events","path":"\\\\.\\pipe\\afsim_events","error":"CreateFile pipe: All pipe instances are busy.","retry_in":2000000000}
{"time":"2026-06-10T20:34:58.9964169+08:00","level":"INFO","msg":"pipe not available, retrying","component":"api","simulation_id":4,"pipe":"events","path":"\\\\.\\pipe\\afsim_events","error":"CreateFile pipe: All pipe instances are busy.","retry_in":2000000000}
{"time":"2026-06-10T20:34:59.1260471+08:00","level":"INFO","msg":"T = 40.000\r","component":"api","simulation_id":4,"stream":"stdout"}
{"time":"2026-06-10T20:35:00.996625+08:00","level":"INFO","msg":"pipe not available, retrying","component":"api","simulation_id":4,"pipe":"events","path":"\\\\.\\pipe\\afsim_events","error":"CreateFile pipe: All pipe instances are busy.","retry_in":2000000000}
{"time":"2026-06-10T20:35:02.9976621+08:00","level":"INFO","msg":"pipe not available, retrying","component":"api","simulation_id":4,"pipe":"events","path":"\\\\.\\pipe\\afsim_events","error":"CreateFile pipe: All pipe instances are busy.","retry_in":2000000000}
{"time":"2026-06-10T20:35:03.5211265+08:00","level":"INFO","msg":"T = 80.000\r","component":"api","simulation_id":3,"stream":"stdout"}
{"time":"2026-06-10T20:35:04.9980457+08:00","level":"INFO","msg":"pipe not available, retrying","component":"api","simulation_id":4,"pipe":"events","path":"\\\\.\\pipe\\afsim_events","error":"CreateFile pipe: All pipe instances are busy.","retry_in":2000000000}
{"time":"2026-06-10T20:35:06.9987213+08:00","level":"INFO","msg":"pipe not available, retrying","component":"api","simulation_id":4,"pipe":"events","path":"\\\\.\\pipe\\afsim_events","error":"CreateFile pipe: All pipe instances are busy.","retry_in":2000000000}
{"time":"2026-06-10T20:35:08.9996973+08:00","level":"INFO","msg":"pipe not available, retrying","component":"api","simulation_id":4,"pipe":"events","path":"\\\\.\\pipe\\afsim_events","error":"CreateFile pipe: All pipe instances are busy.","retry_in":2000000000}
{"time":"2026-06-10T20:35:09.1279494+08:00","level":"INFO","msg":"T = 50.000\r","component":"api","simulation_id":4,"stream":"stdout"}
{"time":"2026-06-10T20:35:11.0004555+08:00","level":"INFO","msg":"pipe not available, retrying","component":"api","simulation_id":4,"pipe":"events","path":"\\\\.\\pipe\\afsim_events","error":"CreateFile pipe: All pipe instances are busy.","retry_in":2000000000}
{"time":"2026-06-10T20:35:13.0013298+08:00","level":"INFO","msg":"pipe not available, retrying","component":"api","simulation_id":4,"pipe":"events","path":"\\\\.\\pipe\\afsim_events","error":"CreateFile pipe: All pipe instances are busy.","retry_in":2000000000}
{"time":"2026-06-10T20:35:13.5178611+08:00","level":"INFO","msg":"T = 90.000\r","component":"api","simulation_id":3,"stream":"stdout"}
{"time":"2026-06-10T20:35:15.0020311+08:00","level":"INFO","msg":"pipe not available, retrying","component":"api","simulation_id":4,"pipe":"events","path":"\\\\.\\pipe\\afsim_events","error":"CreateFile pipe: All pipe instances are busy.","retry_in":2000000000}
{"time":"2026-06-10T20:35:17.0030785+08:00","level":"INFO","msg":"pipe not available, retrying","component":"api","simulation_id":4,"pipe":"events","path":"\\\\.\\pipe\\afsim_events","error":"CreateFile pipe: All pipe instances are busy.","retry_in":2000000000}
2026/06/10 20:35:17 [DESKTOP-2269V6M/M1g0Pn02vs-000022] "GET http://localhost:8080/api/scenarios HTTP/1.1" from [::1]:57139 - 200 1154B in 0s
2026/06/10 20:35:17 [DESKTOP-2269V6M/M1g0Pn02vs-000023] "GET http://localhost:8080/api/scenarios HTTP/1.1" from [::1]:57140 - 200 1154B in 0s
{"time":"2026-06-10T20:35:19.0031866+08:00","level":"INFO","msg":"pipe not available, retrying","component":"api","simulation_id":4,"pipe":"events","path":"\\\\.\\pipe\\afsim_events","error":"CreateFile pipe: All pipe instances are busy.","retry_in":2000000000}
{"time":"2026-06-10T20:35:19.1306275+08:00","level":"INFO","msg":"T = 60.000\r","component":"api","simulation_id":4,"stream":"stdout"}
{"time":"2026-06-10T20:35:21.0035669+08:00","level":"INFO","msg":"pipe not available, retrying","component":"api","simulation_id":4,"pipe":"events","path":"\\\\.\\pipe\\afsim_events","error":"CreateFile pipe: All pipe instances are busy.","retry_in":2000000000}
{"time":"2026-06-10T20:35:22.6127897+08:00","level":"INFO","msg":"starting mission.exe","component":"api","simulation_id":5,"path":"E:/AFsim/afsimweb-master/afsim-gateway/../AFSim/afsim-2.9.0-win64/bin/mission.exe","scenario":"scenarios\\东海沿海战役想定.scenario","mode":"realtime","args":["-rt","东海沿海战役想定.scenario"]}
2026/06/10 20:35:22 [DESKTOP-2269V6M/M1g0Pn02vs-000024] "POST http://localhost:8080/api/simulations HTTP/1.1" from [::1]:57164 - 201 154B in 1.5698ms
{"time":"2026-06-10T20:35:22.6143595+08:00","level":"INFO","msg":"pipe not available, retrying","component":"api","simulation_id":5,"pipe":"events","path":"\\\\.\\pipe\\afsim_events","error":"CreateFile pipe: All pipe instances are busy.","retry_in":2000000000}
{"time":"2026-06-10T20:35:22.626384+08:00","level":"INFO","msg":"WebSocket connection request","component":"api","simulation_id":"5"}
2026/06/10 20:35:22 [DESKTOP-2269V6M/M1g0Pn02vs-000025] "GET http://localhost:8080/api/simulations/5/ws HTTP/1.1" from [::1]:57165 - 000 0B in 0s
{"time":"2026-06-10T20:35:22.7389793+08:00","level":"INFO","msg":"mission:\r","component":"api","simulation_id":5,"stream":"stdout"}
{"time":"2026-06-10T20:35:22.7391718+08:00","level":"INFO","msg":"    WSF Version: 2.9.0 02-25-2022\r","component":"api","simulation_id":5,"stream":"stdout"}
{"time":"2026-06-10T20:35:22.7391718+08:00","level":"INFO","msg":"    Built: Feb 25 2022 08:12:40\r","component":"api","simulation_id":5,"stream":"stdout"}
{"time":"2026-06-10T20:35:22.7391718+08:00","level":"INFO","msg":"Plugin API version info:\r","component":"api","simulation_id":5,"stream":"stdout"}
{"time":"2026-06-10T20:35:22.7391718+08:00","level":"INFO","msg":"    Version: 2.9\r","component":"api","simulation_id":5,"stream":"stdout"}
{"time":"2026-06-10T20:35:22.7391718+08:00","level":"INFO","msg":"    Compiler: win_1916_64bit_release-hwe\r","component":"api","simulation_id":5,"stream":"stdout"}
{"time":"2026-06-10T20:35:22.7391718+08:00","level":"INFO","msg":"Plugins Loaded:\r","component":"api","simulation_id":5,"stream":"stdout"}
{"time":"2026-06-10T20:35:22.7391718+08:00","level":"INFO","msg":"    wsf_alternate_locations.dll, wsf_coverage.dll, wsf_iads_c2.dll, wsf_prompt.dll, wsf_scenario_analyzer.dll, wsf_scenario_analyzer_iads_c2.dll, wsf_air_combat.dll, wsf_annotation.dll, wsf_argo8.dll, wsf_brawler.dll, wsf_event_gateway.dll, wsf_fires.dll, wsf_multiresolution.dll, wsf_oms_uci.dll, wsf_p6dof.dll, wsf_six_dof.dll, wsf_sosm.dll\r","component":"api","simulation_id":5,"stream":"stdout"}
{"time":"2026-06-10T20:35:22.7391718+08:00","level":"INFO","msg":"Extensions Included: \r","component":"api","simulation_id":5,"stream":"stdout"}
{"time":"2026-06-10T20:35:22.7391718+08:00","level":"INFO","msg":"    sensor_plot_lib, wsf_cyber, wsf_grammar_check, wsf_l16, wsf_mil, wsf_mil_parser, wsf_mtt, wsf_nx, wsf_parser, wsf_ripr, wsf_space, wsf_weapon_server, wsf_simdis\r","component":"api","simulation_id":5,"stream":"stdout"}
{"time":"2026-06-10T20:35:22.7391718+08:00","level":"INFO","msg":"\r","component":"api","simulation_id":5,"stream":"stdout"}
{"time":"2026-06-10T20:35:22.7391718+08:00","level":"INFO","msg":"Loading simulation input.\r","component":"api","simulation_id":5,"stream":"stdout"}
{"time":"2026-06-10T20:35:22.7391718+08:00","level":"INFO","msg":"Loading simulation input complete.\r","component":"api","simulation_id":5,"stream":"stdout"}
{"time":"2026-06-10T20:35:22.7391718+08:00","level":"INFO","msg":"    Elapsed Wall Clock Time: 0.0042011\r","component":"api","simulation_id":5,"stream":"stdout"}
{"time":"2026-06-10T20:35:22.7391718+08:00","level":"INFO","msg":"    Elapsed Processor Time : 0\r","component":"api","simulation_id":5,"stream":"stdout"}
{"time":"2026-06-10T20:35:22.7391718+08:00","level":"INFO","msg":"Initializing simulation.\r","component":"api","simulation_id":5,"stream":"stdout"}
{"time":"2026-06-10T20:35:22.7444556+08:00","level":"INFO","msg":"***** ERROR: wsf_event_gateway: Failed to create pipe \\\\.\\pipe\\afsim_events (error 231)\r","component":"api","simulation_id":5,"stream":"stdout"}
{"time":"2026-06-10T20:35:22.7444556+08:00","level":"INFO","msg":"***** ERROR: wsf_event_gateway: failed to open event pipe, plugin disabled\r","component":"api","simulation_id":5,"stream":"stdout"}
{"time":"2026-06-10T20:35:22.7455004+08:00","level":"INFO","msg":"Initializing simulation complete.\r","component":"api","simulation_id":5,"stream":"stdout"}
{"time":"2026-06-10T20:35:22.7455004+08:00","level":"INFO","msg":"    Elapsed Wall Clock Time: 0.0065214\r","component":"api","simulation_id":5,"stream":"stdout"}
{"time":"2026-06-10T20:35:22.7455004+08:00","level":"INFO","msg":"    Elapsed Processor Time : 0\r","component":"api","simulation_id":5,"stream":"stdout"}
{"time":"2026-06-10T20:35:22.7455004+08:00","level":"INFO","msg":"Starting simulation.\r","component":"api","simulation_id":5,"stream":"stdout"}
{"time":"2026-06-10T20:35:22.7455004+08:00","level":"INFO","msg":"T = 0\r","component":"api","simulation_id":5,"stream":"stdout"}
{"time":"2026-06-10T20:35:23.0036548+08:00","level":"INFO","msg":"pipe not available, retrying","component":"api","simulation_id":4,"pipe":"events","path":"\\\\.\\pipe\\afsim_events","error":"CreateFile pipe: All pipe instances are busy.","retry_in":2000000000}
{"time":"2026-06-10T20:35:23.4959456+08:00","level":"INFO","msg":"***** WARNING: Undefined radar signature.\r","component":"api","simulation_id":5,"stream":"stdout"}
{"time":"2026-06-10T20:35:23.4959679+08:00","level":"INFO","msg":"    Platform: BlueCAP02\r","component":"api","simulation_id":5,"stream":"stdout"}
{"time":"2026-06-10T20:35:23.4959679+08:00","level":"INFO","msg":"    Platform Type: blue_adv_fighter_1\r","component":"api","simulation_id":5,"stream":"stdout"}
{"time":"2026-06-10T20:35:23.4959679+08:00","level":"INFO","msg":"    Using default.\r","component":"api","simulation_id":5,"stream":"stdout"}
{"time":"2026-06-10T20:35:23.5228958+08:00","level":"INFO","msg":"T = 100.000\r","component":"api","simulation_id":3,"stream":"stdout"}
{"time":"2026-06-10T20:35:24.2518694+08:00","level":"INFO","msg":"***** WARNING: Undefined radar signature.\r","component":"api","simulation_id":5,"stream":"stdout"}
{"time":"2026-06-10T20:35:24.2521211+08:00","level":"INFO","msg":"    Platform: BlueCAP01\r","component":"api","simulation_id":5,"stream":"stdout"}
{"time":"2026-06-10T20:35:24.2521211+08:00","level":"INFO","msg":"    Platform Type: blue_adv_fighter_1\r","component":"api","simulation_id":5,"stream":"stdout"}
{"time":"2026-06-10T20:35:24.2521211+08:00","level":"INFO","msg":"    Using default.\r","component":"api","simulation_id":5,"stream":"stdout"}
{"time":"2026-06-10T20:35:24.6149527+08:00","level":"INFO","msg":"pipe not available, retrying","component":"api","simulation_id":5,"pipe":"events","path":"\\\\.\\pipe\\afsim_events","error":"CreateFile pipe: All pipe instances are busy.","retry_in":2000000000}
{"time":"2026-06-10T20:35:25.0038751+08:00","level":"INFO","msg":"pipe not available, retrying","component":"api","simulation_id":4,"pipe":"events","path":"\\\\.\\pipe\\afsim_events","error":"CreateFile pipe: All pipe instances are busy.","retry_in":2000000000}
{"time":"2026-06-10T20:35:26.6157874+08:00","level":"INFO","msg":"pipe not available, retrying","component":"api","simulation_id":5,"pipe":"events","path":"\\\\.\\pipe\\afsim_events","error":"CreateFile pipe: All pipe instances are busy.","retry_in":2000000000}
{"time":"2026-06-10T20:35:27.0041136+08:00","level":"INFO","msg":"pipe not available, retrying","component":"api","simulation_id":4,"pipe":"events","path":"\\\\.\\pipe\\afsim_events","error":"CreateFile pipe: All pipe instances are busy.","retry_in":2000000000}
{"time":"2026-06-10T20:35:28.61627+08:00","level":"INFO","msg":"pipe not available, retrying","component":"api","simulation_id":5,"pipe":"events","path":"\\\\.\\pipe\\afsim_events","error":"CreateFile pipe: All pipe instances are busy.","retry_in":2000000000}
{"time":"2026-06-10T20:35:29.004458+08:00","level":"INFO","msg":"pipe not available, retrying","component":"api","simulation_id":4,"pipe":"events","path":"\\\\.\\pipe\\afsim_events","error":"CreateFile pipe: All pipe instances are busy.","retry_in":2000000000}
{"time":"2026-06-10T20:35:29.1225597+08:00","level":"INFO","msg":"T = 70.000\r","component":"api","simulation_id":4,"stream":"stdout"}
{"time":"2026-06-10T20:35:30.6168238+08:00","level":"INFO","msg":"pipe not available, retrying","component":"api","simulation_id":5,"pipe":"events","path":"\\\\.\\pipe\\afsim_events","error":"CreateFile pipe: All pipe instances are busy.","retry_in":2000000000}
{"time":"2026-06-10T20:35:31.0054292+08:00","level":"INFO","msg":"pipe not available, retrying","component":"api","simulation_id":4,"pipe":"events","path":"\\\\.\\pipe\\afsim_events","error":"CreateFile pipe: All pipe instances are busy.","retry_in":2000000000}
{"time":"2026-06-10T20:35:32.616946+08:00","level":"INFO","msg":"pipe not available, retrying","component":"api","simulation_id":5,"pipe":"events","path":"\\\\.\\pipe\\afsim_events","error":"CreateFile pipe: All pipe instances are busy.","retry_in":2000000000}
{"time":"2026-06-10T20:35:32.7541841+08:00","level":"INFO","msg":"T = 10.000\r","component":"api","simulation_id":5,"stream":"stdout"}
{"time":"2026-06-10T20:35:33.006019+08:00","level":"INFO","msg":"pipe not available, retrying","component":"api","simulation_id":4,"pipe":"events","path":"\\\\.\\pipe\\afsim_events","error":"CreateFile pipe: All pipe instances are busy.","retry_in":2000000000}
{"time":"2026-06-10T20:35:33.5240459+08:00","level":"INFO","msg":"T = 110.000\r","component":"api","simulation_id":3,"stream":"stdout"}
{"time":"2026-06-10T20:35:34.6171529+08:00","level":"INFO","msg":"pipe not available, retrying","component":"api","simulation_id":5,"pipe":"events","path":"\\\\.\\pipe\\afsim_events","error":"CreateFile pipe: All pipe instances are busy.","retry_in":2000000000}
{"time":"2026-06-10T20:35:35.006222+08:00","level":"INFO","msg":"pipe not available, retrying","component":"api","simulation_id":4,"pipe":"events","path":"\\\\.\\pipe\\afsim_events","error":"CreateFile pipe: All pipe instances are busy.","retry_in":2000000000}
{"time":"2026-06-10T20:35:36.6174688+08:00","level":"INFO","msg":"pipe not available, retrying","component":"api","simulation_id":5,"pipe":"events","path":"\\\\.\\pipe\\afsim_events","error":"CreateFile pipe: All pipe instances are busy.","retry_in":2000000000}
{"time":"2026-06-10T20:35:37.0067743+08:00","level":"INFO","msg":"pipe not available, retrying","component":"api","simulation_id":4,"pipe":"events","path":"\\\\.\\pipe\\afsim_events","error":"CreateFile pipe: All pipe instances are busy.","retry_in":2000000000}
{"time":"2026-06-10T20:35:38.6184371+08:00","level":"INFO","msg":"pipe not available, retrying","component":"api","simulation_id":5,"pipe":"events","path":"\\\\.\\pipe\\afsim_events","error":"CreateFile pipe: All pipe instances are busy.","retry_in":2000000000}
{"time":"2026-06-10T20:35:39.0073746+08:00","level":"INFO","msg":"pipe not available, retrying","component":"api","simulation_id":4,"pipe":"events","path":"\\\\.\\pipe\\afsim_events","error":"CreateFile pipe: All pipe instances are busy.","retry_in":2000000000}
{"time":"2026-06-10T20:35:39.1325934+08:00","level":"INFO","msg":"T = 80.000\r","component":"api","simulation_id":4,"stream":"stdout"}
{"time":"2026-06-10T20:35:40.6192153+08:00","level":"INFO","msg":"pipe not available, retrying","component":"api","simulation_id":5,"pipe":"events","path":"\\\\.\\pipe\\afsim_events","error":"CreateFile pipe: All pipe instances are busy.","retry_in":2000000000}
{"time":"2026-06-10T20:35:41.0083505+08:00","level":"INFO","msg":"pipe not available, retrying","component":"api","simulation_id":4,"pipe":"events","path":"\\\\.\\pipe\\afsim_events","error":"CreateFile pipe: All pipe instances are busy.","retry_in":2000000000}
{"time":"2026-06-10T20:35:42.6197777+08:00","level":"INFO","msg":"pipe not available, retrying","component":"api","simulation_id":5,"pipe":"events","path":"\\\\.\\pipe\\afsim_events","error":"CreateFile pipe: All pipe instances are busy.","retry_in":2000000000}
{"time":"2026-06-10T20:35:42.7562355+08:00","level":"INFO","msg":"T = 20.000\r","component":"api","simulation_id":5,"stream":"stdout"}
{"time":"2026-06-10T20:35:43.0084934+08:00","level":"INFO","msg":"pipe not available, retrying","component":"api","simulation_id":4,"pipe":"events","path":"\\\\.\\pipe\\afsim_events","error":"CreateFile pipe: All pipe instances are busy.","retry_in":2000000000}
{"time":"2026-06-10T20:35:43.5171557+08:00","level":"INFO","msg":"T = 120.000\r","component":"api","simulation_id":3,"stream":"stdout"}
{"time":"2026-06-10T20:35:44.6203631+08:00","level":"INFO","msg":"pipe not available, retrying","component":"api","simulation_id":5,"pipe":"events","path":"\\\\.\\pipe\\afsim_events","error":"CreateFile pipe: All pipe instances are busy.","retry_in":2000000000}
{"time":"2026-06-10T20:35:45.0088688+08:00","level":"INFO","msg":"pipe not available, retrying","component":"api","simulation_id":4,"pipe":"events","path":"\\\\.\\pipe\\afsim_events","error":"CreateFile pipe: All pipe instances are busy.","retry_in":2000000000}
{"time":"2026-06-10T20:35:46.6207033+08:00","level":"INFO","msg":"pipe not available, retrying","component":"api","simulation_id":5,"pipe":"events","path":"\\\\.\\pipe\\afsim_events","error":"CreateFile pipe: All pipe instances are busy.","retry_in":2000000000}
{"time":"2026-06-10T20:35:47.009354+08:00","level":"INFO","msg":"pipe not available, retrying","component":"api","simulation_id":4,"pipe":"events","path":"\\\\.\\pipe\\afsim_events","error":"CreateFile pipe: All pipe instances are busy.","retry_in":2000000000}
{"time":"2026-06-10T20:35:48.6210541+08:00","level":"INFO","msg":"pipe not available, retrying","component":"api","simulation_id":5,"pipe":"events","path":"\\\\.\\pipe\\afsim_events","error":"CreateFile pipe: All pipe instances are busy.","retry_in":2000000000}
{"time":"2026-06-10T20:35:49.0097006+08:00","level":"INFO","msg":"pipe not available, retrying","component":"api","simulation_id":4,"pipe":"events","path":"\\\\.\\pipe\\afsim_events","error":"CreateFile pipe: All pipe instances are busy.","retry_in":2000000000}
{"time":"2026-06-10T20:35:49.1260838+08:00","level":"INFO","msg":"T = 90.000\r","component":"api","simulation_id":4,"stream":"stdout"}
{"time":"2026-06-10T20:35:50.6219647+08:00","level":"INFO","msg":"pipe not available, retrying","component":"api","simulation_id":5,"pipe":"events","path":"\\\\.\\pipe\\afsim_events","error":"CreateFile pipe: All pipe instances are busy.","retry_in":2000000000}
{"time":"2026-06-10T20:35:51.0104504+08:00","level":"INFO","msg":"pipe not available, retrying","component":"api","simulation_id":4,"pipe":"events","path":"\\\\.\\pipe\\afsim_events","error":"CreateFile pipe: All pipe instances are busy.","retry_in":2000000000}
{"time":"2026-06-10T20:35:52.6223084+08:00","level":"INFO","msg":"pipe not available, retrying","component":"api","simulation_id":5,"pipe":"events","path":"\\\\.\\pipe\\afsim_events","error":"CreateFile pipe: All pipe instances are busy.","retry_in":2000000000}
{"time":"2026-06-10T20:35:52.7469417+08:00","level":"INFO","msg":"T = 30.000\r","component":"api","simulation_id":5,"stream":"stdout"}
{"time":"2026-06-10T20:35:53.0105968+08:00","level":"INFO","msg":"pipe not available, retrying","component":"api","simulation_id":4,"pipe":"events","path":"\\\\.\\pipe\\afsim_events","error":"CreateFile pipe: All pipe instances are busy.","retry_in":2000000000}
{"time":"2026-06-10T20:35:53.5236081+08:00","level":"INFO","msg":"T = 130.000\r","component":"api","simulation_id":3,"stream":"stdout"}
{"time":"2026-06-10T20:35:54.6232076+08:00","level":"INFO","msg":"pipe not available, retrying","component":"api","simulation_id":5,"pipe":"events","path":"\\\\.\\pipe\\afsim_events","error":"CreateFile pipe: All pipe instances are busy.","retry_in":2000000000}
{"time":"2026-06-10T20:35:55.0108114+08:00","level":"INFO","msg":"pipe not available, retrying","component":"api","simulation_id":4,"pipe":"events","path":"\\\\.\\pipe\\afsim_events","error":"CreateFile pipe: All pipe instances are busy.","retry_in":2000000000}
{"time":"2026-06-10T20:35:56.6233287+08:00","level":"INFO","msg":"pipe not available, retrying","component":"api","simulation_id":5,"pipe":"events","path":"\\\\.\\pipe\\afsim_events","error":"CreateFile pipe: All pipe instances are busy.","retry_in":2000000000}
{"time":"2026-06-10T20:35:57.0116767+08:00","level":"INFO","msg":"pipe not available, retrying","component":"api","simulation_id":4,"pipe":"events","path":"\\\\.\\pipe\\afsim_events","error":"CreateFile pipe: All pipe instances are busy.","retry_in":2000000000}
{"time":"2026-06-10T20:35:58.6239937+08:00","level":"INFO","msg":"pipe not available, retrying","component":"api","simulation_id":5,"pipe":"events","path":"\\\\.\\pipe\\afsim_events","error":"CreateFile pipe: All pipe instances are busy.","retry_in":2000000000}
2026/06/10 20:35:58 [DESKTOP-2269V6M/M1g0Pn02vs-000026] "GET http://localhost:8080/api/simulations/5 HTTP/1.1" from [::1]:57195 - 200 154B in 0s
2026/06/10 20:35:58 [DESKTOP-2269V6M/M1g0Pn02vs-000027] "GET http://localhost:8080/api/simulations/4 HTTP/1.1" from [::1]:57196 - 200 146B in 0s
2026/06/10 20:35:58 [DESKTOP-2269V6M/M1g0Pn02vs-000028] "GET http://localhost:8080/api/simulations/3 HTTP/1.1" from [::1]:57197 - 200 146B in 0s
{"time":"2026-06-10T20:35:59.0120258+08:00","level":"INFO","msg":"pipe not available, retrying","component":"api","simulation_id":4,"pipe":"events","path":"\\\\.\\pipe\\afsim_events","error":"CreateFile pipe: All pipe instances are busy.","retry_in":2000000000}
{"time":"2026-06-10T20:35:59.131309+08:00","level":"INFO","msg":"T = 100.000\r","component":"api","simulation_id":4,"stream":"stdout"}
{"time":"2026-06-10T20:36:00.6249387+08:00","level":"INFO","msg":"pipe not available, retrying","component":"api","simulation_id":5,"pipe":"events","path":"\\\\.\\pipe\\afsim_events","error":"CreateFile pipe: All pipe instances are busy.","retry_in":2000000000}
{"time":"2026-06-10T20:36:01.0127658+08:00","level":"INFO","msg":"pipe not available, retrying","component":"api","simulation_id":4,"pipe":"events","path":"\\\\.\\pipe\\afsim_events","error":"CreateFile pipe: All pipe instances are busy.","retry_in":2000000000}
{"time":"2026-06-10T20:36:02.625435+08:00","level":"INFO","msg":"pipe not available, retrying","component":"api","simulation_id":5,"pipe":"events","path":"\\\\.\\pipe\\afsim_events","error":"CreateFile pipe: All pipe instances are busy.","retry_in":2000000000}
{"time":"2026-06-10T20:36:02.7538973+08:00","level":"INFO","msg":"T = 40.000\r","component":"api","simulation_id":5,"stream":"stdout"}
{"time":"2026-06-10T20:36:03.0133364+08:00","level":"INFO","msg":"pipe not available, retrying","component":"api","simulation_id":4,"pipe":"events","path":"\\\\.\\pipe\\afsim_events","error":"CreateFile pipe: All pipe instances are busy.","retry_in":2000000000}
{"time":"2026-06-10T20:36:03.5212933+08:00","level":"INFO","msg":"T = 140.000\r","component":"api","simulation_id":3,"stream":"stdout"}
{"time":"2026-06-10T20:36:04.6263538+08:00","level":"INFO","msg":"pipe not available, retrying","component":"api","simulation_id":5,"pipe":"events","path":"\\\\.\\pipe\\afsim_events","error":"CreateFile pipe: All pipe instances are busy.","retry_in":2000000000}
{"time":"2026-06-10T20:36:05.0139479+08:00","level":"INFO","msg":"pipe not available, retrying","component":"api","simulation_id":4,"pipe":"events","path":"\\\\.\\pipe\\afsim_events","error":"CreateFile pipe: All pipe instances are busy.","retry_in":2000000000}
{"time":"2026-06-10T20:36:06.6271117+08:00","level":"INFO","msg":"pipe not available, retrying","component":"api","simulation_id":5,"pipe":"events","path":"\\\\.\\pipe\\afsim_events","error":"CreateFile pipe: All pipe instances are busy.","retry_in":2000000000}
{"time":"2026-06-10T20:36:07.0146912+08:00","level":"INFO","msg":"pipe not available, retrying","component":"api","simulation_id":4,"pipe":"events","path":"\\\\.\\pipe\\afsim_events","error":"CreateFile pipe: All pipe instances are busy.","retry_in":2000000000}
{"time":"2026-06-10T20:36:08.6274916+08:00","level":"INFO","msg":"pipe not available, retrying","component":"api","simulation_id":5,"pipe":"events","path":"\\\\.\\pipe\\afsim_events","error":"CreateFile pipe: All pipe instances are busy.","retry_in":2000000000}
{"time":"2026-06-10T20:36:09.0149147+08:00","level":"INFO","msg":"pipe not available, retrying","component":"api","simulation_id":4,"pipe":"events","path":"\\\\.\\pipe\\afsim_events","error":"CreateFile pipe: All pipe instances are busy.","retry_in":2000000000}
{"time":"2026-06-10T20:36:09.1220466+08:00","level":"INFO","msg":"T = 110.000\r","component":"api","simulation_id":4,"stream":"stdout"}
{"time":"2026-06-10T20:36:10.628372+08:00","level":"INFO","msg":"pipe not available, retrying","component":"api","simulation_id":5,"pipe":"events","path":"\\\\.\\pipe\\afsim_events","error":"CreateFile pipe: All pipe instances are busy.","retry_in":2000000000}
{"time":"2026-06-10T20:36:11.0151376+08:00","level":"INFO","msg":"pipe not available, retrying","component":"api","simulation_id":4,"pipe":"events","path":"\\\\.\\pipe\\afsim_events","error":"CreateFile pipe: All pipe instances are busy.","retry_in":2000000000}
{"time":"2026-06-10T20:36:12.6288503+08:00","level":"INFO","msg":"pipe not available, retrying","component":"api","simulation_id":5,"pipe":"events","path":"\\\\.\\pipe\\afsim_events","error":"CreateFile pipe: All pipe instances are busy.","retry_in":2000000000}
{"time":"2026-06-10T20:36:12.7458301+08:00","level":"INFO","msg":"T = 50.000\r","component":"api","simulation_id":5,"stream":"stdout"}
{"time":"2026-06-10T20:36:13.015282+08:00","level":"INFO","msg":"pipe not available, retrying","component":"api","simulation_id":4,"pipe":"events","path":"\\\\.\\pipe\\afsim_events","error":"CreateFile pipe: All pipe instances are busy.","retry_in":2000000000}
{"time":"2026-06-10T20:36:13.5272503+08:00","level":"INFO","msg":"T = 150.000\r","component":"api","simulation_id":3,"stream":"stdout"}
{"time":"2026-06-10T20:36:14.6296471+08:00","level":"INFO","msg":"pipe not available, retrying","component":"api","simulation_id":5,"pipe":"events","path":"\\\\.\\pipe\\afsim_events","error":"CreateFile pipe: All pipe instances are busy.","retry_in":2000000000}
{"time":"2026-06-10T20:36:15.0161429+08:00","level":"INFO","msg":"pipe not available, retrying","component":"api","simulation_id":4,"pipe":"events","path":"\\\\.\\pipe\\afsim_events","error":"CreateFile pipe: All pipe instances are busy.","retry_in":2000000000}
{"time":"2026-06-10T20:36:16.6306544+08:00","level":"INFO","msg":"pipe not available, retrying","component":"api","simulation_id":5,"pipe":"events","path":"\\\\.\\pipe\\afsim_events","error":"CreateFile pipe: All pipe instances are busy.","retry_in":2000000000}
{"time":"2026-06-10T20:36:17.0164345+08:00","level":"INFO","msg":"pipe not available, retrying","component":"api","simulation_id":4,"pipe":"events","path":"\\\\.\\pipe\\afsim_events","error":"CreateFile pipe: All pipe instances are busy.","retry_in":2000000000}
{"time":"2026-06-10T20:36:18.6311832+08:00","level":"INFO","msg":"pipe not available, retrying","component":"api","simulation_id":5,"pipe":"events","path":"\\\\.\\pipe\\afsim_events","error":"CreateFile pipe: All pipe instances are busy.","retry_in":2000000000}
{"time":"2026-06-10T20:36:19.0168147+08:00","level":"INFO","msg":"pipe not available, retrying","component":"api","simulation_id":4,"pipe":"events","path":"\\\\.\\pipe\\afsim_events","error":"CreateFile pipe: All pipe instances are busy.","retry_in":2000000000}
{"time":"2026-06-10T20:36:19.1324073+08:00","level":"INFO","msg":"T = 120.000\r","component":"api","simulation_id":4,"stream":"stdout"}
{"time":"2026-06-10T20:36:20.6321611+08:00","level":"INFO","msg":"pipe not available, retrying","component":"api","simulation_id":5,"pipe":"events","path":"\\\\.\\pipe\\afsim_events","error":"CreateFile pipe: All pipe instances are busy.","retry_in":2000000000}
{"time":"2026-06-10T20:36:21.0176428+08:00","level":"INFO","msg":"pipe not available, retrying","component":"api","simulation_id":4,"pipe":"events","path":"\\\\.\\pipe\\afsim_events","error":"CreateFile pipe: All pipe instances are busy.","retry_in":2000000000}
{"time":"2026-06-10T20:36:22.6330822+08:00","level":"INFO","msg":"pipe not available, retrying","component":"api","simulation_id":5,"pipe":"events","path":"\\\\.\\pipe\\afsim_events","error":"CreateFile pipe: All pipe instances are busy.","retry_in":2000000000}
{"time":"2026-06-10T20:36:22.7550523+08:00","level":"INFO","msg":"T = 60.000\r","component":"api","simulation_id":5,"stream":"stdout"}
{"time":"2026-06-10T20:36:23.01794+08:00","level":"INFO","msg":"pipe not available, retrying","component":"api","simulation_id":4,"pipe":"events","path":"\\\\.\\pipe\\afsim_events","error":"CreateFile pipe: All pipe instances are busy.","retry_in":2000000000}
{"time":"2026-06-10T20:36:23.5169455+08:00","level":"INFO","msg":"T = 160.000\r","component":"api","simulation_id":3,"stream":"stdout"}
{"time":"2026-06-10T20:36:24.6333532+08:00","level":"INFO","msg":"pipe not available, retrying","component":"api","simulation_id":5,"pipe":"events","path":"\\\\.\\pipe\\afsim_events","error":"CreateFile pipe: All pipe instances are busy.","retry_in":2000000000}
{"time":"2026-06-10T20:36:25.018702+08:00","level":"INFO","msg":"pipe not available, retrying","component":"api","simulation_id":4,"pipe":"events","path":"\\\\.\\pipe\\afsim_events","error":"CreateFile pipe: All pipe instances are busy.","retry_in":2000000000}
{"time":"2026-06-10T20:36:26.6340477+08:00","level":"INFO","msg":"pipe not available, retrying","component":"api","simulation_id":5,"pipe":"events","path":"\\\\.\\pipe\\afsim_events","error":"CreateFile pipe: All pipe instances are busy.","retry_in":2000000000}
{"time":"2026-06-10T20:36:27.0192667+08:00","level":"INFO","msg":"pipe not available, retrying","component":"api","simulation_id":4,"pipe":"events","path":"\\\\.\\pipe\\afsim_events","error":"CreateFile pipe: All pipe instances are busy.","retry_in":2000000000}
{"time":"2026-06-10T20:36:28.6349459+08:00","level":"INFO","msg":"pipe not available, retrying","component":"api","simulation_id":5,"pipe":"events","path":"\\\\.\\pipe\\afsim_events","error":"CreateFile pipe: All pipe instances are busy.","retry_in":2000000000}
{"time":"2026-06-10T20:36:29.0201815+08:00","level":"INFO","msg":"pipe not available, retrying","component":"api","simulation_id":4,"pipe":"events","path":"\\\\.\\pipe\\afsim_events","error":"CreateFile pipe: All pipe instances are busy.","retry_in":2000000000}
{"time":"2026-06-10T20:36:29.1260523+08:00","level":"INFO","msg":"T = 130.000\r","component":"api","simulation_id":4,"stream":"stdout"}
2026/06/10 20:36:30 [DESKTOP-2269V6M/M1g0Pn02vs-000029] "GET http://localhost:8080/api/scenarios HTTP/1.1" from [::1]:57252 - 200 1154B in 0s
2026/06/10 20:36:30 [DESKTOP-2269V6M/M1g0Pn02vs-000030] "GET http://localhost:8080/api/scenarios HTTP/1.1" from [::1]:57253 - 200 1154B in 0s
{"time":"2026-06-10T20:36:30.6356275+08:00","level":"INFO","msg":"pipe not available, retrying","component":"api","simulation_id":5,"pipe":"events","path":"\\\\.\\pipe\\afsim_events","error":"CreateFile pipe: All pipe instances are busy.","retry_in":2000000000}
{"time":"2026-06-10T20:36:31.0211504+08:00","level":"INFO","msg":"pipe not available, retrying","component":"api","simulation_id":4,"pipe":"events","path":"\\\\.\\pipe\\afsim_events","error":"CreateFile pipe: All pipe instances are busy.","retry_in":2000000000}
{"time":"2026-06-10T20:36:32.6363314+08:00","level":"INFO","msg":"pipe not available, retrying","component":"api","simulation_id":5,"pipe":"events","path":"\\\\.\\pipe\\afsim_events","error":"CreateFile pipe: All pipe instances are busy.","retry_in":2000000000}
{"time":"2026-06-10T20:36:32.7529492+08:00","level":"INFO","msg":"T = 70.000\r","component":"api","simulation_id":5,"stream":"stdout"}
{"time":"2026-06-10T20:36:33.0216274+08:00","level":"INFO","msg":"pipe not available, retrying","component":"api","simulation_id":4,"pipe":"events","path":"\\\\.\\pipe\\afsim_events","error":"CreateFile pipe: All pipe instances are busy.","retry_in":2000000000}
{"time":"2026-06-10T20:36:33.5174425+08:00","level":"INFO","msg":"T = 170.000\r","component":"api","simulation_id":3,"stream":"stdout"}
{"time":"2026-06-10T20:36:34.6366374+08:00","level":"INFO","msg":"pipe not available, retrying","component":"api","simulation_id":5,"pipe":"events","path":"\\\\.\\pipe\\afsim_events","error":"CreateFile pipe: All pipe instances are busy.","retry_in":2000000000}
{"time":"2026-06-10T20:36:35.0223388+08:00","level":"INFO","msg":"pipe not available, retrying","component":"api","simulation_id":4,"pipe":"events","path":"\\\\.\\pipe\\afsim_events","error":"CreateFile pipe: All pipe instances are busy.","retry_in":2000000000}
{"time":"2026-06-10T20:36:35.5683434+08:00","level":"INFO","msg":"starting mission.exe","component":"api","simulation_id":6,"path":"E:/AFsim/afsimweb-master/afsim-gateway/../AFSim/afsim-2.9.0-win64/bin/mission.exe","scenario":"scenarios\\东海沿海战役想定.scenario","mode":"realtime","args":["-rt","东海沿海战役想定.scenario"]}
2026/06/10 20:36:35 [DESKTOP-2269V6M/M1g0Pn02vs-000031] "POST http://localhost:8080/api/simulations HTTP/1.1" from [::1]:57289 - 201 154B in 1.7943ms
{"time":"2026-06-10T20:36:35.5701377+08:00","level":"INFO","msg":"pipe not available, retrying","component":"api","simulation_id":6,"pipe":"events","path":"\\\\.\\pipe\\afsim_events","error":"CreateFile pipe: All pipe instances are busy.","retry_in":2000000000}
{"time":"2026-06-10T20:36:35.5820796+08:00","level":"INFO","msg":"WebSocket connection request","component":"api","simulation_id":"6"}
2026/06/10 20:36:35 [DESKTOP-2269V6M/M1g0Pn02vs-000032] "GET http://localhost:8080/api/simulations/6/ws HTTP/1.1" from [::1]:57290 - 000 0B in 0s
{"time":"2026-06-10T20:36:35.7051676+08:00","level":"INFO","msg":"mission:\r","component":"api","simulation_id":6,"stream":"stdout"}
{"time":"2026-06-10T20:36:35.7058671+08:00","level":"INFO","msg":"    WSF Version: 2.9.0 02-25-2022\r","component":"api","simulation_id":6,"stream":"stdout"}
{"time":"2026-06-10T20:36:35.7058671+08:00","level":"INFO","msg":"    Built: Feb 25 2022 08:12:40\r","component":"api","simulation_id":6,"stream":"stdout"}
{"time":"2026-06-10T20:36:35.7058671+08:00","level":"INFO","msg":"Plugin API version info:\r","component":"api","simulation_id":6,"stream":"stdout"}
{"time":"2026-06-10T20:36:35.7058671+08:00","level":"INFO","msg":"    Version: 2.9\r","component":"api","simulation_id":6,"stream":"stdout"}
{"time":"2026-06-10T20:36:35.7058671+08:00","level":"INFO","msg":"    Compiler: win_1916_64bit_release-hwe\r","component":"api","simulation_id":6,"stream":"stdout"}
{"time":"2026-06-10T20:36:35.7058671+08:00","level":"INFO","msg":"Plugins Loaded:\r","component":"api","simulation_id":6,"stream":"stdout"}
{"time":"2026-06-10T20:36:35.7058671+08:00","level":"INFO","msg":"    wsf_alternate_locations.dll, wsf_coverage.dll, wsf_iads_c2.dll, wsf_prompt.dll, wsf_scenario_analyzer.dll, wsf_scenario_analyzer_iads_c2.dll, wsf_air_combat.dll, wsf_annotation.dll, wsf_argo8.dll, wsf_brawler.dll, wsf_event_gateway.dll, wsf_fires.dll, wsf_multiresolution.dll, wsf_oms_uci.dll, wsf_p6dof.dll, wsf_six_dof.dll, wsf_sosm.dll\r","component":"api","simulation_id":6,"stream":"stdout"}
{"time":"2026-06-10T20:36:35.7058671+08:00","level":"INFO","msg":"Extensions Included: \r","component":"api","simulation_id":6,"stream":"stdout"}
{"time":"2026-06-10T20:36:35.7058671+08:00","level":"INFO","msg":"    sensor_plot_lib, wsf_cyber, wsf_grammar_check, wsf_l16, wsf_mil, wsf_mil_parser, wsf_mtt, wsf_nx, wsf_parser, wsf_ripr, wsf_space, wsf_weapon_server, wsf_simdis\r","component":"api","simulation_id":6,"stream":"stdout"}
{"time":"2026-06-10T20:36:35.7058671+08:00","level":"INFO","msg":"\r","component":"api","simulation_id":6,"stream":"stdout"}
{"time":"2026-06-10T20:36:35.7058671+08:00","level":"INFO","msg":"Loading simulation input.\r","component":"api","simulation_id":6,"stream":"stdout"}
{"time":"2026-06-10T20:36:35.7058671+08:00","level":"INFO","msg":"Loading simulation input complete.\r","component":"api","simulation_id":6,"stream":"stdout"}
{"time":"2026-06-10T20:36:35.7058671+08:00","level":"INFO","msg":"    Elapsed Wall Clock Time: 0.0043284\r","component":"api","simulation_id":6,"stream":"stdout"}
{"time":"2026-06-10T20:36:35.7058671+08:00","level":"INFO","msg":"    Elapsed Processor Time : 0\r","component":"api","simulation_id":6,"stream":"stdout"}
{"time":"2026-06-10T20:36:35.7058671+08:00","level":"INFO","msg":"Initializing simulation.\r","component":"api","simulation_id":6,"stream":"stdout"}
{"time":"2026-06-10T20:36:35.7110869+08:00","level":"INFO","msg":"***** ERROR: wsf_event_gateway: Failed to create pipe \\\\.\\pipe\\afsim_events (error 231)\r","component":"api","simulation_id":6,"stream":"stdout"}
{"time":"2026-06-10T20:36:35.7110869+08:00","level":"INFO","msg":"***** ERROR: wsf_event_gateway: failed to open event pipe, plugin disabled\r","component":"api","simulation_id":6,"stream":"stdout"}
{"time":"2026-06-10T20:36:35.7121602+08:00","level":"INFO","msg":"Initializing simulation complete.\r","component":"api","simulation_id":6,"stream":"stdout"}
{"time":"2026-06-10T20:36:35.7121602+08:00","level":"INFO","msg":"    Elapsed Wall Clock Time: 0.0064218\r","component":"api","simulation_id":6,"stream":"stdout"}
{"time":"2026-06-10T20:36:35.7121602+08:00","level":"INFO","msg":"    Elapsed Processor Time : 0\r","component":"api","simulation_id":6,"stream":"stdout"}
{"time":"2026-06-10T20:36:35.7121602+08:00","level":"INFO","msg":"Starting simulation.\r","component":"api","simulation_id":6,"stream":"stdout"}
{"time":"2026-06-10T20:36:35.7121602+08:00","level":"INFO","msg":"T = 0\r","component":"api","simulation_id":6,"stream":"stdout"}
{"time":"2026-06-10T20:36:36.4625795+08:00","level":"INFO","msg":"***** WARNING: Undefined radar signature.\r","component":"api","simulation_id":6,"stream":"stdout"}
{"time":"2026-06-10T20:36:36.4625795+08:00","level":"INFO","msg":"    Platform: BlueCAP02\r","component":"api","simulation_id":6,"stream":"stdout"}
{"time":"2026-06-10T20:36:36.4625795+08:00","level":"INFO","msg":"    Platform Type: blue_adv_fighter_1\r","component":"api","simulation_id":6,"stream":"stdout"}
{"time":"2026-06-10T20:36:36.4625795+08:00","level":"INFO","msg":"    Using default.\r","component":"api","simulation_id":6,"stream":"stdout"}
{"time":"2026-06-10T20:36:36.6368745+08:00","level":"INFO","msg":"pipe not available, retrying","component":"api","simulation_id":5,"pipe":"events","path":"\\\\.\\pipe\\afsim_events","error":"CreateFile pipe: All pipe instances are busy.","retry_in":2000000000}
{"time":"2026-06-10T20:36:37.0227118+08:00","level":"INFO","msg":"pipe not available, retrying","component":"api","simulation_id":4,"pipe":"events","path":"\\\\.\\pipe\\afsim_events","error":"CreateFile pipe: All pipe instances are busy.","retry_in":2000000000}
{"time":"2026-06-10T20:36:37.2229609+08:00","level":"INFO","msg":"***** WARNING: Undefined radar signature.\r","component":"api","simulation_id":6,"stream":"stdout"}
{"time":"2026-06-10T20:36:37.2231832+08:00","level":"INFO","msg":"    Platform: BlueCAP01\r","component":"api","simulation_id":6,"stream":"stdout"}
{"time":"2026-06-10T20:36:37.2231832+08:00","level":"INFO","msg":"    Platform Type: blue_adv_fighter_1\r","component":"api","simulation_id":6,"stream":"stdout"}
{"time":"2026-06-10T20:36:37.2231832+08:00","level":"INFO","msg":"    Using default.\r","component":"api","simulation_id":6,"stream":"stdout"}
{"time":"2026-06-10T20:36:37.5711418+08:00","level":"INFO","msg":"pipe not available, retrying","component":"api","simulation_id":6,"pipe":"events","path":"\\\\.\\pipe\\afsim_events","error":"CreateFile pipe: All pipe instances are busy.","retry_in":2000000000}
{"time":"2026-06-10T20:36:38.637655+08:00","level":"INFO","msg":"pipe not available, retrying","component":"api","simulation_id":5,"pipe":"events","path":"\\\\.\\pipe\\afsim_events","error":"CreateFile pipe: All pipe instances are busy.","retry_in":2000000000}
{"time":"2026-06-10T20:36:39.0232272+08:00","level":"INFO","msg":"pipe not available, retrying","component":"api","simulation_id":4,"pipe":"events","path":"\\\\.\\pipe\\afsim_events","error":"CreateFile pipe: All pipe instances are busy.","retry_in":2000000000}
{"time":"2026-06-10T20:36:39.1330748+08:00","level":"INFO","msg":"T = 140.000\r","component":"api","simulation_id":4,"stream":"stdout"}
{"time":"2026-06-10T20:36:39.5716825+08:00","level":"INFO","msg":"pipe not available, retrying","component":"api","simulation_id":6,"pipe":"events","path":"\\\\.\\pipe\\afsim_events","error":"CreateFile pipe: All pipe instances are busy.","retry_in":2000000000}
{"time":"2026-06-10T20:36:40.6383361+08:00","level":"INFO","msg":"pipe not available, retrying","component":"api","simulation_id":5,"pipe":"events","path":"\\\\.\\pipe\\afsim_events","error":"CreateFile pipe: All pipe instances are busy.","retry_in":2000000000}
{"time":"2026-06-10T20:36:41.0238465+08:00","level":"INFO","msg":"pipe not available, retrying","component":"api","simulation_id":4,"pipe":"events","path":"\\\\.\\pipe\\afsim_events","error":"CreateFile pipe: All pipe instances are busy.","retry_in":2000000000}
{"time":"2026-06-10T20:36:41.5721273+08:00","level":"INFO","msg":"pipe not available, retrying","component":"api","simulation_id":6,"pipe":"events","path":"\\\\.\\pipe\\afsim_events","error":"CreateFile pipe: All pipe instances are busy.","retry_in":2000000000}
{"time":"2026-06-10T20:36:42.6389077+08:00","level":"INFO","msg":"pipe not available, retrying","component":"api","simulation_id":5,"pipe":"events","path":"\\\\.\\pipe\\afsim_events","error":"CreateFile pipe: All pipe instances are busy.","retry_in":2000000000}
{"time":"2026-06-10T20:36:42.7504678+08:00","level":"INFO","msg":"T = 80.000\r","component":"api","simulation_id":5,"stream":"stdout"}
{"time":"2026-06-10T20:36:43.0243014+08:00","level":"INFO","msg":"pipe not available, retrying","component":"api","simulation_id":4,"pipe":"events","path":"\\\\.\\pipe\\afsim_events","error":"CreateFile pipe: All pipe instances are busy.","retry_in":2000000000}
{"time":"2026-06-10T20:36:43.5213003+08:00","level":"INFO","msg":"T = 180.000\r","component":"api","simulation_id":3,"stream":"stdout"}
{"time":"2026-06-10T20:36:43.5725028+08:00","level":"INFO","msg":"pipe not available, retrying","component":"api","simulation_id":6,"pipe":"events","path":"\\\\.\\pipe\\afsim_events","error":"CreateFile pipe: All pipe instances are busy.","retry_in":2000000000}
{"time":"2026-06-10T20:36:44.6401287+08:00","level":"INFO","msg":"pipe not available, retrying","component":"api","simulation_id":5,"pipe":"events","path":"\\\\.\\pipe\\afsim_events","error":"CreateFile pipe: All pipe instances are busy.","retry_in":2000000000}
{"time":"2026-06-10T20:36:45.0252558+08:00","level":"INFO","msg":"pipe not available, retrying","component":"api","simulation_id":4,"pipe":"events","path":"\\\\.\\pipe\\afsim_events","error":"CreateFile pipe: All pipe instances are busy.","retry_in":2000000000}
{"time":"2026-06-10T20:36:45.5727521+08:00","level":"INFO","msg":"pipe not available, retrying","component":"api","simulation_id":6,"pipe":"events","path":"\\\\.\\pipe\\afsim_events","error":"CreateFile pipe: All pipe instances are busy.","retry_in":2000000000}
{"time":"2026-06-10T20:36:45.7184411+08:00","level":"INFO","msg":"T = 10.000\r","component":"api","simulation_id":6,"stream":"stdout"}
{"time":"2026-06-10T20:36:46.6411229+08:00","level":"INFO","msg":"pipe not available, retrying","component":"api","simulation_id":5,"pipe":"events","path":"\\\\.\\pipe\\afsim_events","error":"CreateFile pipe: All pipe instances are busy.","retry_in":2000000000}
{"time":"2026-06-10T20:36:47.0261402+08:00","level":"INFO","msg":"pipe not available, retrying","component":"api","simulation_id":4,"pipe":"events","path":"\\\\.\\pipe\\afsim_events","error":"CreateFile pipe: All pipe instances are busy.","retry_in":2000000000}
{"time":"2026-06-10T20:36:47.5738382+08:00","level":"INFO","msg":"pipe not available, retrying","component":"api","simulation_id":6,"pipe":"events","path":"\\\\.\\pipe\\afsim_events","error":"CreateFile pipe: All pipe instances are busy.","retry_in":2000000000}
{"time":"2026-06-10T20:36:48.6417524+08:00","level":"INFO","msg":"pipe not available, retrying","component":"api","simulation_id":5,"pipe":"events","path":"\\\\.\\pipe\\afsim_events","error":"CreateFile pipe: All pipe instances are busy.","retry_in":2000000000}
{"time":"2026-06-10T20:36:49.0269973+08:00","level":"INFO","msg":"pipe not available, retrying","component":"api","simulation_id":4,"pipe":"events","path":"\\\\.\\pipe\\afsim_events","error":"CreateFile pipe: All pipe instances are busy.","retry_in":2000000000}
{"time":"2026-06-10T20:36:49.1236401+08:00","level":"INFO","msg":"T = 150.000\r","component":"api","simulation_id":4,"stream":"stdout"}
{"time":"2026-06-10T20:36:49.5746048+08:00","level":"INFO","msg":"pipe not available, retrying","component":"api","simulation_id":6,"pipe":"events","path":"\\\\.\\pipe\\afsim_events","error":"CreateFile pipe: All pipe instances are busy.","retry_in":2000000000}
{"time":"2026-06-10T20:36:50.6424002+08:00","level":"INFO","msg":"pipe not available, retrying","component":"api","simulation_id":5,"pipe":"events","path":"\\\\.\\pipe\\afsim_events","error":"CreateFile pipe: All pipe instances are busy.","retry_in":2000000000}
{"time":"2026-06-10T20:36:51.0275844+08:00","level":"INFO","msg":"pipe not available, retrying","component":"api","simulation_id":4,"pipe":"events","path":"\\\\.\\pipe\\afsim_events","error":"CreateFile pipe: All pipe instances are busy.","retry_in":2000000000}
{"time":"2026-06-10T20:36:51.5753559+08:00","level":"INFO","msg":"pipe not available, retrying","component":"api","simulation_id":6,"pipe":"events","path":"\\\\.\\pipe\\afsim_events","error":"CreateFile pipe: All pipe instances are busy.","retry_in":2000000000}
{"time":"2026-06-10T20:36:52.6425079+08:00","level":"INFO","msg":"pipe not available, retrying","component":"api","simulation_id":5,"pipe":"events","path":"\\\\.\\pipe\\afsim_events","error":"CreateFile pipe: All pipe instances are busy.","retry_in":2000000000}
{"time":"2026-06-10T20:36:52.7523986+08:00","level":"INFO","msg":"T = 90.000\r","component":"api","simulation_id":5,"stream":"stdout"}
{"time":"2026-06-10T20:36:53.0282611+08:00","level":"INFO","msg":"pipe not available, retrying","component":"api","simulation_id":4,"pipe":"events","path":"\\\\.\\pipe\\afsim_events","error":"CreateFile pipe: All pipe instances are busy.","retry_in":2000000000}
{"time":"2026-06-10T20:36:53.5252166+08:00","level":"INFO","msg":"T = 190.000\r","component":"api","simulation_id":3,"stream":"stdout"}
{"time":"2026-06-10T20:36:53.5763954+08:00","level":"INFO","msg":"pipe not available, retrying","component":"api","simulation_id":6,"pipe":"events","path":"\\\\.\\pipe\\afsim_events","error":"CreateFile pipe: All pipe instances are busy.","retry_in":2000000000}
{"time":"2026-06-10T20:36:54.6434356+08:00","level":"INFO","msg":"pipe not available, retrying","component":"api","simulation_id":5,"pipe":"events","path":"\\\\.\\pipe\\afsim_events","error":"CreateFile pipe: All pipe instances are busy.","retry_in":2000000000}
{"time":"2026-06-10T20:36:55.0285345+08:00","level":"INFO","msg":"pipe not available, retrying","component":"api","simulation_id":4,"pipe":"events","path":"\\\\.\\pipe\\afsim_events","error":"CreateFile pipe: All pipe instances are busy.","retry_in":2000000000}
{"time":"2026-06-10T20:36:55.5767125+08:00","level":"INFO","msg":"pipe not available, retrying","component":"api","simulation_id":6,"pipe":"events","path":"\\\\.\\pipe\\afsim_events","error":"CreateFile pipe: All pipe instances are busy.","retry_in":2000000000}
{"time":"2026-06-10T20:36:55.7165716+08:00","level":"INFO","msg":"T = 20.000\r","component":"api","simulation_id":6,"stream":"stdout"}
{"time":"2026-06-10T20:36:56.6437287+08:00","level":"INFO","msg":"pipe not available, retrying","component":"api","simulation_id":5,"pipe":"events","path":"\\\\.\\pipe\\afsim_events","error":"CreateFile pipe: All pipe instances are busy.","retry_in":2000000000}
{"time":"2026-06-10T20:36:57.0294705+08:00","level":"INFO","msg":"pipe not available, retrying","component":"api","simulation_id":4,"pipe":"events","path":"\\\\.\\pipe\\afsim_events","error":"CreateFile pipe: All pipe instances are busy.","retry_in":2000000000}
{"time":"2026-06-10T20:36:57.5768887+08:00","level":"INFO","msg":"pipe not available, retrying","component":"api","simulation_id":6,"pipe":"events","path":"\\\\.\\pipe\\afsim_events","error":"CreateFile pipe: All pipe instances are busy.","retry_in":2000000000}
{"time":"2026-06-10T20:36:58.6447359+08:00","level":"INFO","msg":"pipe not available, retrying","component":"api","simulation_id":5,"pipe":"events","path":"\\\\.\\pipe\\afsim_events","error":"CreateFile pipe: All pipe instances are busy.","retry_in":2000000000}
{"time":"2026-06-10T20:36:59.0302387+08:00","level":"INFO","msg":"pipe not available, retrying","component":"api","simulation_id":4,"pipe":"events","path":"\\\\.\\pipe\\afsim_events","error":"CreateFile pipe: All pipe instances are busy.","retry_in":2000000000}
{"time":"2026-06-10T20:36:59.1299364+08:00","level":"INFO","msg":"T = 160.000\r","component":"api","simulation_id":4,"stream":"stdout"}
{"time":"2026-06-10T20:36:59.5779314+08:00","level":"INFO","msg":"pipe not available, retrying","component":"api","simulation_id":6,"pipe":"events","path":"\\\\.\\pipe\\afsim_events","error":"CreateFile pipe: All pipe instances are busy.","retry_in":2000000000}
{"time":"2026-06-10T20:37:00.6447707+08:00","level":"INFO","msg":"pipe not available, retrying","component":"api","simulation_id":5,"pipe":"events","path":"\\\\.\\pipe\\afsim_events","error":"CreateFile pipe: All pipe instances are busy.","retry_in":2000000000}
{"time":"2026-06-10T20:37:01.0305827+08:00","level":"INFO","msg":"pipe not available, retrying","component":"api","simulation_id":4,"pipe":"events","path":"\\\\.\\pipe\\afsim_events","error":"CreateFile pipe: All pipe instances are busy.","retry_in":2000000000}
{"time":"2026-06-10T20:37:01.5785556+08:00","level":"INFO","msg":"pipe not available, retrying","component":"api","simulation_id":6,"pipe":"events","path":"\\\\.\\pipe\\afsim_events","error":"CreateFile pipe: All pipe instances are busy.","retry_in":2000000000}
{"time":"2026-06-10T20:37:02.6456447+08:00","level":"INFO","msg":"pipe not available, retrying","component":"api","simulation_id":5,"pipe":"events","path":"\\\\.\\pipe\\afsim_events","error":"CreateFile pipe: All pipe instances are busy.","retry_in":2000000000}
{"time":"2026-06-10T20:37:02.7462852+08:00","level":"INFO","msg":"T = 100.000\r","component":"api","simulation_id":5,"stream":"stdout"}
{"time":"2026-06-10T20:37:03.0307355+08:00","level":"INFO","msg":"pipe not available, retrying","component":"api","simulation_id":4,"pipe":"events","path":"\\\\.\\pipe\\afsim_events","error":"CreateFile pipe: All pipe instances are busy.","retry_in":2000000000}
{"time":"2026-06-10T20:37:03.5172159+08:00","level":"INFO","msg":"T = 200.000\r","component":"api","simulation_id":3,"stream":"stdout"}
{"time":"2026-06-10T20:37:03.5791006+08:00","level":"INFO","msg":"pipe not available, retrying","component":"api","simulation_id":6,"pipe":"events","path":"\\\\.\\pipe\\afsim_events","error":"CreateFile pipe: All pipe instances are busy.","retry_in":2000000000}
{"time":"2026-06-10T20:37:04.6462229+08:00","level":"INFO","msg":"pipe not available, retrying","component":"api","simulation_id":5,"pipe":"events","path":"\\\\.\\pipe\\afsim_events","error":"CreateFile pipe: All pipe instances are busy.","retry_in":2000000000}
{"time":"2026-06-10T20:37:05.0311944+08:00","level":"INFO","msg":"pipe not available, retrying","component":"api","simulation_id":4,"pipe":"events","path":"\\\\.\\pipe\\afsim_events","error":"CreateFile pipe: All pipe instances are busy.","retry_in":2000000000}
2026/06/10 20:37:05 [DESKTOP-2269V6M/M1g0Pn02vs-000033] "GET http://localhost:8080/api/scenarios HTTP/1.1" from [::1]:57352 - 200 1154B in 0s
2026/06/10 20:37:05 [DESKTOP-2269V6M/M1g0Pn02vs-000034] "GET http://localhost:8080/api/scenarios HTTP/1.1" from [::1]:57353 - 200 1154B in 0s
{"time":"2026-06-10T20:37:05.5795241+08:00","level":"INFO","msg":"pipe not available, retrying","component":"api","simulation_id":6,"pipe":"events","path":"\\\\.\\pipe\\afsim_events","error":"CreateFile pipe: All pipe instances are busy.","retry_in":2000000000}
{"time":"2026-06-10T20:37:05.7125324+08:00","level":"INFO","msg":"T = 30.000\r","component":"api","simulation_id":6,"stream":"stdout"}
{"time":"2026-06-10T20:37:06.6472041+08:00","level":"INFO","msg":"pipe not available, retrying","component":"api","simulation_id":5,"pipe":"events","path":"\\\\.\\pipe\\afsim_events","error":"CreateFile pipe: All pipe instances are busy.","retry_in":2000000000}
{"time":"2026-06-10T20:37:07.0313839+08:00","level":"INFO","msg":"pipe not available, retrying","component":"api","simulation_id":4,"pipe":"events","path":"\\\\.\\pipe\\afsim_events","error":"CreateFile pipe: All pipe instances are busy.","retry_in":2000000000}
{"time":"2026-06-10T20:37:07.5801577+08:00","level":"INFO","msg":"pipe not available, retrying","component":"api","simulation_id":6,"pipe":"events","path":"\\\\.\\pipe\\afsim_events","error":"CreateFile pipe: All pipe instances are busy.","retry_in":2000000000}
{"time":"2026-06-10T20:37:08.6481584+08:00","level":"INFO","msg":"pipe not available, retrying","component":"api","simulation_id":5,"pipe":"events","path":"\\\\.\\pipe\\afsim_events","error":"CreateFile pipe: All pipe instances are busy.","retry_in":2000000000}
{"time":"2026-06-10T20:37:09.0323194+08:00","level":"INFO","msg":"pipe not available, retrying","component":"api","simulation_id":4,"pipe":"events","path":"\\\\.\\pipe\\afsim_events","error":"CreateFile pipe: All pipe instances are busy.","retry_in":2000000000}
{"time":"2026-06-10T20:37:09.1271077+08:00","level":"INFO","msg":"T = 170.000\r","component":"api","simulation_id":4,"stream":"stdout"}
{"time":"2026-06-10T20:37:09.5805074+08:00","level":"INFO","msg":"pipe not available, retrying","component":"api","simulation_id":6,"pipe":"events","path":"\\\\.\\pipe\\afsim_events","error":"CreateFile pipe: All pipe instances are busy.","retry_in":2000000000}
{"time":"2026-06-10T20:37:10.452467+08:00","level":"INFO","msg":"starting mission.exe","component":"api","simulation_id":7,"path":"E:/AFsim/afsimweb-master/afsim-gateway/../AFSim/afsim-2.9.0-win64/bin/mission.exe","scenario":"scenarios\\东海沿海战役想定.scenario","mode":"realtime","args":["-rt","东海沿海战役想定.scenario"]}
2026/06/10 20:37:10 [DESKTOP-2269V6M/M1g0Pn02vs-000035] "POST http://localhost:8080/api/simulations HTTP/1.1" from [::1]:57377 - 201 154B in 1.5608ms
{"time":"2026-06-10T20:37:10.4540278+08:00","level":"INFO","msg":"pipe not available, retrying","component":"api","simulation_id":7,"pipe":"events","path":"\\\\.\\pipe\\afsim_events","error":"CreateFile pipe: All pipe instances are busy.","retry_in":2000000000}
{"time":"2026-06-10T20:37:10.466418+08:00","level":"INFO","msg":"WebSocket connection request","component":"api","simulation_id":"7"}
2026/06/10 20:37:10 [DESKTOP-2269V6M/M1g0Pn02vs-000036] "GET http://localhost:8080/api/simulations/7/ws HTTP/1.1" from [::1]:57378 - 000 0B in 0s
{"time":"2026-06-10T20:37:10.5791944+08:00","level":"INFO","msg":"mission:\r","component":"api","simulation_id":7,"stream":"stdout"}
{"time":"2026-06-10T20:37:10.5797538+08:00","level":"INFO","msg":"    WSF Version: 2.9.0 02-25-2022\r","component":"api","simulation_id":7,"stream":"stdout"}
{"time":"2026-06-10T20:37:10.5797538+08:00","level":"INFO","msg":"    Built: Feb 25 2022 08:12:40\r","component":"api","simulation_id":7,"stream":"stdout"}
{"time":"2026-06-10T20:37:10.5797538+08:00","level":"INFO","msg":"Plugin API version info:\r","component":"api","simulation_id":7,"stream":"stdout"}
{"time":"2026-06-10T20:37:10.5797538+08:00","level":"INFO","msg":"    Version: 2.9\r","component":"api","simulation_id":7,"stream":"stdout"}
{"time":"2026-06-10T20:37:10.5797538+08:00","level":"INFO","msg":"    Compiler: win_1916_64bit_release-hwe\r","component":"api","simulation_id":7,"stream":"stdout"}
{"time":"2026-06-10T20:37:10.5797538+08:00","level":"INFO","msg":"Plugins Loaded:\r","component":"api","simulation_id":7,"stream":"stdout"}
{"time":"2026-06-10T20:37:10.5797538+08:00","level":"INFO","msg":"    wsf_alternate_locations.dll, wsf_coverage.dll, wsf_iads_c2.dll, wsf_prompt.dll, wsf_scenario_analyzer.dll, wsf_scenario_analyzer_iads_c2.dll, wsf_air_combat.dll, wsf_annotation.dll, wsf_argo8.dll, wsf_brawler.dll, wsf_event_gateway.dll, wsf_fires.dll, wsf_multiresolution.dll, wsf_oms_uci.dll, wsf_p6dof.dll, wsf_six_dof.dll, wsf_sosm.dll\r","component":"api","simulation_id":7,"stream":"stdout"}
{"time":"2026-06-10T20:37:10.5797538+08:00","level":"INFO","msg":"Extensions Included: \r","component":"api","simulation_id":7,"stream":"stdout"}
{"time":"2026-06-10T20:37:10.5797538+08:00","level":"INFO","msg":"    sensor_plot_lib, wsf_cyber, wsf_grammar_check, wsf_l16, wsf_mil, wsf_mil_parser, wsf_mtt, wsf_nx, wsf_parser, wsf_ripr, wsf_space, wsf_weapon_server, wsf_simdis\r","component":"api","simulation_id":7,"stream":"stdout"}
{"time":"2026-06-10T20:37:10.5797538+08:00","level":"INFO","msg":"\r","component":"api","simulation_id":7,"stream":"stdout"}
{"time":"2026-06-10T20:37:10.5797538+08:00","level":"INFO","msg":"Loading simulation input.\r","component":"api","simulation_id":7,"stream":"stdout"}
{"time":"2026-06-10T20:37:10.5797538+08:00","level":"INFO","msg":"Loading simulation input complete.\r","component":"api","simulation_id":7,"stream":"stdout"}
{"time":"2026-06-10T20:37:10.5797538+08:00","level":"INFO","msg":"    Elapsed Wall Clock Time: 0.0043163\r","component":"api","simulation_id":7,"stream":"stdout"}
{"time":"2026-06-10T20:37:10.5797538+08:00","level":"INFO","msg":"    Elapsed Processor Time : 0.015625\r","component":"api","simulation_id":7,"stream":"stdout"}
{"time":"2026-06-10T20:37:10.5797538+08:00","level":"INFO","msg":"Initializing simulation.\r","component":"api","simulation_id":7,"stream":"stdout"}
{"time":"2026-06-10T20:37:10.5849356+08:00","level":"INFO","msg":"***** ERROR: wsf_event_gateway: Failed to create pipe \\\\.\\pipe\\afsim_events (error 231)\r","component":"api","simulation_id":7,"stream":"stdout"}
{"time":"2026-06-10T20:37:10.5849356+08:00","level":"INFO","msg":"***** ERROR: wsf_event_gateway: failed to open event pipe, plugin disabled\r","component":"api","simulation_id":7,"stream":"stdout"}
{"time":"2026-06-10T20:37:10.5859734+08:00","level":"INFO","msg":"Initializing simulation complete.\r","component":"api","simulation_id":7,"stream":"stdout"}
{"time":"2026-06-10T20:37:10.5859734+08:00","level":"INFO","msg":"    Elapsed Wall Clock Time: 0.0065308\r","component":"api","simulation_id":7,"stream":"stdout"}
{"time":"2026-06-10T20:37:10.5859734+08:00","level":"INFO","msg":"    Elapsed Processor Time : 0\r","component":"api","simulation_id":7,"stream":"stdout"}
{"time":"2026-06-10T20:37:10.5859734+08:00","level":"INFO","msg":"Starting simulation.\r","component":"api","simulation_id":7,"stream":"stdout"}
{"time":"2026-06-10T20:37:10.5859734+08:00","level":"INFO","msg":"T = 0\r","component":"api","simulation_id":7,"stream":"stdout"}
{"time":"2026-06-10T20:37:10.648863+08:00","level":"INFO","msg":"pipe not available, retrying","component":"api","simulation_id":5,"pipe":"events","path":"\\\\.\\pipe\\afsim_events","error":"CreateFile pipe: All pipe instances are busy.","retry_in":2000000000}
{"time":"2026-06-10T20:37:11.0325087+08:00","level":"INFO","msg":"pipe not available, retrying","component":"api","simulation_id":4,"pipe":"events","path":"\\\\.\\pipe\\afsim_events","error":"CreateFile pipe: All pipe instances are busy.","retry_in":2000000000}
{"time":"2026-06-10T20:37:11.3428898+08:00","level":"INFO","msg":"***** WARNING: Undefined radar signature.\r","component":"api","simulation_id":7,"stream":"stdout"}
{"time":"2026-06-10T20:37:11.3431633+08:00","level":"INFO","msg":"    Platform: BlueCAP02\r","component":"api","simulation_id":7,"stream":"stdout"}
{"time":"2026-06-10T20:37:11.3431633+08:00","level":"INFO","msg":"    Platform Type: blue_adv_fighter_1\r","component":"api","simulation_id":7,"stream":"stdout"}
{"time":"2026-06-10T20:37:11.3431633+08:00","level":"INFO","msg":"    Using default.\r","component":"api","simulation_id":7,"stream":"stdout"}
{"time":"2026-06-10T20:37:11.5813105+08:00","level":"INFO","msg":"pipe not available, retrying","component":"api","simulation_id":6,"pipe":"events","path":"\\\\.\\pipe\\afsim_events","error":"CreateFile pipe: All pipe instances are busy.","retry_in":2000000000}
{"time":"2026-06-10T20:37:12.0937703+08:00","level":"INFO","msg":"***** WARNING: Undefined radar signature.\r","component":"api","simulation_id":7,"stream":"stdout"}
{"time":"2026-06-10T20:37:12.0937703+08:00","level":"INFO","msg":"    Platform: BlueCAP01\r","component":"api","simulation_id":7,"stream":"stdout"}
{"time":"2026-06-10T20:37:12.0937703+08:00","level":"INFO","msg":"    Platform Type: blue_adv_fighter_1\r","component":"api","simulation_id":7,"stream":"stdout"}
{"time":"2026-06-10T20:37:12.0937703+08:00","level":"INFO","msg":"    Using default.\r","component":"api","simulation_id":7,"stream":"stdout"}
{"time":"2026-06-10T20:37:12.4542165+08:00","level":"INFO","msg":"pipe not available, retrying","component":"api","simulation_id":7,"pipe":"events","path":"\\\\.\\pipe\\afsim_events","error":"CreateFile pipe: All pipe instances are busy.","retry_in":2000000000}
{"time":"2026-06-10T20:37:12.6495966+08:00","level":"INFO","msg":"pipe not available, retrying","component":"api","simulation_id":5,"pipe":"events","path":"\\\\.\\pipe\\afsim_events","error":"CreateFile pipe: All pipe instances are busy.","retry_in":2000000000}
{"time":"2026-06-10T20:37:12.7511697+08:00","level":"INFO","msg":"T = 110.000\r","component":"api","simulation_id":5,"stream":"stdout"}
{"time":"2026-06-10T20:37:13.0334901+08:00","level":"INFO","msg":"pipe not available, retrying","component":"api","simulation_id":4,"pipe":"events","path":"\\\\.\\pipe\\afsim_events","error":"CreateFile pipe: All pipe instances are busy.","retry_in":2000000000}
{"time":"2026-06-10T20:37:13.5231066+08:00","level":"INFO","msg":"T = 210.000\r","component":"api","simulation_id":3,"stream":"stdout"}
{"time":"2026-06-10T20:37:13.5818883+08:00","level":"INFO","msg":"pipe not available, retrying","component":"api","simulation_id":6,"pipe":"events","path":"\\\\.\\pipe\\afsim_events","error":"CreateFile pipe: All pipe instances are busy.","retry_in":2000000000}
{"time":"2026-06-10T20:37:14.4548475+08:00","level":"INFO","msg":"pipe not available, retrying","component":"api","simulation_id":7,"pipe":"events","path":"\\\\.\\pipe\\afsim_events","error":"CreateFile pipe: All pipe instances are busy.","retry_in":2000000000}
{"time":"2026-06-10T20:37:14.6502169+08:00","level":"INFO","msg":"pipe not available, retrying","component":"api","simulation_id":5,"pipe":"events","path":"\\\\.\\pipe\\afsim_events","error":"CreateFile pipe: All pipe instances are busy.","retry_in":2000000000}
{"time":"2026-06-10T20:37:15.0339109+08:00","level":"INFO","msg":"pipe not available, retrying","component":"api","simulation_id":4,"pipe":"events","path":"\\\\.\\pipe\\afsim_events","error":"CreateFile pipe: All pipe instances are busy.","retry_in":2000000000}
{"time":"2026-06-10T20:37:15.5826625+08:00","level":"INFO","msg":"pipe not available, retrying","component":"api","simulation_id":6,"pipe":"events","path":"\\\\.\\pipe\\afsim_events","error":"CreateFile pipe: All pipe instances are busy.","retry_in":2000000000}
{"time":"2026-06-10T20:37:15.7200089+08:00","level":"INFO","msg":"T = 40.000\r","component":"api","simulation_id":6,"stream":"stdout"}
{"time":"2026-06-10T20:37:16.4553912+08:00","level":"INFO","msg":"pipe not available, retrying","component":"api","simulation_id":7,"pipe":"events","path":"\\\\.\\pipe\\afsim_events","error":"CreateFile pipe: All pipe instances are busy.","retry_in":2000000000}
{"time":"2026-06-10T20:37:16.650658+08:00","level":"INFO","msg":"pipe not available, retrying","component":"api","simulation_id":5,"pipe":"events","path":"\\\\.\\pipe\\afsim_events","error":"CreateFile pipe: All pipe instances are busy.","retry_in":2000000000}
{"time":"2026-06-10T20:37:17.0340536+08:00","level":"INFO","msg":"pipe not available, retrying","component":"api","simulation_id":4,"pipe":"events","path":"\\\\.\\pipe\\afsim_events","error":"CreateFile pipe: All pipe instances are busy.","retry_in":2000000000}
{"time":"2026-06-10T20:37:17.5827155+08:00","level":"INFO","msg":"pipe not available, retrying","component":"api","simulation_id":6,"pipe":"events","path":"\\\\.\\pipe\\afsim_events","error":"CreateFile pipe: All pipe instances are busy.","retry_in":2000000000}
{"time":"2026-06-10T20:37:18.4558478+08:00","level":"INFO","msg":"pipe not available, retrying","component":"api","simulation_id":7,"pipe":"events","path":"\\\\.\\pipe\\afsim_events","error":"CreateFile pipe: All pipe instances are busy.","retry_in":2000000000}
{"time":"2026-06-10T20:37:18.6511655+08:00","level":"INFO","msg":"pipe not available, retrying","component":"api","simulation_id":5,"pipe":"events","path":"\\\\.\\pipe\\afsim_events","error":"CreateFile pipe: All pipe instances are busy.","retry_in":2000000000}
{"time":"2026-06-10T20:37:19.0345171+08:00","level":"INFO","msg":"pipe not available, retrying","component":"api","simulation_id":4,"pipe":"events","path":"\\\\.\\pipe\\afsim_events","error":"CreateFile pipe: All pipe instances are busy.","retry_in":2000000000}
{"time":"2026-06-10T20:37:19.1219784+08:00","level":"INFO","msg":"T = 180.000\r","component":"api","simulation_id":4,"stream":"stdout"}
{"time":"2026-06-10T20:37:19.5836585+08:00","level":"INFO","msg":"pipe not available, retrying","component":"api","simulation_id":6,"pipe":"events","path":"\\\\.\\pipe\\afsim_events","error":"CreateFile pipe: All pipe instances are busy.","retry_in":2000000000}
{"time":"2026-06-10T20:37:20.4563142+08:00","level":"INFO","msg":"pipe not available, retrying","component":"api","simulation_id":7,"pipe":"events","path":"\\\\.\\pipe\\afsim_events","error":"CreateFile pipe: All pipe instances are busy.","retry_in":2000000000}
{"time":"2026-06-10T20:37:20.5895996+08:00","level":"INFO","msg":"T = 10.000\r","component":"api","simulation_id":7,"stream":"stdout"}
{"time":"2026-06-10T20:37:20.6520267+08:00","level":"INFO","msg":"pipe not available, retrying","component":"api","simulation_id":5,"pipe":"events","path":"\\\\.\\pipe\\afsim_events","error":"CreateFile pipe: All pipe instances are busy.","retry_in":2000000000}
{"time":"2026-06-10T20:37:21.0348759+08:00","level":"INFO","msg":"pipe not available, retrying","component":"api","simulation_id":4,"pipe":"events","path":"\\\\.\\pipe\\afsim_events","error":"CreateFile pipe: All pipe instances are busy.","retry_in":2000000000}
{"time":"2026-06-10T20:37:21.5845968+08:00","level":"INFO","msg":"pipe not available, retrying","component":"api","simulation_id":6,"pipe":"events","path":"\\\\.\\pipe\\afsim_events","error":"CreateFile pipe: All pipe instances are busy.","retry_in":2000000000}
{"time":"2026-06-10T20:37:22.4572873+08:00","level":"INFO","msg":"pipe not available, retrying","component":"api","simulation_id":7,"pipe":"events","path":"\\\\.\\pipe\\afsim_events","error":"CreateFile pipe: All pipe instances are busy.","retry_in":2000000000}
{"time":"2026-06-10T20:37:22.6523596+08:00","level":"INFO","msg":"pipe not available, retrying","component":"api","simulation_id":5,"pipe":"events","path":"\\\\.\\pipe\\afsim_events","error":"CreateFile pipe: All pipe instances are busy.","retry_in":2000000000}
{"time":"2026-06-10T20:37:22.7544557+08:00","level":"INFO","msg":"T = 120.000\r","component":"api","simulation_id":5,"stream":"stdout"}
{"time":"2026-06-10T20:37:23.0354565+08:00","level":"INFO","msg":"pipe not available, retrying","component":"api","simulation_id":4,"pipe":"events","path":"\\\\.\\pipe\\afsim_events","error":"CreateFile pipe: All pipe instances are busy.","retry_in":2000000000}
{"time":"2026-06-10T20:37:23.5261026+08:00","level":"INFO","msg":"T = 220.000\r","component":"api","simulation_id":3,"stream":"stdout"}
{"time":"2026-06-10T20:37:23.5851978+08:00","level":"INFO","msg":"pipe not available, retrying","component":"api","simulation_id":6,"pipe":"events","path":"\\\\.\\pipe\\afsim_events","error":"CreateFile pipe: All pipe instances are busy.","retry_in":2000000000}
{"time":"2026-06-10T20:37:24.4581185+08:00","level":"INFO","msg":"pipe not available, retrying","component":"api","simulation_id":7,"pipe":"events","path":"\\\\.\\pipe\\afsim_events","error":"CreateFile pipe: All pipe instances are busy.","retry_in":2000000000}
{"time":"2026-06-10T20:37:24.6532973+08:00","level":"INFO","msg":"pipe not available, retrying","component":"api","simulation_id":5,"pipe":"events","path":"\\\\.\\pipe\\afsim_events","error":"CreateFile pipe: All pipe instances are busy.","retry_in":2000000000}
{"time":"2026-06-10T20:37:25.0361379+08:00","level":"INFO","msg":"pipe not available, retrying","component":"api","simulation_id":4,"pipe":"events","path":"\\\\.\\pipe\\afsim_events","error":"CreateFile pipe: All pipe instances are busy.","retry_in":2000000000}
{"time":"2026-06-10T20:37:25.5860073+08:00","level":"INFO","msg":"pipe not available, retrying","component":"api","simulation_id":6,"pipe":"events","path":"\\\\.\\pipe\\afsim_events","error":"CreateFile pipe: All pipe instances are busy.","retry_in":2000000000}
{"time":"2026-06-10T20:37:25.7136337+08:00","level":"INFO","msg":"T = 50.000\r","component":"api","simulation_id":6,"stream":"stdout"}
{"time":"2026-06-10T20:37:26.4587255+08:00","level":"INFO","msg":"pipe not available, retrying","component":"api","simulation_id":7,"pipe":"events","path":"\\\\.\\pipe\\afsim_events","error":"CreateFile pipe: All pipe instances are busy.","retry_in":2000000000}
{"time":"2026-06-10T20:37:26.653868+08:00","level":"INFO","msg":"pipe not available, retrying","component":"api","simulation_id":5,"pipe":"events","path":"\\\\.\\pipe\\afsim_events","error":"CreateFile pipe: All pipe instances are busy.","retry_in":2000000000}
{"time":"2026-06-10T20:37:27.0366279+08:00","level":"INFO","msg":"pipe not available, retrying","component":"api","simulation_id":4,"pipe":"events","path":"\\\\.\\pipe\\afsim_events","error":"CreateFile pipe: All pipe instances are busy.","retry_in":2000000000}
{"time":"2026-06-10T20:37:27.5865683+08:00","level":"INFO","msg":"pipe not available, retrying","component":"api","simulation_id":6,"pipe":"events","path":"\\\\.\\pipe\\afsim_events","error":"CreateFile pipe: All pipe instances are busy.","retry_in":2000000000}
{"time":"2026-06-10T20:37:28.4596216+08:00","level":"INFO","msg":"pipe not available, retrying","component":"api","simulation_id":7,"pipe":"events","path":"\\\\.\\pipe\\afsim_events","error":"CreateFile pipe: All pipe instances are busy.","retry_in":2000000000}
{"time":"2026-06-10T20:37:28.654194+08:00","level":"INFO","msg":"pipe not available, retrying","component":"api","simulation_id":5,"pipe":"events","path":"\\\\.\\pipe\\afsim_events","error":"CreateFile pipe: All pipe instances are busy.","retry_in":2000000000}
{"time":"2026-06-10T20:37:29.0371405+08:00","level":"INFO","msg":"pipe not available, retrying","component":"api","simulation_id":4,"pipe":"events","path":"\\\\.\\pipe\\afsim_events","error":"CreateFile pipe: All pipe instances are busy.","retry_in":2000000000}
{"time":"2026-06-10T20:37:29.128518+08:00","level":"INFO","msg":"T = 190.000\r","component":"api","simulation_id":4,"stream":"stdout"}
{"time":"2026-06-10T20:37:29.5868198+08:00","level":"INFO","msg":"pipe not available, retrying","component":"api","simulation_id":6,"pipe":"events","path":"\\\\.\\pipe\\afsim_events","error":"CreateFile pipe: All pipe instances are busy.","retry_in":2000000000}
{"time":"2026-06-10T20:37:30.4599298+08:00","level":"INFO","msg":"pipe not available, retrying","component":"api","simulation_id":7,"pipe":"events","path":"\\\\.\\pipe\\afsim_events","error":"CreateFile pipe: All pipe instances are busy.","retry_in":2000000000}
{"time":"2026-06-10T20:37:30.5865664+08:00","level":"INFO","msg":"T = 20.000\r","component":"api","simulation_id":7,"stream":"stdout"}
{"time":"2026-06-10T20:37:30.6550259+08:00","level":"INFO","msg":"pipe not available, retrying","component":"api","simulation_id":5,"pipe":"events","path":"\\\\.\\pipe\\afsim_events","error":"CreateFile pipe: All pipe instances are busy.","retry_in":2000000000}
{"time":"2026-06-10T20:37:31.0372919+08:00","level":"INFO","msg":"pipe not available, retrying","component":"api","simulation_id":4,"pipe":"events","path":"\\\\.\\pipe\\afsim_events","error":"CreateFile pipe: All pipe instances are busy.","retry_in":2000000000}
{"time":"2026-06-10T20:37:31.5872796+08:00","level":"INFO","msg":"pipe not available, retrying","component":"api","simulation_id":6,"pipe":"events","path":"\\\\.\\pipe\\afsim_events","error":"CreateFile pipe: All pipe instances are busy.","retry_in":2000000000}
{"time":"2026-06-10T20:37:32.4602376+08:00","level":"INFO","msg":"pipe not available, retrying","component":"api","simulation_id":7,"pipe":"events","path":"\\\\.\\pipe\\afsim_events","error":"CreateFile pipe: All pipe instances are busy.","retry_in":2000000000}
{"time":"2026-06-10T20:37:32.6553781+08:00","level":"INFO","msg":"pipe not available, retrying","component":"api","simulation_id":5,"pipe":"events","path":"\\\\.\\pipe\\afsim_events","error":"CreateFile pipe: All pipe instances are busy.","retry_in":2000000000}
{"time":"2026-06-10T20:37:32.752887+08:00","level":"INFO","msg":"T = 130.000\r","component":"api","simulation_id":5,"stream":"stdout"}
{"time":"2026-06-10T20:37:33.0374609+08:00","level":"INFO","msg":"pipe not available, retrying","component":"api","simulation_id":4,"pipe":"events","path":"\\\\.\\pipe\\afsim_events","error":"CreateFile pipe: All pipe instances are busy.","retry_in":2000000000}
{"time":"2026-06-10T20:37:33.5225705+08:00","level":"INFO","msg":"T = 230.000\r","component":"api","simulation_id":3,"stream":"stdout"}
{"time":"2026-06-10T20:37:33.5879522+08:00","level":"INFO","msg":"pipe not available, retrying","component":"api","simulation_id":6,"pipe":"events","path":"\\\\.\\pipe\\afsim_events","error":"CreateFile pipe: All pipe instances are busy.","retry_in":2000000000}
{"time":"2026-06-10T20:37:34.4608381+08:00","level":"INFO","msg":"pipe not available, retrying","component":"api","simulation_id":7,"pipe":"events","path":"\\\\.\\pipe\\afsim_events","error":"CreateFile pipe: All pipe instances are busy.","retry_in":2000000000}
{"time":"2026-06-10T20:37:34.6558729+08:00","level":"INFO","msg":"pipe not available, retrying","component":"api","simulation_id":5,"pipe":"events","path":"\\\\.\\pipe\\afsim_events","error":"CreateFile pipe: All pipe instances are busy.","retry_in":2000000000}
{"time":"2026-06-10T20:37:35.0381353+08:00","level":"INFO","msg":"pipe not available, retrying","component":"api","simulation_id":4,"pipe":"events","path":"\\\\.\\pipe\\afsim_events","error":"CreateFile pipe: All pipe instances are busy.","retry_in":2000000000}
{"time":"2026-06-10T20:37:35.5882998+08:00","level":"INFO","msg":"pipe not available, retrying","component":"api","simulation_id":6,"pipe":"events","path":"\\\\.\\pipe\\afsim_events","error":"CreateFile pipe: All pipe instances are busy.","retry_in":2000000000}
{"time":"2026-06-10T20:37:35.7125728+08:00","level":"INFO","msg":"T = 60.000\r","component":"api","simulation_id":6,"stream":"stdout"}
{"time":"2026-06-10T20:37:36.4617724+08:00","level":"INFO","msg":"pipe not available, retrying","component":"api","simulation_id":7,"pipe":"events","path":"\\\\.\\pipe\\afsim_events","error":"CreateFile pipe: All pipe instances are busy.","retry_in":2000000000}
{"time":"2026-06-10T20:37:36.6560036+08:00","level":"INFO","msg":"pipe not available, retrying","component":"api","simulation_id":5,"pipe":"events","path":"\\\\.\\pipe\\afsim_events","error":"CreateFile pipe: All pipe instances are busy.","retry_in":2000000000}
{"time":"2026-06-10T20:37:37.039118+08:00","level":"INFO","msg":"pipe not available, retrying","component":"api","simulation_id":4,"pipe":"events","path":"\\\\.\\pipe\\afsim_events","error":"CreateFile pipe: All pipe instances are busy.","retry_in":2000000000}
{"time":"2026-06-10T20:37:37.5891759+08:00","level":"INFO","msg":"pipe not available, retrying","component":"api","simulation_id":6,"pipe":"events","path":"\\\\.\\pipe\\afsim_events","error":"CreateFile pipe: All pipe instances are busy.","retry_in":2000000000}
{"time":"2026-06-10T20:37:38.4626313+08:00","level":"INFO","msg":"pipe not available, retrying","component":"api","simulation_id":7,"pipe":"events","path":"\\\\.\\pipe\\afsim_events","error":"CreateFile pipe: All pipe instances are busy.","retry_in":2000000000}
{"time":"2026-06-10T20:37:38.6565961+08:00","level":"INFO","msg":"pipe not available, retrying","component":"api","simulation_id":5,"pipe":"events","path":"\\\\.\\pipe\\afsim_events","error":"CreateFile pipe: All pipe instances are busy.","retry_in":2000000000}
{"time":"2026-06-10T20:37:39.0394251+08:00","level":"INFO","msg":"pipe not available, retrying","component":"api","simulation_id":4,"pipe":"events","path":"\\\\.\\pipe\\afsim_events","error":"CreateFile pipe: All pipe instances are busy.","retry_in":2000000000}
{"time":"2026-06-10T20:37:39.1281872+08:00","level":"INFO","msg":"T = 200.000\r","component":"api","simulation_id":4,"stream":"stdout"}
{"time":"2026-06-10T20:37:39.5901646+08:00","level":"INFO","msg":"pipe not available, retrying","component":"api","simulation_id":6,"pipe":"events","path":"\\\\.\\pipe\\afsim_events","error":"CreateFile pipe: All pipe instances are busy.","retry_in":2000000000}
{"time":"2026-06-10T20:37:40.4626995+08:00","level":"INFO","msg":"pipe not available, retrying","component":"api","simulation_id":7,"pipe":"events","path":"\\\\.\\pipe\\afsim_events","error":"CreateFile pipe: All pipe instances are busy.","retry_in":2000000000}
{"time":"2026-06-10T20:37:40.5865573+08:00","level":"INFO","msg":"T = 30.000\r","component":"api","simulation_id":7,"stream":"stdout"}
{"time":"2026-06-10T20:37:40.6569059+08:00","level":"INFO","msg":"pipe not available, retrying","component":"api","simulation_id":5,"pipe":"events","path":"\\\\.\\pipe\\afsim_events","error":"CreateFile pipe: All pipe instances are busy.","retry_in":2000000000}
{"time":"2026-06-10T20:37:41.0399823+08:00","level":"INFO","msg":"pipe not available, retrying","component":"api","simulation_id":4,"pipe":"events","path":"\\\\.\\pipe\\afsim_events","error":"CreateFile pipe: All pipe instances are busy.","retry_in":2000000000}
{"time":"2026-06-10T20:37:41.5909572+08:00","level":"INFO","msg":"pipe not available, retrying","component":"api","simulation_id":6,"pipe":"events","path":"\\\\.\\pipe\\afsim_events","error":"CreateFile pipe: All pipe instances are busy.","retry_in":2000000000}
{"time":"2026-06-10T20:37:42.4634001+08:00","level":"INFO","msg":"pipe not available, retrying","component":"api","simulation_id":7,"pipe":"events","path":"\\\\.\\pipe\\afsim_events","error":"CreateFile pipe: All pipe instances are busy.","retry_in":2000000000}
{"time":"2026-06-10T20:37:42.6576322+08:00","level":"INFO","msg":"pipe not available, retrying","component":"api","simulation_id":5,"pipe":"events","path":"\\\\.\\pipe\\afsim_events","error":"CreateFile pipe: All pipe instances are busy.","retry_in":2000000000}
{"time":"2026-06-10T20:37:42.7552891+08:00","level":"INFO","msg":"T = 140.000\r","component":"api","simulation_id":5,"stream":"stdout"}
{"time":"2026-06-10T20:37:43.0402035+08:00","level":"INFO","msg":"pipe not available, retrying","component":"api","simulation_id":4,"pipe":"events","path":"\\\\.\\pipe\\afsim_events","error":"CreateFile pipe: All pipe instances are busy.","retry_in":2000000000}
{"time":"2026-06-10T20:37:43.5281878+08:00","level":"INFO","msg":"T = 240.000\r","component":"api","simulation_id":3,"stream":"stdout"}
{"time":"2026-06-10T20:37:43.5909612+08:00","level":"INFO","msg":"pipe not available, retrying","component":"api","simulation_id":6,"pipe":"events","path":"\\\\.\\pipe\\afsim_events","error":"CreateFile pipe: All pipe instances are busy.","retry_in":2000000000}
{"time":"2026-06-10T20:37:44.4634752+08:00","level":"INFO","msg":"pipe not available, retrying","component":"api","simulation_id":7,"pipe":"events","path":"\\\\.\\pipe\\afsim_events","error":"CreateFile pipe: All pipe instances are busy.","retry_in":2000000000}
{"time":"2026-06-10T20:37:44.6578265+08:00","level":"INFO","msg":"pipe not available, retrying","component":"api","simulation_id":5,"pipe":"events","path":"\\\\.\\pipe\\afsim_events","error":"CreateFile pipe: All pipe instances are busy.","retry_in":2000000000}
{"time":"2026-06-10T20:37:45.040724+08:00","level":"INFO","msg":"pipe not available, retrying","component":"api","simulation_id":4,"pipe":"events","path":"\\\\.\\pipe\\afsim_events","error":"CreateFile pipe: All pipe instances are busy.","retry_in":2000000000}
{"time":"2026-06-10T20:37:45.5918918+08:00","level":"INFO","msg":"pipe not available, retrying","component":"api","simulation_id":6,"pipe":"events","path":"\\\\.\\pipe\\afsim_events","error":"CreateFile pipe: All pipe instances are busy.","retry_in":2000000000}
{"time":"2026-06-10T20:37:45.7119101+08:00","level":"INFO","msg":"T = 70.000\r","component":"api","simulation_id":6,"stream":"stdout"}
{"time":"2026-06-10T20:37:46.4636997+08:00","level":"INFO","msg":"pipe not available, retrying","component":"api","simulation_id":7,"pipe":"events","path":"\\\\.\\pipe\\afsim_events","error":"CreateFile pipe: All pipe instances are busy.","retry_in":2000000000}
{"time":"2026-06-10T20:37:46.6579604+08:00","level":"INFO","msg":"pipe not available, retrying","component":"api","simulation_id":5,"pipe":"events","path":"\\\\.\\pipe\\afsim_events","error":"CreateFile pipe: All pipe instances are busy.","retry_in":2000000000}
{"time":"2026-06-10T20:37:47.0408604+08:00","level":"INFO","msg":"pipe not available, retrying","component":"api","simulation_id":4,"pipe":"events","path":"\\\\.\\pipe\\afsim_events","error":"CreateFile pipe: All pipe instances are busy.","retry_in":2000000000}
2026/06/10 20:37:47 [DESKTOP-2269V6M/M1g0Pn02vs-000037] "GET http://localhost:8080/api/scenarios HTTP/1.1" from [::1]:57442 - 200 1154B in 526.2µs
2026/06/10 20:37:47 [DESKTOP-2269V6M/M1g0Pn02vs-000038] "GET http://localhost:8080/api/scenarios HTTP/1.1" from [::1]:57443 - 200 1154B in 0s
{"time":"2026-06-10T20:37:47.5927138+08:00","level":"INFO","msg":"pipe not available, retrying","component":"api","simulation_id":6,"pipe":"events","path":"\\\\.\\pipe\\afsim_events","error":"CreateFile pipe: All pipe instances are busy.","retry_in":2000000000}
{"time":"2026-06-10T20:37:48.4637541+08:00","level":"INFO","msg":"pipe not available, retrying","component":"api","simulation_id":7,"pipe":"events","path":"\\\\.\\pipe\\afsim_events","error":"CreateFile pipe: All pipe instances are busy.","retry_in":2000000000}
{"time":"2026-06-10T20:37:48.6582174+08:00","level":"INFO","msg":"pipe not available, retrying","component":"api","simulation_id":5,"pipe":"events","path":"\\\\.\\pipe\\afsim_events","error":"CreateFile pipe: All pipe instances are busy.","retry_in":2000000000}
{"time":"2026-06-10T20:37:49.0410262+08:00","level":"INFO","msg":"pipe not available, retrying","component":"api","simulation_id":4,"pipe":"events","path":"\\\\.\\pipe\\afsim_events","error":"CreateFile pipe: All pipe instances are busy.","retry_in":2000000000}
{"time":"2026-06-10T20:37:49.1323364+08:00","level":"INFO","msg":"T = 210.000\r","component":"api","simulation_id":4,"stream":"stdout"}
{"time":"2026-06-10T20:37:49.5929057+08:00","level":"INFO","msg":"pipe not available, retrying","component":"api","simulation_id":6,"pipe":"events","path":"\\\\.\\pipe\\afsim_events","error":"CreateFile pipe: All pipe instances are busy.","retry_in":2000000000}
{"time":"2026-06-10T20:37:50.4642707+08:00","level":"INFO","msg":"pipe not available, retrying","component":"api","simulation_id":7,"pipe":"events","path":"\\\\.\\pipe\\afsim_events","error":"CreateFile pipe: All pipe instances are busy.","retry_in":2000000000}
{"time":"2026-06-10T20:37:50.5966895+08:00","level":"INFO","msg":"T = 40.000\r","component":"api","simulation_id":7,"stream":"stdout"}
{"time":"2026-06-10T20:37:50.6587874+08:00","level":"INFO","msg":"pipe not available, retrying","component":"api","simulation_id":5,"pipe":"events","path":"\\\\.\\pipe\\afsim_events","error":"CreateFile pipe: All pipe instances are busy.","retry_in":2000000000}
{"time":"2026-06-10T20:37:51.041671+08:00","level":"INFO","msg":"pipe not available, retrying","component":"api","simulation_id":4,"pipe":"events","path":"\\\\.\\pipe\\afsim_events","error":"CreateFile pipe: All pipe instances are busy.","retry_in":2000000000}
{"time":"2026-06-10T20:37:51.5932502+08:00","level":"INFO","msg":"pipe not available, retrying","component":"api","simulation_id":6,"pipe":"events","path":"\\\\.\\pipe\\afsim_events","error":"CreateFile pipe: All pipe instances are busy.","retry_in":2000000000}
{"time":"2026-06-10T20:37:52.4647994+08:00","level":"INFO","msg":"pipe not available, retrying","component":"api","simulation_id":7,"pipe":"events","path":"\\\\.\\pipe\\afsim_events","error":"CreateFile pipe: All pipe instances are busy.","retry_in":2000000000}
{"time":"2026-06-10T20:37:52.659121+08:00","level":"INFO","msg":"pipe not available, retrying","component":"api","simulation_id":5,"pipe":"events","path":"\\\\.\\pipe\\afsim_events","error":"CreateFile pipe: All pipe instances are busy.","retry_in":2000000000}
{"time":"2026-06-10T20:37:52.6614241+08:00","level":"INFO","msg":"starting mission.exe","component":"api","simulation_id":8,"path":"E:/AFsim/afsimweb-master/afsim-gateway/../AFSim/afsim-2.9.0-win64/bin/mission.exe","scenario":"scenarios\\东海沿海战役想定.scenario","mode":"realtime","args":["-rt","东海沿海战役想定.scenario"]}
2026/06/10 20:37:52 [DESKTOP-2269V6M/M1g0Pn02vs-000039] "POST http://localhost:8080/api/simulations HTTP/1.1" from [::1]:57464 - 201 153B in 1.5752ms
{"time":"2026-06-10T20:37:52.6629993+08:00","level":"INFO","msg":"pipe not available, retrying","component":"api","simulation_id":8,"pipe":"events","path":"\\\\.\\pipe\\afsim_events","error":"CreateFile pipe: All pipe instances are busy.","retry_in":2000000000}
{"time":"2026-06-10T20:37:52.6763621+08:00","level":"INFO","msg":"WebSocket connection request","component":"api","simulation_id":"8"}
2026/06/10 20:37:52 [DESKTOP-2269V6M/M1g0Pn02vs-000040] "GET http://localhost:8080/api/simulations/8/ws HTTP/1.1" from [::1]:57465 - 000 0B in 0s
{"time":"2026-06-10T20:37:52.7497026+08:00","level":"INFO","msg":"T = 150.000\r","component":"api","simulation_id":5,"stream":"stdout"}
{"time":"2026-06-10T20:37:52.7893214+08:00","level":"INFO","msg":"mission:\r","component":"api","simulation_id":8,"stream":"stdout"}
{"time":"2026-06-10T20:37:52.7893214+08:00","level":"INFO","msg":"    WSF Version: 2.9.0 02-25-2022\r","component":"api","simulation_id":8,"stream":"stdout"}
{"time":"2026-06-10T20:37:52.7893214+08:00","level":"INFO","msg":"    Built: Feb 25 2022 08:12:40\r","component":"api","simulation_id":8,"stream":"stdout"}
{"time":"2026-06-10T20:37:52.7893214+08:00","level":"INFO","msg":"Plugin API version info:\r","component":"api","simulation_id":8,"stream":"stdout"}
{"time":"2026-06-10T20:37:52.7893214+08:00","level":"INFO","msg":"    Version: 2.9\r","component":"api","simulation_id":8,"stream":"stdout"}
{"time":"2026-06-10T20:37:52.7893214+08:00","level":"INFO","msg":"    Compiler: win_1916_64bit_release-hwe\r","component":"api","simulation_id":8,"stream":"stdout"}
{"time":"2026-06-10T20:37:52.7893214+08:00","level":"INFO","msg":"Plugins Loaded:\r","component":"api","simulation_id":8,"stream":"stdout"}
{"time":"2026-06-10T20:37:52.7893214+08:00","level":"INFO","msg":"    wsf_alternate_locations.dll, wsf_coverage.dll, wsf_iads_c2.dll, wsf_prompt.dll, wsf_scenario_analyzer.dll, wsf_scenario_analyzer_iads_c2.dll, wsf_air_combat.dll, wsf_annotation.dll, wsf_argo8.dll, wsf_brawler.dll, wsf_event_gateway.dll, wsf_fires.dll, wsf_multiresolution.dll, wsf_oms_uci.dll, wsf_p6dof.dll, wsf_six_dof.dll, wsf_sosm.dll\r","component":"api","simulation_id":8,"stream":"stdout"}
{"time":"2026-06-10T20:37:52.7893214+08:00","level":"INFO","msg":"Extensions Included: \r","component":"api","simulation_id":8,"stream":"stdout"}
{"time":"2026-06-10T20:37:52.7893214+08:00","level":"INFO","msg":"    sensor_plot_lib, wsf_cyber, wsf_grammar_check, wsf_l16, wsf_mil, wsf_mil_parser, wsf_mtt, wsf_nx, wsf_parser, wsf_ripr, wsf_space, wsf_weapon_server, wsf_simdis\r","component":"api","simulation_id":8,"stream":"stdout"}
{"time":"2026-06-10T20:37:52.7893214+08:00","level":"INFO","msg":"\r","component":"api","simulation_id":8,"stream":"stdout"}
{"time":"2026-06-10T20:37:52.7893214+08:00","level":"INFO","msg":"Loading simulation input.\r","component":"api","simulation_id":8,"stream":"stdout"}
{"time":"2026-06-10T20:37:52.7893214+08:00","level":"INFO","msg":"Loading simulation input complete.\r","component":"api","simulation_id":8,"stream":"stdout"}
{"time":"2026-06-10T20:37:52.7893214+08:00","level":"INFO","msg":"    Elapsed Wall Clock Time: 0.0045966\r","component":"api","simulation_id":8,"stream":"stdout"}
{"time":"2026-06-10T20:37:52.7893214+08:00","level":"INFO","msg":"    Elapsed Processor Time : 0\r","component":"api","simulation_id":8,"stream":"stdout"}
{"time":"2026-06-10T20:37:52.7893214+08:00","level":"INFO","msg":"Initializing simulation.\r","component":"api","simulation_id":8,"stream":"stdout"}
{"time":"2026-06-10T20:37:52.7945582+08:00","level":"INFO","msg":"***** ERROR: wsf_event_gateway: Failed to create pipe \\\\.\\pipe\\afsim_events (error 231)\r","component":"api","simulation_id":8,"stream":"stdout"}
{"time":"2026-06-10T20:37:52.7945582+08:00","level":"INFO","msg":"***** ERROR: wsf_event_gateway: failed to open event pipe, plugin disabled\r","component":"api","simulation_id":8,"stream":"stdout"}
{"time":"2026-06-10T20:37:52.7955935+08:00","level":"INFO","msg":"Initializing simulation complete.\r","component":"api","simulation_id":8,"stream":"stdout"}
{"time":"2026-06-10T20:37:52.7955935+08:00","level":"INFO","msg":"    Elapsed Wall Clock Time: 0.0063769\r","component":"api","simulation_id":8,"stream":"stdout"}
{"time":"2026-06-10T20:37:52.7955935+08:00","level":"INFO","msg":"    Elapsed Processor Time : 0.015625\r","component":"api","simulation_id":8,"stream":"stdout"}
{"time":"2026-06-10T20:37:52.7955935+08:00","level":"INFO","msg":"Starting simulation.\r","component":"api","simulation_id":8,"stream":"stdout"}
{"time":"2026-06-10T20:37:52.7955935+08:00","level":"INFO","msg":"T = 0\r","component":"api","simulation_id":8,"stream":"stdout"}
{"time":"2026-06-10T20:37:53.0417964+08:00","level":"INFO","msg":"pipe not available, retrying","component":"api","simulation_id":4,"pipe":"events","path":"\\\\.\\pipe\\afsim_events","error":"CreateFile pipe: All pipe instances are busy.","retry_in":2000000000}
{"time":"2026-06-10T20:37:53.5175568+08:00","level":"INFO","msg":"T = 250.000\r","component":"api","simulation_id":3,"stream":"stdout"}
{"time":"2026-06-10T20:37:53.5480032+08:00","level":"INFO","msg":"***** WARNING: Undefined radar signature.\r","component":"api","simulation_id":8,"stream":"stdout"}
{"time":"2026-06-10T20:37:53.5480032+08:00","level":"INFO","msg":"    Platform: BlueCAP02\r","component":"api","simulation_id":8,"stream":"stdout"}
{"time":"2026-06-10T20:37:53.5480032+08:00","level":"INFO","msg":"    Platform Type: blue_adv_fighter_1\r","component":"api","simulation_id":8,"stream":"stdout"}
{"time":"2026-06-10T20:37:53.5480032+08:00","level":"INFO","msg":"    Using default.\r","component":"api","simulation_id":8,"stream":"stdout"}
{"time":"2026-06-10T20:37:53.5941137+08:00","level":"INFO","msg":"pipe not available, retrying","component":"api","simulation_id":6,"pipe":"events","path":"\\\\.\\pipe\\afsim_events","error":"CreateFile pipe: All pipe instances are busy.","retry_in":2000000000}
{"time":"2026-06-10T20:37:54.2961764+08:00","level":"INFO","msg":"***** WARNING: Undefined radar signature.\r","component":"api","simulation_id":8,"stream":"stdout"}
{"time":"2026-06-10T20:37:54.2961764+08:00","level":"INFO","msg":"    Platform: BlueCAP01\r","component":"api","simulation_id":8,"stream":"stdout"}
{"time":"2026-06-10T20:37:54.2961764+08:00","level":"INFO","msg":"    Platform Type: blue_adv_fighter_1\r","component":"api","simulation_id":8,"stream":"stdout"}
{"time":"2026-06-10T20:37:54.2961764+08:00","level":"INFO","msg":"    Using default.\r","component":"api","simulation_id":8,"stream":"stdout"}
{"time":"2026-06-10T20:37:54.4649535+08:00","level":"INFO","msg":"pipe not available, retrying","component":"api","simulation_id":7,"pipe":"events","path":"\\\\.\\pipe\\afsim_events","error":"CreateFile pipe: All pipe instances are busy.","retry_in":2000000000}
{"time":"2026-06-10T20:37:54.6600894+08:00","level":"INFO","msg":"pipe not available, retrying","component":"api","simulation_id":5,"pipe":"events","path":"\\\\.\\pipe\\afsim_events","error":"CreateFile pipe: All pipe instances are busy.","retry_in":2000000000}
{"time":"2026-06-10T20:37:54.6630943+08:00","level":"INFO","msg":"pipe not available, retrying","component":"api","simulation_id":8,"pipe":"events","path":"\\\\.\\pipe\\afsim_events","error":"CreateFile pipe: All pipe instances are busy.","retry_in":2000000000}
{"time":"2026-06-10T20:37:55.0421475+08:00","level":"INFO","msg":"pipe not available, retrying","component":"api","simulation_id":4,"pipe":"events","path":"\\\\.\\pipe\\afsim_events","error":"CreateFile pipe: All pipe instances are busy.","retry_in":2000000000}
{"time":"2026-06-10T20:37:55.594351+08:00","level":"INFO","msg":"pipe not available, retrying","component":"api","simulation_id":6,"pipe":"events","path":"\\\\.\\pipe\\afsim_events","error":"CreateFile pipe: All pipe instances are busy.","retry_in":2000000000}
{"time":"2026-06-10T20:37:55.7167377+08:00","level":"INFO","msg":"T = 80.000\r","component":"api","simulation_id":6,"stream":"stdout"}
{"time":"2026-06-10T20:37:56.4653578+08:00","level":"INFO","msg":"pipe not available, retrying","component":"api","simulation_id":7,"pipe":"events","path":"\\\\.\\pipe\\afsim_events","error":"CreateFile pipe: All pipe instances are busy.","retry_in":2000000000}
{"time":"2026-06-10T20:37:56.6605986+08:00","level":"INFO","msg":"pipe not available, retrying","component":"api","simulation_id":5,"pipe":"events","path":"\\\\.\\pipe\\afsim_events","error":"CreateFile pipe: All pipe instances are busy.","retry_in":2000000000}
{"time":"2026-06-10T20:37:56.6632885+08:00","level":"INFO","msg":"pipe not available, retrying","component":"api","simulation_id":8,"pipe":"events","path":"\\\\.\\pipe\\afsim_events","error":"CreateFile pipe: All pipe instances are busy.","retry_in":2000000000}
{"time":"2026-06-10T20:37:57.0428239+08:00","level":"INFO","msg":"pipe not available, retrying","component":"api","simulation_id":4,"pipe":"events","path":"\\\\.\\pipe\\afsim_events","error":"CreateFile pipe: All pipe instances are busy.","retry_in":2000000000}
{"time":"2026-06-10T20:37:57.5951349+08:00","level":"INFO","msg":"pipe not available, retrying","component":"api","simulation_id":6,"pipe":"events","path":"\\\\.\\pipe\\afsim_events","error":"CreateFile pipe: All pipe instances are busy.","retry_in":2000000000}
{"time":"2026-06-10T20:37:58.4655505+08:00","level":"INFO","msg":"pipe not available, retrying","component":"api","simulation_id":7,"pipe":"events","path":"\\\\.\\pipe\\afsim_events","error":"CreateFile pipe: All pipe instances are busy.","retry_in":2000000000}
{"time":"2026-06-10T20:37:58.6615503+08:00","level":"INFO","msg":"pipe not available, retrying","component":"api","simulation_id":5,"pipe":"events","path":"\\\\.\\pipe\\afsim_events","error":"CreateFile pipe: All pipe instances are busy.","retry_in":2000000000}
{"time":"2026-06-10T20:37:58.6641905+08:00","level":"INFO","msg":"pipe not available, retrying","component":"api","simulation_id":8,"pipe":"events","path":"\\\\.\\pipe\\afsim_events","error":"CreateFile pipe: All pipe instances are busy.","retry_in":2000000000}
{"time":"2026-06-10T20:37:59.0433684+08:00","level":"INFO","msg":"pipe not available, retrying","component":"api","simulation_id":4,"pipe":"events","path":"\\\\.\\pipe\\afsim_events","error":"CreateFile pipe: All pipe instances are busy.","retry_in":2000000000}
{"time":"2026-06-10T20:37:59.1218389+08:00","level":"INFO","msg":"T = 220.000\r","component":"api","simulation_id":4,"stream":"stdout"}
{"time":"2026-06-10T20:37:59.5958167+08:00","level":"INFO","msg":"pipe not available, retrying","component":"api","simulation_id":6,"pipe":"events","path":"\\\\.\\pipe\\afsim_events","error":"CreateFile pipe: All pipe instances are busy.","retry_in":2000000000}
{"time":"2026-06-10T20:38:00.4661887+08:00","level":"INFO","msg":"pipe not available, retrying","component":"api","simulation_id":7,"pipe":"events","path":"\\\\.\\pipe\\afsim_events","error":"CreateFile pipe: All pipe instances are busy.","retry_in":2000000000}
{"time":"2026-06-10T20:38:00.5911029+08:00","level":"INFO","msg":"T = 50.000\r","component":"api","simulation_id":7,"stream":"stdout"}
{"time":"2026-06-10T20:38:00.6625886+08:00","level":"INFO","msg":"pipe not available, retrying","component":"api","simulation_id":5,"pipe":"events","path":"\\\\.\\pipe\\afsim_events","error":"CreateFile pipe: All pipe instances are busy.","retry_in":2000000000}
{"time":"2026-06-10T20:38:00.6652491+08:00","level":"INFO","msg":"pipe not available, retrying","component":"api","simulation_id":8,"pipe":"events","path":"\\\\.\\pipe\\afsim_events","error":"CreateFile pipe: All pipe instances are busy.","retry_in":2000000000}
{"time":"2026-06-10T20:38:01.0440131+08:00","level":"INFO","msg":"pipe not available, retrying","component":"api","simulation_id":4,"pipe":"events","path":"\\\\.\\pipe\\afsim_events","error":"CreateFile pipe: All pipe instances are busy.","retry_in":2000000000}
{"time":"2026-06-10T20:38:01.5960967+08:00","level":"INFO","msg":"pipe not available, retrying","component":"api","simulation_id":6,"pipe":"events","path":"\\\\.\\pipe\\afsim_events","error":"CreateFile pipe: All pipe instances are busy.","retry_in":2000000000}
{"time":"2026-06-10T20:38:02.4667694+08:00","level":"INFO","msg":"pipe not available, retrying","component":"api","simulation_id":7,"pipe":"events","path":"\\\\.\\pipe\\afsim_events","error":"CreateFile pipe: All pipe instances are busy.","retry_in":2000000000}
{"time":"2026-06-10T20:38:02.6634914+08:00","level":"INFO","msg":"pipe not available, retrying","component":"api","simulation_id":5,"pipe":"events","path":"\\\\.\\pipe\\afsim_events","error":"CreateFile pipe: All pipe instances are busy.","retry_in":2000000000}
{"time":"2026-06-10T20:38:02.6654985+08:00","level":"INFO","msg":"pipe not available, retrying","component":"api","simulation_id":8,"pipe":"events","path":"\\\\.\\pipe\\afsim_events","error":"CreateFile pipe: All pipe instances are busy.","retry_in":2000000000}
{"time":"2026-06-10T20:38:02.7485766+08:00","level":"INFO","msg":"T = 160.000\r","component":"api","simulation_id":5,"stream":"stdout"}
{"time":"2026-06-10T20:38:02.7956125+08:00","level":"INFO","msg":"T = 10.000\r","component":"api","simulation_id":8,"stream":"stdout"}
{"time":"2026-06-10T20:38:03.0445345+08:00","level":"INFO","msg":"pipe not available, retrying","component":"api","simulation_id":4,"pipe":"events","path":"\\\\.\\pipe\\afsim_events","error":"CreateFile pipe: All pipe instances are busy.","retry_in":2000000000}
{"time":"2026-06-10T20:38:03.5174858+08:00","level":"INFO","msg":"T = 260.000\r","component":"api","simulation_id":3,"stream":"stdout"}
{"time":"2026-06-10T20:38:03.5966059+08:00","level":"INFO","msg":"pipe not available, retrying","component":"api","simulation_id":6,"pipe":"events","path":"\\\\.\\pipe\\afsim_events","error":"CreateFile pipe: All pipe instances are busy.","retry_in":2000000000}
{"time":"2026-06-10T20:38:04.4669478+08:00","level":"INFO","msg":"pipe not available, retrying","component":"api","simulation_id":7,"pipe":"events","path":"\\\\.\\pipe\\afsim_events","error":"CreateFile pipe: All pipe instances are busy.","retry_in":2000000000}
{"time":"2026-06-10T20:38:04.6643645+08:00","level":"INFO","msg":"pipe not available, retrying","component":"api","simulation_id":5,"pipe":"events","path":"\\\\.\\pipe\\afsim_events","error":"CreateFile pipe: All pipe instances are busy.","retry_in":2000000000}
{"time":"2026-06-10T20:38:04.665869+08:00","level":"INFO","msg":"pipe not available, retrying","component":"api","simulation_id":8,"pipe":"events","path":"\\\\.\\pipe\\afsim_events","error":"CreateFile pipe: All pipe instances are busy.","retry_in":2000000000}
{"time":"2026-06-10T20:38:05.0453675+08:00","level":"INFO","msg":"pipe not available, retrying","component":"api","simulation_id":4,"pipe":"events","path":"\\\\.\\pipe\\afsim_events","error":"CreateFile pipe: All pipe instances are busy.","retry_in":2000000000}
{"time":"2026-06-10T20:38:05.5967788+08:00","level":"INFO","msg":"pipe not available, retrying","component":"api","simulation_id":6,"pipe":"events","path":"\\\\.\\pipe\\afsim_events","error":"CreateFile pipe: All pipe instances are busy.","retry_in":2000000000}
{"time":"2026-06-10T20:38:05.7170485+08:00","level":"INFO","msg":"T = 90.000\r","component":"api","simulation_id":6,"stream":"stdout"}
{"time":"2026-06-10T20:38:06.4669956+08:00","level":"INFO","msg":"pipe not available, retrying","component":"api","simulation_id":7,"pipe":"events","path":"\\\\.\\pipe\\afsim_events","error":"CreateFile pipe: All pipe instances are busy.","retry_in":2000000000}
{"time":"2026-06-10T20:38:06.6646073+08:00","level":"INFO","msg":"pipe not available, retrying","component":"api","simulation_id":5,"pipe":"events","path":"\\\\.\\pipe\\afsim_events","error":"CreateFile pipe: All pipe instances are busy.","retry_in":2000000000}
{"time":"2026-06-10T20:38:06.6662154+08:00","level":"INFO","msg":"pipe not available, retrying","component":"api","simulation_id":8,"pipe":"events","path":"\\\\.\\pipe\\afsim_events","error":"CreateFile pipe: All pipe instances are busy.","retry_in":2000000000}
{"time":"2026-06-10T20:38:07.0455568+08:00","level":"INFO","msg":"pipe not available, retrying","component":"api","simulation_id":4,"pipe":"events","path":"\\\\.\\pipe\\afsim_events","error":"CreateFile pipe: All pipe instances are busy.","retry_in":2000000000}
{"time":"2026-06-10T20:38:07.5970867+08:00","level":"INFO","msg":"pipe not available, retrying","component":"api","simulation_id":6,"pipe":"events","path":"\\\\.\\pipe\\afsim_events","error":"CreateFile pipe: All pipe instances are busy.","retry_in":2000000000}
{"time":"2026-06-10T20:38:08.467259+08:00","level":"INFO","msg":"pipe not available, retrying","component":"api","simulation_id":7,"pipe":"events","path":"\\\\.\\pipe\\afsim_events","error":"CreateFile pipe: All pipe instances are busy.","retry_in":2000000000}
{"time":"2026-06-10T20:38:08.6650962+08:00","level":"INFO","msg":"pipe not available, retrying","component":"api","simulation_id":5,"pipe":"events","path":"\\\\.\\pipe\\afsim_events","error":"CreateFile pipe: All pipe instances are busy.","retry_in":2000000000}
{"time":"2026-06-10T20:38:08.6666508+08:00","level":"INFO","msg":"pipe not available, retrying","component":"api","simulation_id":8,"pipe":"events","path":"\\\\.\\pipe\\afsim_events","error":"CreateFile pipe: All pipe instances are busy.","retry_in":2000000000}
{"time":"2026-06-10T20:38:09.0465335+08:00","level":"INFO","msg":"pipe not available, retrying","component":"api","simulation_id":4,"pipe":"events","path":"\\\\.\\pipe\\afsim_events","error":"CreateFile pipe: All pipe instances are busy.","retry_in":2000000000}
{"time":"2026-06-10T20:38:09.12952+08:00","level":"INFO","msg":"T = 230.000\r","component":"api","simulation_id":4,"stream":"stdout"}
{"time":"2026-06-10T20:38:09.5972277+08:00","level":"INFO","msg":"pipe not available, retrying","component":"api","simulation_id":6,"pipe":"events","path":"\\\\.\\pipe\\afsim_events","error":"CreateFile pipe: All pipe instances are busy.","retry_in":2000000000}
{"time":"2026-06-10T20:38:10.4681335+08:00","level":"INFO","msg":"pipe not available, retrying","component":"api","simulation_id":7,"pipe":"events","path":"\\\\.\\pipe\\afsim_events","error":"CreateFile pipe: All pipe instances are busy.","retry_in":2000000000}
{"time":"2026-06-10T20:38:10.5939679+08:00","level":"INFO","msg":"T = 60.000\r","component":"api","simulation_id":7,"stream":"stdout"}
{"time":"2026-06-10T20:38:10.6654785+08:00","level":"INFO","msg":"pipe not available, retrying","component":"api","simulation_id":5,"pipe":"events","path":"\\\\.\\pipe\\afsim_events","error":"CreateFile pipe: All pipe instances are busy.","retry_in":2000000000}
{"time":"2026-06-10T20:38:10.667171+08:00","level":"INFO","msg":"pipe not available, retrying","component":"api","simulation_id":8,"pipe":"events","path":"\\\\.\\pipe\\afsim_events","error":"CreateFile pipe: All pipe instances are busy.","retry_in":2000000000}
{"time":"2026-06-10T20:38:11.0473854+08:00","level":"INFO","msg":"pipe not available, retrying","component":"api","simulation_id":4,"pipe":"events","path":"\\\\.\\pipe\\afsim_events","error":"CreateFile pipe: All pipe instances are busy.","retry_in":2000000000}
{"time":"2026-06-10T20:38:11.5974921+08:00","level":"INFO","msg":"pipe not available, retrying","component":"api","simulation_id":6,"pipe":"events","path":"\\\\.\\pipe\\afsim_events","error":"CreateFile pipe: All pipe instances are busy.","retry_in":2000000000}
{"time":"2026-06-10T20:38:12.4690475+08:00","level":"INFO","msg":"pipe not available, retrying","component":"api","simulation_id":7,"pipe":"events","path":"\\\\.\\pipe\\afsim_events","error":"CreateFile pipe: All pipe instances are busy.","retry_in":2000000000}
{"time":"2026-06-10T20:38:12.6662467+08:00","level":"INFO","msg":"pipe not available, retrying","component":"api","simulation_id":5,"pipe":"events","path":"\\\\.\\pipe\\afsim_events","error":"CreateFile pipe: All pipe instances are busy.","retry_in":2000000000}
{"time":"2026-06-10T20:38:12.6672677+08:00","level":"INFO","msg":"pipe not available, retrying","component":"api","simulation_id":8,"pipe":"events","path":"\\\\.\\pipe\\afsim_events","error":"CreateFile pipe: All pipe instances are busy.","retry_in":2000000000}
{"time":"2026-06-10T20:38:12.7513747+08:00","level":"INFO","msg":"T = 170.000\r","component":"api","simulation_id":5,"stream":"stdout"}
{"time":"2026-06-10T20:38:12.7983481+08:00","level":"INFO","msg":"T = 20.000\r","component":"api","simulation_id":8,"stream":"stdout"}
{"time":"2026-06-10T20:38:13.0476375+08:00","level":"INFO","msg":"pipe not available, retrying","component":"api","simulation_id":4,"pipe":"events","path":"\\\\.\\pipe\\afsim_events","error":"CreateFile pipe: All pipe instances are busy.","retry_in":2000000000}
{"time":"2026-06-10T20:38:13.5176124+08:00","level":"INFO","msg":"T = 270.000\r","component":"api","simulation_id":3,"stream":"stdout"}
{"time":"2026-06-10T20:38:13.5979267+08:00","level":"INFO","msg":"pipe not available, retrying","component":"api","simulation_id":6,"pipe":"events","path":"\\\\.\\pipe\\afsim_events","error":"CreateFile pipe: All pipe instances are busy.","retry_in":2000000000}
{"time":"2026-06-10T20:38:14.4695057+08:00","level":"INFO","msg":"pipe not available, retrying","component":"api","simulation_id":7,"pipe":"events","path":"\\\\.\\pipe\\afsim_events","error":"CreateFile pipe: All pipe instances are busy.","retry_in":2000000000}
{"time":"2026-06-10T20:38:14.6666881+08:00","level":"INFO","msg":"pipe not available, retrying","component":"api","simulation_id":5,"pipe":"events","path":"\\\\.\\pipe\\afsim_events","error":"CreateFile pipe: All pipe instances are busy.","retry_in":2000000000}
{"time":"2026-06-10T20:38:14.6673488+08:00","level":"INFO","msg":"pipe not available, retrying","component":"api","simulation_id":8,"pipe":"events","path":"\\\\.\\pipe\\afsim_events","error":"CreateFile pipe: All pipe instances are busy.","retry_in":2000000000}
{"time":"2026-06-10T20:38:15.0477724+08:00","level":"INFO","msg":"pipe not available, retrying","component":"api","simulation_id":4,"pipe":"events","path":"\\\\.\\pipe\\afsim_events","error":"CreateFile pipe: All pipe instances are busy.","retry_in":2000000000}
{"time":"2026-06-10T20:38:15.598499+08:00","level":"INFO","msg":"pipe not available, retrying","component":"api","simulation_id":6,"pipe":"events","path":"\\\\.\\pipe\\afsim_events","error":"CreateFile pipe: All pipe instances are busy.","retry_in":2000000000}
{"time":"2026-06-10T20:38:15.7181527+08:00","level":"INFO","msg":"T = 100.000\r","component":"api","simulation_id":6,"stream":"stdout"}
{"time":"2026-06-10T20:38:16.470118+08:00","level":"INFO","msg":"pipe not available, retrying","component":"api","simulation_id":7,"pipe":"events","path":"\\\\.\\pipe\\afsim_events","error":"CreateFile pipe: All pipe instances are busy.","retry_in":2000000000}
{"time":"2026-06-10T20:38:16.6673386+08:00","level":"INFO","msg":"pipe not available, retrying","component":"api","simulation_id":5,"pipe":"events","path":"\\\\.\\pipe\\afsim_events","error":"CreateFile pipe: All pipe instances are busy.","retry_in":2000000000}
{"time":"2026-06-10T20:38:16.6680139+08:00","level":"INFO","msg":"pipe not available, retrying","component":"api","simulation_id":8,"pipe":"events","path":"\\\\.\\pipe\\afsim_events","error":"CreateFile pipe: All pipe instances are busy.","retry_in":2000000000}
{"time":"2026-06-10T20:38:17.0478596+08:00","level":"INFO","msg":"pipe not available, retrying","component":"api","simulation_id":4,"pipe":"events","path":"\\\\.\\pipe\\afsim_events","error":"CreateFile pipe: All pipe instances are busy.","retry_in":2000000000}
{"time":"2026-06-10T20:38:17.598691+08:00","level":"INFO","msg":"pipe not available, retrying","component":"api","simulation_id":6,"pipe":"events","path":"\\\\.\\pipe\\afsim_events","error":"CreateFile pipe: All pipe instances are busy.","retry_in":2000000000}
{"time":"2026-06-10T20:38:18.4703305+08:00","level":"INFO","msg":"pipe not available, retrying","component":"api","simulation_id":7,"pipe":"events","path":"\\\\.\\pipe\\afsim_events","error":"CreateFile pipe: All pipe instances are busy.","retry_in":2000000000}
{"time":"2026-06-10T20:38:18.6680828+08:00","level":"INFO","msg":"pipe not available, retrying","component":"api","simulation_id":5,"pipe":"events","path":"\\\\.\\pipe\\afsim_events","error":"CreateFile pipe: All pipe instances are busy.","retry_in":2000000000}
{"time":"2026-06-10T20:38:18.6680828+08:00","level":"INFO","msg":"pipe not available, retrying","component":"api","simulation_id":8,"pipe":"events","path":"\\\\.\\pipe\\afsim_events","error":"CreateFile pipe: All pipe instances are busy.","retry_in":2000000000}
{"time":"2026-06-10T20:38:19.0479592+08:00","level":"INFO","msg":"pipe not available, retrying","component":"api","simulation_id":4,"pipe":"events","path":"\\\\.\\pipe\\afsim_events","error":"CreateFile pipe: All pipe instances are busy.","retry_in":2000000000}
{"time":"2026-06-10T20:38:19.1244784+08:00","level":"INFO","msg":"T = 240.000\r","component":"api","simulation_id":4,"stream":"stdout"}
{"time":"2026-06-10T20:38:19.5990173+08:00","level":"INFO","msg":"pipe not available, retrying","component":"api","simulation_id":6,"pipe":"events","path":"\\\\.\\pipe\\afsim_events","error":"CreateFile pipe: All pipe instances are busy.","retry_in":2000000000}
{"time":"2026-06-10T20:38:20.4710277+08:00","level":"INFO","msg":"pipe not available, retrying","component":"api","simulation_id":7,"pipe":"events","path":"\\\\.\\pipe\\afsim_events","error":"CreateFile pipe: All pipe instances are busy.","retry_in":2000000000}
{"time":"2026-06-10T20:38:20.5876555+08:00","level":"INFO","msg":"T = 70.000\r","component":"api","simulation_id":7,"stream":"stdout"}
{"time":"2026-06-10T20:38:20.6683302+08:00","level":"INFO","msg":"pipe not available, retrying","component":"api","simulation_id":8,"pipe":"events","path":"\\\\.\\pipe\\afsim_events","error":"CreateFile pipe: All pipe instances are busy.","retry_in":2000000000}
{"time":"2026-06-10T20:38:20.6683302+08:00","level":"INFO","msg":"pipe not available, retrying","component":"api","simulation_id":5,"pipe":"events","path":"\\\\.\\pipe\\afsim_events","error":"CreateFile pipe: All pipe instances are busy.","retry_in":2000000000}
{"time":"2026-06-10T20:38:21.049087+08:00","level":"INFO","msg":"pipe not available, retrying","component":"api","simulation_id":4,"pipe":"events","path":"\\\\.\\pipe\\afsim_events","error":"CreateFile pipe: All pipe instances are busy.","retry_in":2000000000}
{"time":"2026-06-10T20:38:21.5991489+08:00","level":"INFO","msg":"pipe not available, retrying","component":"api","simulation_id":6,"pipe":"events","path":"\\\\.\\pipe\\afsim_events","error":"CreateFile pipe: All pipe instances are busy.","retry_in":2000000000}
{"time":"2026-06-10T20:38:22.4711371+08:00","level":"INFO","msg":"pipe not available, retrying","component":"api","simulation_id":7,"pipe":"events","path":"\\\\.\\pipe\\afsim_events","error":"CreateFile pipe: All pipe instances are busy.","retry_in":2000000000}
{"time":"2026-06-10T20:38:22.6687381+08:00","level":"INFO","msg":"pipe not available, retrying","component":"api","simulation_id":8,"pipe":"events","path":"\\\\.\\pipe\\afsim_events","error":"CreateFile pipe: All pipe instances are busy.","retry_in":2000000000}
{"time":"2026-06-10T20:38:22.6687381+08:00","level":"INFO","msg":"pipe not available, retrying","component":"api","simulation_id":5,"pipe":"events","path":"\\\\.\\pipe\\afsim_events","error":"CreateFile pipe: All pipe instances are busy.","retry_in":2000000000}
{"time":"2026-06-10T20:38:22.7460082+08:00","level":"INFO","msg":"T = 180.000\r","component":"api","simulation_id":5,"stream":"stdout"}
{"time":"2026-06-10T20:38:22.8057705+08:00","level":"INFO","msg":"T = 30.000\r","component":"api","simulation_id":8,"stream":"stdout"}
{"time":"2026-06-10T20:38:23.0494203+08:00","level":"INFO","msg":"pipe not available, retrying","component":"api","simulation_id":4,"pipe":"events","path":"\\\\.\\pipe\\afsim_events","error":"CreateFile pipe: All pipe instances are busy.","retry_in":2000000000}
{"time":"2026-06-10T20:38:23.5255685+08:00","level":"INFO","msg":"T = 280.000\r","component":"api","simulation_id":3,"stream":"stdout"}
{"time":"2026-06-10T20:38:23.6000992+08:00","level":"INFO","msg":"pipe not available, retrying","component":"api","simulation_id":6,"pipe":"events","path":"\\\\.\\pipe\\afsim_events","error":"CreateFile pipe: All pipe instances are busy.","retry_in":2000000000}
{"time":"2026-06-10T20:38:24.4715764+08:00","level":"INFO","msg":"pipe not available, retrying","component":"api","simulation_id":7,"pipe":"events","path":"\\\\.\\pipe\\afsim_events","error":"CreateFile pipe: All pipe instances are busy.","retry_in":2000000000}
{"time":"2026-06-10T20:38:24.6698184+08:00","level":"INFO","msg":"pipe not available, retrying","component":"api","simulation_id":8,"pipe":"events","path":"\\\\.\\pipe\\afsim_events","error":"CreateFile pipe: All pipe instances are busy.","retry_in":2000000000}
{"time":"2026-06-10T20:38:24.6698184+08:00","level":"INFO","msg":"pipe not available, retrying","component":"api","simulation_id":5,"pipe":"events","path":"\\\\.\\pipe\\afsim_events","error":"CreateFile pipe: All pipe instances are busy.","retry_in":2000000000}
{"time":"2026-06-10T20:38:25.0501485+08:00","level":"INFO","msg":"pipe not available, retrying","component":"api","simulation_id":4,"pipe":"events","path":"\\\\.\\pipe\\afsim_events","error":"CreateFile pipe: All pipe instances are busy.","retry_in":2000000000}
{"time":"2026-06-10T20:38:25.6008589+08:00","level":"INFO","msg":"pipe not available, retrying","component":"api","simulation_id":6,"pipe":"events","path":"\\\\.\\pipe\\afsim_events","error":"CreateFile pipe: All pipe instances are busy.","retry_in":2000000000}
{"time":"2026-06-10T20:38:25.7188471+08:00","level":"INFO","msg":"T = 110.000\r","component":"api","simulation_id":6,"stream":"stdout"}
{"time":"2026-06-10T20:38:26.4718411+08:00","level":"INFO","msg":"pipe not available, retrying","component":"api","simulation_id":7,"pipe":"events","path":"\\\\.\\pipe\\afsim_events","error":"CreateFile pipe: All pipe instances are busy.","retry_in":2000000000}
{"time":"2026-06-10T20:38:26.6704119+08:00","level":"INFO","msg":"pipe not available, retrying","component":"api","simulation_id":8,"pipe":"events","path":"\\\\.\\pipe\\afsim_events","error":"CreateFile pipe: All pipe instances are busy.","retry_in":2000000000}
{"time":"2026-06-10T20:38:26.6704119+08:00","level":"INFO","msg":"pipe not available, retrying","component":"api","simulation_id":5,"pipe":"events","path":"\\\\.\\pipe\\afsim_events","error":"CreateFile pipe: All pipe instances are busy.","retry_in":2000000000}
{"time":"2026-06-10T20:38:27.0504624+08:00","level":"INFO","msg":"pipe not available, retrying","component":"api","simulation_id":4,"pipe":"events","path":"\\\\.\\pipe\\afsim_events","error":"CreateFile pipe: All pipe instances are busy.","retry_in":2000000000}
{"time":"2026-06-10T20:38:27.6009158+08:00","level":"INFO","msg":"pipe not available, retrying","component":"api","simulation_id":6,"pipe":"events","path":"\\\\.\\pipe\\afsim_events","error":"CreateFile pipe: All pipe instances are busy.","retry_in":2000000000}
{"time":"2026-06-10T20:38:28.4721842+08:00","level":"INFO","msg":"pipe not available, retrying","component":"api","simulation_id":7,"pipe":"events","path":"\\\\.\\pipe\\afsim_events","error":"CreateFile pipe: All pipe instances are busy.","retry_in":2000000000}
{"time":"2026-06-10T20:38:28.6706833+08:00","level":"INFO","msg":"pipe not available, retrying","component":"api","simulation_id":5,"pipe":"events","path":"\\\\.\\pipe\\afsim_events","error":"CreateFile pipe: All pipe instances are busy.","retry_in":2000000000}
{"time":"2026-06-10T20:38:28.6706833+08:00","level":"INFO","msg":"pipe not available, retrying","component":"api","simulation_id":8,"pipe":"events","path":"\\\\.\\pipe\\afsim_events","error":"CreateFile pipe: All pipe instances are busy.","retry_in":2000000000}
{"time":"2026-06-10T20:38:29.0514003+08:00","level":"INFO","msg":"pipe not available, retrying","component":"api","simulation_id":4,"pipe":"events","path":"\\\\.\\pipe\\afsim_events","error":"CreateFile pipe: All pipe instances are busy.","retry_in":2000000000}
{"time":"2026-06-10T20:38:29.1224395+08:00","level":"INFO","msg":"T = 250.000\r","component":"api","simulation_id":4,"stream":"stdout"}
{"time":"2026-06-10T20:38:29.6016246+08:00","level":"INFO","msg":"pipe not available, retrying","component":"api","simulation_id":6,"pipe":"events","path":"\\\\.\\pipe\\afsim_events","error":"CreateFile pipe: All pipe instances are busy.","retry_in":2000000000}
{"time":"2026-06-10T20:38:30.4726341+08:00","level":"INFO","msg":"pipe not available, retrying","component":"api","simulation_id":7,"pipe":"events","path":"\\\\.\\pipe\\afsim_events","error":"CreateFile pipe: All pipe instances are busy.","retry_in":2000000000}
{"time":"2026-06-10T20:38:30.5907071+08:00","level":"INFO","msg":"T = 80.000\r","component":"api","simulation_id":7,"stream":"stdout"}
{"time":"2026-06-10T20:38:30.6713543+08:00","level":"INFO","msg":"pipe not available, retrying","component":"api","simulation_id":8,"pipe":"events","path":"\\\\.\\pipe\\afsim_events","error":"CreateFile pipe: All pipe instances are busy.","retry_in":2000000000}
{"time":"2026-06-10T20:38:30.6713543+08:00","level":"INFO","msg":"pipe not available, retrying","component":"api","simulation_id":5,"pipe":"events","path":"\\\\.\\pipe\\afsim_events","error":"CreateFile pipe: All pipe instances are busy.","retry_in":2000000000}
{"time":"2026-06-10T20:38:31.0520152+08:00","level":"INFO","msg":"pipe not available, retrying","component":"api","simulation_id":4,"pipe":"events","path":"\\\\.\\pipe\\afsim_events","error":"CreateFile pipe: All pipe instances are busy.","retry_in":2000000000}
{"time":"2026-06-10T20:38:31.6018898+08:00","level":"INFO","msg":"pipe not available, retrying","component":"api","simulation_id":6,"pipe":"events","path":"\\\\.\\pipe\\afsim_events","error":"CreateFile pipe: All pipe instances are busy.","retry_in":2000000000}
{"time":"2026-06-10T20:38:32.4729224+08:00","level":"INFO","msg":"pipe not available, retrying","component":"api","simulation_id":7,"pipe":"events","path":"\\\\.\\pipe\\afsim_events","error":"CreateFile pipe: All pipe instances are busy.","retry_in":2000000000}
{"time":"2026-06-10T20:38:32.6720856+08:00","level":"INFO","msg":"pipe not available, retrying","component":"api","simulation_id":5,"pipe":"events","path":"\\\\.\\pipe\\afsim_events","error":"CreateFile pipe: All pipe instances are busy.","retry_in":2000000000}
{"time":"2026-06-10T20:38:32.6720856+08:00","level":"INFO","msg":"pipe not available, retrying","component":"api","simulation_id":8,"pipe":"events","path":"\\\\.\\pipe\\afsim_events","error":"CreateFile pipe: All pipe instances are busy.","retry_in":2000000000}
{"time":"2026-06-10T20:38:32.7467351+08:00","level":"INFO","msg":"T = 190.000\r","component":"api","simulation_id":5,"stream":"stdout"}
{"time":"2026-06-10T20:38:32.7954921+08:00","level":"INFO","msg":"T = 40.000\r","component":"api","simulation_id":8,"stream":"stdout"}
{"time":"2026-06-10T20:38:33.0529457+08:00","level":"INFO","msg":"pipe not available, retrying","component":"api","simulation_id":4,"pipe":"events","path":"\\\\.\\pipe\\afsim_events","error":"CreateFile pipe: All pipe instances are busy.","retry_in":2000000000}
{"time":"2026-06-10T20:38:33.5176986+08:00","level":"INFO","msg":"T = 290.000\r","component":"api","simulation_id":3,"stream":"stdout"}
{"time":"2026-06-10T20:38:33.602277+08:00","level":"INFO","msg":"pipe not available, retrying","component":"api","simulation_id":6,"pipe":"events","path":"\\\\.\\pipe\\afsim_events","error":"CreateFile pipe: All pipe instances are busy.","retry_in":2000000000}
{"time":"2026-06-10T20:38:34.4735047+08:00","level":"INFO","msg":"pipe not available, retrying","component":"api","simulation_id":7,"pipe":"events","path":"\\\\.\\pipe\\afsim_events","error":"CreateFile pipe: All pipe instances are busy.","retry_in":2000000000}
{"time":"2026-06-10T20:38:34.6727105+08:00","level":"INFO","msg":"pipe not available, retrying","component":"api","simulation_id":5,"pipe":"events","path":"\\\\.\\pipe\\afsim_events","error":"CreateFile pipe: All pipe instances are busy.","retry_in":2000000000}
{"time":"2026-06-10T20:38:34.6727105+08:00","level":"INFO","msg":"pipe not available, retrying","component":"api","simulation_id":8,"pipe":"events","path":"\\\\.\\pipe\\afsim_events","error":"CreateFile pipe: All pipe instances are busy.","retry_in":2000000000}
{"time":"2026-06-10T20:38:35.0535057+08:00","level":"INFO","msg":"pipe not available, retrying","component":"api","simulation_id":4,"pipe":"events","path":"\\\\.\\pipe\\afsim_events","error":"CreateFile pipe: All pipe instances are busy.","retry_in":2000000000}
{"time":"2026-06-10T20:38:35.6023572+08:00","level":"INFO","msg":"pipe not available, retrying","component":"api","simulation_id":6,"pipe":"events","path":"\\\\.\\pipe\\afsim_events","error":"CreateFile pipe: All pipe instances are busy.","retry_in":2000000000}
{"time":"2026-06-10T20:38:35.7182275+08:00","level":"INFO","msg":"T = 120.000\r","component":"api","simulation_id":6,"stream":"stdout"}
{"time":"2026-06-10T20:38:36.4739876+08:00","level":"INFO","msg":"pipe not available, retrying","component":"api","simulation_id":7,"pipe":"events","path":"\\\\.\\pipe\\afsim_events","error":"CreateFile pipe: All pipe instances are busy.","retry_in":2000000000}
{"time":"2026-06-10T20:38:36.6736915+08:00","level":"INFO","msg":"pipe not available, retrying","component":"api","simulation_id":5,"pipe":"events","path":"\\\\.\\pipe\\afsim_events","error":"CreateFile pipe: All pipe instances are busy.","retry_in":2000000000}
{"time":"2026-06-10T20:38:36.6736915+08:00","level":"INFO","msg":"pipe not available, retrying","component":"api","simulation_id":8,"pipe":"events","path":"\\\\.\\pipe\\afsim_events","error":"CreateFile pipe: All pipe instances are busy.","retry_in":2000000000}
{"time":"2026-06-10T20:38:37.0539169+08:00","level":"INFO","msg":"pipe not available, retrying","component":"api","simulation_id":4,"pipe":"events","path":"\\\\.\\pipe\\afsim_events","error":"CreateFile pipe: All pipe instances are busy.","retry_in":2000000000}
{"time":"2026-06-10T20:38:37.6030142+08:00","level":"INFO","msg":"pipe not available, retrying","component":"api","simulation_id":6,"pipe":"events","path":"\\\\.\\pipe\\afsim_events","error":"CreateFile pipe: All pipe instances are busy.","retry_in":2000000000}
{"time":"2026-06-10T20:38:38.474205+08:00","level":"INFO","msg":"pipe not available, retrying","component":"api","simulation_id":7,"pipe":"events","path":"\\\\.\\pipe\\afsim_events","error":"CreateFile pipe: All pipe instances are busy.","retry_in":2000000000}
{"time":"2026-06-10T20:38:38.6745971+08:00","level":"INFO","msg":"pipe not available, retrying","component":"api","simulation_id":5,"pipe":"events","path":"\\\\.\\pipe\\afsim_events","error":"CreateFile pipe: All pipe instances are busy.","retry_in":2000000000}
{"time":"2026-06-10T20:38:38.6745971+08:00","level":"INFO","msg":"pipe not available, retrying","component":"api","simulation_id":8,"pipe":"events","path":"\\\\.\\pipe\\afsim_events","error":"CreateFile pipe: All pipe instances are busy.","retry_in":2000000000}
{"time":"2026-06-10T20:38:39.0540981+08:00","level":"INFO","msg":"pipe not available, retrying","component":"api","simulation_id":4,"pipe":"events","path":"\\\\.\\pipe\\afsim_events","error":"CreateFile pipe: All pipe instances are busy.","retry_in":2000000000}
{"time":"2026-06-10T20:38:39.1319101+08:00","level":"INFO","msg":"T = 260.000\r","component":"api","simulation_id":4,"stream":"stdout"}
{"time":"2026-06-10T20:38:39.603294+08:00","level":"INFO","msg":"pipe not available, retrying","component":"api","simulation_id":6,"pipe":"events","path":"\\\\.\\pipe\\afsim_events","error":"CreateFile pipe: All pipe instances are busy.","retry_in":2000000000}
{"time":"2026-06-10T20:38:40.4752414+08:00","level":"INFO","msg":"pipe not available, retrying","component":"api","simulation_id":7,"pipe":"events","path":"\\\\.\\pipe\\afsim_events","error":"CreateFile pipe: All pipe instances are busy.","retry_in":2000000000}
{"time":"2026-06-10T20:38:40.5859076+08:00","level":"INFO","msg":"T = 90.000\r","component":"api","simulation_id":7,"stream":"stdout"}
{"time":"2026-06-10T20:38:40.6754248+08:00","level":"INFO","msg":"pipe not available, retrying","component":"api","simulation_id":5,"pipe":"events","path":"\\\\.\\pipe\\afsim_events","error":"CreateFile pipe: All pipe instances are busy.","retry_in":2000000000}
{"time":"2026-06-10T20:38:40.6754248+08:00","level":"INFO","msg":"pipe not available, retrying","component":"api","simulation_id":8,"pipe":"events","path":"\\\\.\\pipe\\afsim_events","error":"CreateFile pipe: All pipe instances are busy.","retry_in":2000000000}
{"time":"2026-06-10T20:38:41.0550391+08:00","level":"INFO","msg":"pipe not available, retrying","component":"api","simulation_id":4,"pipe":"events","path":"\\\\.\\pipe\\afsim_events","error":"CreateFile pipe: All pipe instances are busy.","retry_in":2000000000}
{"time":"2026-06-10T20:38:41.60423+08:00","level":"INFO","msg":"pipe not available, retrying","component":"api","simulation_id":6,"pipe":"events","path":"\\\\.\\pipe\\afsim_events","error":"CreateFile pipe: All pipe instances are busy.","retry_in":2000000000}
{"time":"2026-06-10T20:38:42.4760638+08:00","level":"INFO","msg":"pipe not available, retrying","component":"api","simulation_id":7,"pipe":"events","path":"\\\\.\\pipe\\afsim_events","error":"CreateFile pipe: All pipe instances are busy.","retry_in":2000000000}
{"time":"2026-06-10T20:38:42.6763726+08:00","level":"INFO","msg":"pipe not available, retrying","component":"api","simulation_id":5,"pipe":"events","path":"\\\\.\\pipe\\afsim_events","error":"CreateFile pipe: All pipe instances are busy.","retry_in":2000000000}
{"time":"2026-06-10T20:38:42.6763726+08:00","level":"INFO","msg":"pipe not available, retrying","component":"api","simulation_id":8,"pipe":"events","path":"\\\\.\\pipe\\afsim_events","error":"CreateFile pipe: All pipe instances are busy.","retry_in":2000000000}
{"time":"2026-06-10T20:38:42.7493799+08:00","level":"INFO","msg":"T = 200.000\r","component":"api","simulation_id":5,"stream":"stdout"}
{"time":"2026-06-10T20:38:42.7966755+08:00","level":"INFO","msg":"T = 50.000\r","component":"api","simulation_id":8,"stream":"stdout"}
{"time":"2026-06-10T20:38:43.0554783+08:00","level":"INFO","msg":"pipe not available, retrying","component":"api","simulation_id":4,"pipe":"events","path":"\\\\.\\pipe\\afsim_events","error":"CreateFile pipe: All pipe instances are busy.","retry_in":2000000000}
{"time":"2026-06-10T20:38:43.5244099+08:00","level":"INFO","msg":"T = 300.000\r","component":"api","simulation_id":3,"stream":"stdout"}
{"time":"2026-06-10T20:38:43.60489+08:00","level":"INFO","msg":"pipe not available, retrying","component":"api","simulation_id":6,"pipe":"events","path":"\\\\.\\pipe\\afsim_events","error":"CreateFile pipe: All pipe instances are busy.","retry_in":2000000000}
{"time":"2026-06-10T20:38:44.476705+08:00","level":"INFO","msg":"pipe not available, retrying","component":"api","simulation_id":7,"pipe":"events","path":"\\\\.\\pipe\\afsim_events","error":"CreateFile pipe: All pipe instances are busy.","retry_in":2000000000}
{"time":"2026-06-10T20:38:44.6770576+08:00","level":"INFO","msg":"pipe not available, retrying","component":"api","simulation_id":8,"pipe":"events","path":"\\\\.\\pipe\\afsim_events","error":"CreateFile pipe: All pipe instances are busy.","retry_in":2000000000}
{"time":"2026-06-10T20:38:44.6770576+08:00","level":"INFO","msg":"pipe not available, retrying","component":"api","simulation_id":5,"pipe":"events","path":"\\\\.\\pipe\\afsim_events","error":"CreateFile pipe: All pipe instances are busy.","retry_in":2000000000}
{"time":"2026-06-10T20:38:45.0559961+08:00","level":"INFO","msg":"pipe not available, retrying","component":"api","simulation_id":4,"pipe":"events","path":"\\\\.\\pipe\\afsim_events","error":"CreateFile pipe: All pipe instances are busy.","retry_in":2000000000}
{"time":"2026-06-10T20:38:45.6053571+08:00","level":"INFO","msg":"pipe not available, retrying","component":"api","simulation_id":6,"pipe":"events","path":"\\\\.\\pipe\\afsim_events","error":"CreateFile pipe: All pipe instances are busy.","retry_in":2000000000}
{"time":"2026-06-10T20:38:45.7122361+08:00","level":"INFO","msg":"T = 130.000\r","component":"api","simulation_id":6,"stream":"stdout"}
{"time":"2026-06-10T20:38:46.4772188+08:00","level":"INFO","msg":"pipe not available, retrying","component":"api","simulation_id":7,"pipe":"events","path":"\\\\.\\pipe\\afsim_events","error":"CreateFile pipe: All pipe instances are busy.","retry_in":2000000000}
{"time":"2026-06-10T20:38:46.6774325+08:00","level":"INFO","msg":"pipe not available, retrying","component":"api","simulation_id":5,"pipe":"events","path":"\\\\.\\pipe\\afsim_events","error":"CreateFile pipe: All pipe instances are busy.","retry_in":2000000000}
{"time":"2026-06-10T20:38:46.6774325+08:00","level":"INFO","msg":"pipe not available, retrying","component":"api","simulation_id":8,"pipe":"events","path":"\\\\.\\pipe\\afsim_events","error":"CreateFile pipe: All pipe instances are busy.","retry_in":2000000000}
{"time":"2026-06-10T20:38:47.0568134+08:00","level":"INFO","msg":"pipe not available, retrying","component":"api","simulation_id":4,"pipe":"events","path":"\\\\.\\pipe\\afsim_events","error":"CreateFile pipe: All pipe instances are busy.","retry_in":2000000000}
{"time":"2026-06-10T20:38:47.6063585+08:00","level":"INFO","msg":"pipe not available, retrying","component":"api","simulation_id":6,"pipe":"events","path":"\\\\.\\pipe\\afsim_events","error":"CreateFile pipe: All pipe instances are busy.","retry_in":2000000000}
{"time":"2026-06-10T20:38:48.4777373+08:00","level":"INFO","msg":"pipe not available, retrying","component":"api","simulation_id":7,"pipe":"events","path":"\\\\.\\pipe\\afsim_events","error":"CreateFile pipe: All pipe instances are busy.","retry_in":2000000000}
{"time":"2026-06-10T20:38:48.6783901+08:00","level":"INFO","msg":"pipe not available, retrying","component":"api","simulation_id":5,"pipe":"events","path":"\\\\.\\pipe\\afsim_events","error":"CreateFile pipe: All pipe instances are busy.","retry_in":2000000000}
{"time":"2026-06-10T20:38:48.6783901+08:00","level":"INFO","msg":"pipe not available, retrying","component":"api","simulation_id":8,"pipe":"events","path":"\\\\.\\pipe\\afsim_events","error":"CreateFile pipe: All pipe instances are busy.","retry_in":2000000000}
{"time":"2026-06-10T20:38:49.0574495+08:00","level":"INFO","msg":"pipe not available, retrying","component":"api","simulation_id":4,"pipe":"events","path":"\\\\.\\pipe\\afsim_events","error":"CreateFile pipe: All pipe instances are busy.","retry_in":2000000000}
{"time":"2026-06-10T20:38:49.1310889+08:00","level":"INFO","msg":"T = 270.000\r","component":"api","simulation_id":4,"stream":"stdout"}
{"time":"2026-06-10T20:38:49.607291+08:00","level":"INFO","msg":"pipe not available, retrying","component":"api","simulation_id":6,"pipe":"events","path":"\\\\.\\pipe\\afsim_events","error":"CreateFile pipe: All pipe instances are busy.","retry_in":2000000000}
{"time":"2026-06-10T20:38:50.4784247+08:00","level":"INFO","msg":"pipe not available, retrying","component":"api","simulation_id":7,"pipe":"events","path":"\\\\.\\pipe\\afsim_events","error":"CreateFile pipe: All pipe instances are busy.","retry_in":2000000000}
{"time":"2026-06-10T20:38:50.5859557+08:00","level":"INFO","msg":"T = 100.000\r","component":"api","simulation_id":7,"stream":"stdout"}
{"time":"2026-06-10T20:38:50.6787101+08:00","level":"INFO","msg":"pipe not available, retrying","component":"api","simulation_id":8,"pipe":"events","path":"\\\\.\\pipe\\afsim_events","error":"CreateFile pipe: All pipe instances are busy.","retry_in":2000000000}
{"time":"2026-06-10T20:38:50.6787101+08:00","level":"INFO","msg":"pipe not available, retrying","component":"api","simulation_id":5,"pipe":"events","path":"\\\\.\\pipe\\afsim_events","error":"CreateFile pipe: All pipe instances are busy.","retry_in":2000000000}
{"time":"2026-06-10T20:38:51.0584273+08:00","level":"INFO","msg":"pipe not available, retrying","component":"api","simulation_id":4,"pipe":"events","path":"\\\\.\\pipe\\afsim_events","error":"CreateFile pipe: All pipe instances are busy.","retry_in":2000000000}
{"time":"2026-06-10T20:38:51.6083029+08:00","level":"INFO","msg":"pipe not available, retrying","component":"api","simulation_id":6,"pipe":"events","path":"\\\\.\\pipe\\afsim_events","error":"CreateFile pipe: All pipe instances are busy.","retry_in":2000000000}
{"time":"2026-06-10T20:38:52.4787864+08:00","level":"INFO","msg":"pipe not available, retrying","component":"api","simulation_id":7,"pipe":"events","path":"\\\\.\\pipe\\afsim_events","error":"CreateFile pipe: All pipe instances are busy.","retry_in":2000000000}
{"time":"2026-06-10T20:38:52.6796683+08:00","level":"INFO","msg":"pipe not available, retrying","component":"api","simulation_id":5,"pipe":"events","path":"\\\\.\\pipe\\afsim_events","error":"CreateFile pipe: All pipe instances are busy.","retry_in":2000000000}
{"time":"2026-06-10T20:38:52.6796683+08:00","level":"INFO","msg":"pipe not available, retrying","component":"api","simulation_id":8,"pipe":"events","path":"\\\\.\\pipe\\afsim_events","error":"CreateFile pipe: All pipe instances are busy.","retry_in":2000000000}
{"time":"2026-06-10T20:38:52.7491775+08:00","level":"INFO","msg":"T = 210.000\r","component":"api","simulation_id":5,"stream":"stdout"}
{"time":"2026-06-10T20:38:52.7970192+08:00","level":"INFO","msg":"T = 60.000\r","component":"api","simulation_id":8,"stream":"stdout"}
{"time":"2026-06-10T20:38:53.0594403+08:00","level":"INFO","msg":"pipe not available, retrying","component":"api","simulation_id":4,"pipe":"events","path":"\\\\.\\pipe\\afsim_events","error":"CreateFile pipe: All pipe instances are busy.","retry_in":2000000000}
{"time":"2026-06-10T20:38:53.5219889+08:00","level":"INFO","msg":"T = 310.000\r","component":"api","simulation_id":3,"stream":"stdout"}
{"time":"2026-06-10T20:38:53.6084152+08:00","level":"INFO","msg":"pipe not available, retrying","component":"api","simulation_id":6,"pipe":"events","path":"\\\\.\\pipe\\afsim_events","error":"CreateFile pipe: All pipe instances are busy.","retry_in":2000000000}
{"time":"2026-06-10T20:38:54.4797164+08:00","level":"INFO","msg":"pipe not available, retrying","component":"api","simulation_id":7,"pipe":"events","path":"\\\\.\\pipe\\afsim_events","error":"CreateFile pipe: All pipe instances are busy.","retry_in":2000000000}
{"time":"2026-06-10T20:38:54.6805417+08:00","level":"INFO","msg":"pipe not available, retrying","component":"api","simulation_id":8,"pipe":"events","path":"\\\\.\\pipe\\afsim_events","error":"CreateFile pipe: All pipe instances are busy.","retry_in":2000000000}
{"time":"2026-06-10T20:38:54.6805417+08:00","level":"INFO","msg":"pipe not available, retrying","component":"api","simulation_id":5,"pipe":"events","path":"\\\\.\\pipe\\afsim_events","error":"CreateFile pipe: All pipe instances are busy.","retry_in":2000000000}
{"time":"2026-06-10T20:38:55.0601546+08:00","level":"INFO","msg":"pipe not available, retrying","component":"api","simulation_id":4,"pipe":"events","path":"\\\\.\\pipe\\afsim_events","error":"CreateFile pipe: All pipe instances are busy.","retry_in":2000000000}
{"time":"2026-06-10T20:38:55.6089214+08:00","level":"INFO","msg":"pipe not available, retrying","component":"api","simulation_id":6,"pipe":"events","path":"\\\\.\\pipe\\afsim_events","error":"CreateFile pipe: All pipe instances are busy.","retry_in":2000000000}
{"time":"2026-06-10T20:38:55.7192062+08:00","level":"INFO","msg":"T = 140.000\r","component":"api","simulation_id":6,"stream":"stdout"}
{"time":"2026-06-10T20:38:56.4801023+08:00","level":"INFO","msg":"pipe not available, retrying","component":"api","simulation_id":7,"pipe":"events","path":"\\\\.\\pipe\\afsim_events","error":"CreateFile pipe: All pipe instances are busy.","retry_in":2000000000}
{"time":"2026-06-10T20:38:56.6808715+08:00","level":"INFO","msg":"pipe not available, retrying","component":"api","simulation_id":8,"pipe":"events","path":"\\\\.\\pipe\\afsim_events","error":"CreateFile pipe: All pipe instances are busy.","retry_in":2000000000}
{"time":"2026-06-10T20:38:56.6808715+08:00","level":"INFO","msg":"pipe not available, retrying","component":"api","simulation_id":5,"pipe":"events","path":"\\\\.\\pipe\\afsim_events","error":"CreateFile pipe: All pipe instances are busy.","retry_in":2000000000}
{"time":"2026-06-10T20:38:57.0606057+08:00","level":"INFO","msg":"pipe not available, retrying","component":"api","simulation_id":4,"pipe":"events","path":"\\\\.\\pipe\\afsim_events","error":"CreateFile pipe: All pipe instances are busy.","retry_in":2000000000}
{"time":"2026-06-10T20:38:57.60994+08:00","level":"INFO","msg":"pipe not available, retrying","component":"api","simulation_id":6,"pipe":"events","path":"\\\\.\\pipe\\afsim_events","error":"CreateFile pipe: All pipe instances are busy.","retry_in":2000000000}
{"time":"2026-06-10T20:38:58.4806446+08:00","level":"INFO","msg":"pipe not available, retrying","component":"api","simulation_id":7,"pipe":"events","path":"\\\\.\\pipe\\afsim_events","error":"CreateFile pipe: All pipe instances are busy.","retry_in":2000000000}
{"time":"2026-06-10T20:38:58.6817114+08:00","level":"INFO","msg":"pipe not available, retrying","component":"api","simulation_id":8,"pipe":"events","path":"\\\\.\\pipe\\afsim_events","error":"CreateFile pipe: All pipe instances are busy.","retry_in":2000000000}
{"time":"2026-06-10T20:38:58.6817114+08:00","level":"INFO","msg":"pipe not available, retrying","component":"api","simulation_id":5,"pipe":"events","path":"\\\\.\\pipe\\afsim_events","error":"CreateFile pipe: All pipe instances are busy.","retry_in":2000000000}
{"time":"2026-06-10T20:38:59.0608882+08:00","level":"INFO","msg":"pipe not available, retrying","component":"api","simulation_id":4,"pipe":"events","path":"\\\\.\\pipe\\afsim_events","error":"CreateFile pipe: All pipe instances are busy.","retry_in":2000000000}
{"time":"2026-06-10T20:38:59.121938+08:00","level":"INFO","msg":"T = 280.000\r","component":"api","simulation_id":4,"stream":"stdout"}
{"time":"2026-06-10T20:38:59.6106671+08:00","level":"INFO","msg":"pipe not available, retrying","component":"api","simulation_id":6,"pipe":"events","path":"\\\\.\\pipe\\afsim_events","error":"CreateFile pipe: All pipe instances are busy.","retry_in":2000000000}
{"time":"2026-06-10T20:39:00.48078+08:00","level":"INFO","msg":"pipe not available, retrying","component":"api","simulation_id":7,"pipe":"events","path":"\\\\.\\pipe\\afsim_events","error":"CreateFile pipe: All pipe instances are busy.","retry_in":2000000000}
{"time":"2026-06-10T20:39:00.5904784+08:00","level":"INFO","msg":"T = 110.000\r","component":"api","simulation_id":7,"stream":"stdout"}
{"time":"2026-06-10T20:39:00.6825433+08:00","level":"INFO","msg":"pipe not available, retrying","component":"api","simulation_id":8,"pipe":"events","path":"\\\\.\\pipe\\afsim_events","error":"CreateFile pipe: All pipe instances are busy.","retry_in":2000000000}
{"time":"2026-06-10T20:39:00.6825433+08:00","level":"INFO","msg":"pipe not available, retrying","component":"api","simulation_id":5,"pipe":"events","path":"\\\\.\\pipe\\afsim_events","error":"CreateFile pipe: All pipe instances are busy.","retry_in":2000000000}
{"time":"2026-06-10T20:39:01.0617442+08:00","level":"INFO","msg":"pipe not available, retrying","component":"api","simulation_id":4,"pipe":"events","path":"\\\\.\\pipe\\afsim_events","error":"CreateFile pipe: All pipe instances are busy.","retry_in":2000000000}
{"time":"2026-06-10T20:39:01.6115292+08:00","level":"INFO","msg":"pipe not available, retrying","component":"api","simulation_id":6,"pipe":"events","path":"\\\\.\\pipe\\afsim_events","error":"CreateFile pipe: All pipe instances are busy.","retry_in":2000000000}
{"time":"2026-06-10T20:39:02.4809586+08:00","level":"INFO","msg":"pipe not available, retrying","component":"api","simulation_id":7,"pipe":"events","path":"\\\\.\\pipe\\afsim_events","error":"CreateFile pipe: All pipe instances are busy.","retry_in":2000000000}
{"time":"2026-06-10T20:39:02.6835413+08:00","level":"INFO","msg":"pipe not available, retrying","component":"api","simulation_id":8,"pipe":"events","path":"\\\\.\\pipe\\afsim_events","error":"CreateFile pipe: All pipe instances are busy.","retry_in":2000000000}
{"time":"2026-06-10T20:39:02.6835413+08:00","level":"INFO","msg":"pipe not available, retrying","component":"api","simulation_id":5,"pipe":"events","path":"\\\\.\\pipe\\afsim_events","error":"CreateFile pipe: All pipe instances are busy.","retry_in":2000000000}
{"time":"2026-06-10T20:39:02.7515124+08:00","level":"INFO","msg":"T = 220.000\r","component":"api","simulation_id":5,"stream":"stdout"}
{"time":"2026-06-10T20:39:02.7987676+08:00","level":"INFO","msg":"T = 70.000\r","component":"api","simulation_id":8,"stream":"stdout"}
{"time":"2026-06-10T20:39:03.0625333+08:00","level":"INFO","msg":"pipe not available, retrying","component":"api","simulation_id":4,"pipe":"events","path":"\\\\.\\pipe\\afsim_events","error":"CreateFile pipe: All pipe instances are busy.","retry_in":2000000000}
{"time":"2026-06-10T20:39:03.5228821+08:00","level":"INFO","msg":"T = 320.000\r","component":"api","simulation_id":3,"stream":"stdout"}
{"time":"2026-06-10T20:39:03.6122961+08:00","level":"INFO","msg":"pipe not available, retrying","component":"api","simulation_id":6,"pipe":"events","path":"\\\\.\\pipe\\afsim_events","error":"CreateFile pipe: All pipe instances are busy.","retry_in":2000000000}
{"time":"2026-06-10T20:39:04.4813012+08:00","level":"INFO","msg":"pipe not available, retrying","component":"api","simulation_id":7,"pipe":"events","path":"\\\\.\\pipe\\afsim_events","error":"CreateFile pipe: All pipe instances are busy.","retry_in":2000000000}
{"time":"2026-06-10T20:39:04.6836446+08:00","level":"INFO","msg":"pipe not available, retrying","component":"api","simulation_id":8,"pipe":"events","path":"\\\\.\\pipe\\afsim_events","error":"CreateFile pipe: All pipe instances are busy.","retry_in":2000000000}
{"time":"2026-06-10T20:39:04.6836446+08:00","level":"INFO","msg":"pipe not available, retrying","component":"api","simulation_id":5,"pipe":"events","path":"\\\\.\\pipe\\afsim_events","error":"CreateFile pipe: All pipe instances are busy.","retry_in":2000000000}
{"time":"2026-06-10T20:39:05.0633798+08:00","level":"INFO","msg":"pipe not available, retrying","component":"api","simulation_id":4,"pipe":"events","path":"\\\\.\\pipe\\afsim_events","error":"CreateFile pipe: All pipe instances are busy.","retry_in":2000000000}
{"time":"2026-06-10T20:39:05.6124619+08:00","level":"INFO","msg":"pipe not available, retrying","component":"api","simulation_id":6,"pipe":"events","path":"\\\\.\\pipe\\afsim_events","error":"CreateFile pipe: All pipe instances are busy.","retry_in":2000000000}
{"time":"2026-06-10T20:39:05.7119707+08:00","level":"INFO","msg":"T = 150.000\r","component":"api","simulation_id":6,"stream":"stdout"}
{"time":"2026-06-10T20:39:06.482275+08:00","level":"INFO","msg":"pipe not available, retrying","component":"api","simulation_id":7,"pipe":"events","path":"\\\\.\\pipe\\afsim_events","error":"CreateFile pipe: All pipe instances are busy.","retry_in":2000000000}
{"time":"2026-06-10T20:39:06.6845169+08:00","level":"INFO","msg":"pipe not available, retrying","component":"api","simulation_id":5,"pipe":"events","path":"\\\\.\\pipe\\afsim_events","error":"CreateFile pipe: All pipe instances are busy.","retry_in":2000000000}
{"time":"2026-06-10T20:39:06.6845169+08:00","level":"INFO","msg":"pipe not available, retrying","component":"api","simulation_id":8,"pipe":"events","path":"\\\\.\\pipe\\afsim_events","error":"CreateFile pipe: All pipe instances are busy.","retry_in":2000000000}
{"time":"2026-06-10T20:39:07.0643805+08:00","level":"INFO","msg":"pipe not available, retrying","component":"api","simulation_id":4,"pipe":"events","path":"\\\\.\\pipe\\afsim_events","error":"CreateFile pipe: All pipe instances are busy.","retry_in":2000000000}
{"time":"2026-06-10T20:39:07.6132352+08:00","level":"INFO","msg":"pipe not available, retrying","component":"api","simulation_id":6,"pipe":"events","path":"\\\\.\\pipe\\afsim_events","error":"CreateFile pipe: All pipe instances are busy.","retry_in":2000000000}
{"time":"2026-06-10T20:39:08.4832123+08:00","level":"INFO","msg":"pipe not available, retrying","component":"api","simulation_id":7,"pipe":"events","path":"\\\\.\\pipe\\afsim_events","error":"CreateFile pipe: All pipe instances are busy.","retry_in":2000000000}
{"time":"2026-06-10T20:39:08.6852536+08:00","level":"INFO","msg":"pipe not available, retrying","component":"api","simulation_id":8,"pipe":"events","path":"\\\\.\\pipe\\afsim_events","error":"CreateFile pipe: All pipe instances are busy.","retry_in":2000000000}
{"time":"2026-06-10T20:39:08.6852536+08:00","level":"INFO","msg":"pipe not available, retrying","component":"api","simulation_id":5,"pipe":"events","path":"\\\\.\\pipe\\afsim_events","error":"CreateFile pipe: All pipe instances are busy.","retry_in":2000000000}
{"time":"2026-06-10T20:39:09.0649837+08:00","level":"INFO","msg":"pipe not available, retrying","component":"api","simulation_id":4,"pipe":"events","path":"\\\\.\\pipe\\afsim_events","error":"CreateFile pipe: All pipe instances are busy.","retry_in":2000000000}
{"time":"2026-06-10T20:39:09.1226742+08:00","level":"INFO","msg":"T = 290.000\r","component":"api","simulation_id":4,"stream":"stdout"}
{"time":"2026-06-10T20:39:09.6141005+08:00","level":"INFO","msg":"pipe not available, retrying","component":"api","simulation_id":6,"pipe":"events","path":"\\\\.\\pipe\\afsim_events","error":"CreateFile pipe: All pipe instances are busy.","retry_in":2000000000}
{"time":"2026-06-10T20:39:10.4840098+08:00","level":"INFO","msg":"pipe not available, retrying","component":"api","simulation_id":7,"pipe":"events","path":"\\\\.\\pipe\\afsim_events","error":"CreateFile pipe: All pipe instances are busy.","retry_in":2000000000}
{"time":"2026-06-10T20:39:10.5865481+08:00","level":"INFO","msg":"T = 120.000\r","component":"api","simulation_id":7,"stream":"stdout"}
{"time":"2026-06-10T20:39:10.6859369+08:00","level":"INFO","msg":"pipe not available, retrying","component":"api","simulation_id":5,"pipe":"events","path":"\\\\.\\pipe\\afsim_events","error":"CreateFile pipe: All pipe instances are busy.","retry_in":2000000000}
{"time":"2026-06-10T20:39:10.6859369+08:00","level":"INFO","msg":"pipe not available, retrying","component":"api","simulation_id":8,"pipe":"events","path":"\\\\.\\pipe\\afsim_events","error":"CreateFile pipe: All pipe instances are busy.","retry_in":2000000000}
{"time":"2026-06-10T20:39:11.0652567+08:00","level":"INFO","msg":"pipe not available, retrying","component":"api","simulation_id":4,"pipe":"events","path":"\\\\.\\pipe\\afsim_events","error":"CreateFile pipe: All pipe instances are busy.","retry_in":2000000000}
{"time":"2026-06-10T20:39:11.6143514+08:00","level":"INFO","msg":"pipe not available, retrying","component":"api","simulation_id":6,"pipe":"events","path":"\\\\.\\pipe\\afsim_events","error":"CreateFile pipe: All pipe instances are busy.","retry_in":2000000000}
{"time":"2026-06-10T20:39:12.4850979+08:00","level":"INFO","msg":"pipe not available, retrying","component":"api","simulation_id":7,"pipe":"events","path":"\\\\.\\pipe\\afsim_events","error":"CreateFile pipe: All pipe instances are busy.","retry_in":2000000000}
{"time":"2026-06-10T20:39:12.6866186+08:00","level":"INFO","msg":"pipe not available, retrying","component":"api","simulation_id":8,"pipe":"events","path":"\\\\.\\pipe\\afsim_events","error":"CreateFile pipe: All pipe instances are busy.","retry_in":2000000000}
{"time":"2026-06-10T20:39:12.6866186+08:00","level":"INFO","msg":"pipe not available, retrying","component":"api","simulation_id":5,"pipe":"events","path":"\\\\.\\pipe\\afsim_events","error":"CreateFile pipe: All pipe instances are busy.","retry_in":2000000000}
{"time":"2026-06-10T20:39:12.7459332+08:00","level":"INFO","msg":"T = 230.000\r","component":"api","simulation_id":5,"stream":"stdout"}
{"time":"2026-06-10T20:39:12.8056984+08:00","level":"INFO","msg":"T = 80.000\r","component":"api","simulation_id":8,"stream":"stdout"}
{"time":"2026-06-10T20:39:13.0656602+08:00","level":"INFO","msg":"pipe not available, retrying","component":"api","simulation_id":4,"pipe":"events","path":"\\\\.\\pipe\\afsim_events","error":"CreateFile pipe: All pipe instances are busy.","retry_in":2000000000}
{"time":"2026-06-10T20:39:13.5249877+08:00","level":"INFO","msg":"T = 330.000\r","component":"api","simulation_id":3,"stream":"stdout"}
{"time":"2026-06-10T20:39:13.6151401+08:00","level":"INFO","msg":"pipe not available, retrying","component":"api","simulation_id":6,"pipe":"events","path":"\\\\.\\pipe\\afsim_events","error":"CreateFile pipe: All pipe instances are busy.","retry_in":2000000000}
{"time":"2026-06-10T20:39:14.4858878+08:00","level":"INFO","msg":"pipe not available, retrying","component":"api","simulation_id":7,"pipe":"events","path":"\\\\.\\pipe\\afsim_events","error":"CreateFile pipe: All pipe instances are busy.","retry_in":2000000000}
{"time":"2026-06-10T20:39:14.6871791+08:00","level":"INFO","msg":"pipe not available, retrying","component":"api","simulation_id":5,"pipe":"events","path":"\\\\.\\pipe\\afsim_events","error":"CreateFile pipe: All pipe instances are busy.","retry_in":2000000000}
{"time":"2026-06-10T20:39:14.6871791+08:00","level":"INFO","msg":"pipe not available, retrying","component":"api","simulation_id":8,"pipe":"events","path":"\\\\.\\pipe\\afsim_events","error":"CreateFile pipe: All pipe instances are busy.","retry_in":2000000000}
{"time":"2026-06-10T20:39:15.0659679+08:00","level":"INFO","msg":"pipe not available, retrying","component":"api","simulation_id":4,"pipe":"events","path":"\\\\.\\pipe\\afsim_events","error":"CreateFile pipe: All pipe instances are busy.","retry_in":2000000000}
{"time":"2026-06-10T20:39:15.6154129+08:00","level":"INFO","msg":"pipe not available, retrying","component":"api","simulation_id":6,"pipe":"events","path":"\\\\.\\pipe\\afsim_events","error":"CreateFile pipe: All pipe instances are busy.","retry_in":2000000000}
{"time":"2026-06-10T20:39:15.7126619+08:00","level":"INFO","msg":"T = 160.000\r","component":"api","simulation_id":6,"stream":"stdout"}
{"time":"2026-06-10T20:39:16.4859937+08:00","level":"INFO","msg":"pipe not available, retrying","component":"api","simulation_id":7,"pipe":"events","path":"\\\\.\\pipe\\afsim_events","error":"CreateFile pipe: All pipe instances are busy.","retry_in":2000000000}
{"time":"2026-06-10T20:39:16.6882273+08:00","level":"INFO","msg":"pipe not available, retrying","component":"api","simulation_id":8,"pipe":"events","path":"\\\\.\\pipe\\afsim_events","error":"CreateFile pipe: All pipe instances are busy.","retry_in":2000000000}
{"time":"2026-06-10T20:39:16.6882273+08:00","level":"INFO","msg":"pipe not available, retrying","component":"api","simulation_id":5,"pipe":"events","path":"\\\\.\\pipe\\afsim_events","error":"CreateFile pipe: All pipe instances are busy.","retry_in":2000000000}
{"time":"2026-06-10T20:39:17.0664794+08:00","level":"INFO","msg":"pipe not available, retrying","component":"api","simulation_id":4,"pipe":"events","path":"\\\\.\\pipe\\afsim_events","error":"CreateFile pipe: All pipe instances are busy.","retry_in":2000000000}
{"time":"2026-06-10T20:39:17.6155196+08:00","level":"INFO","msg":"pipe not available, retrying","component":"api","simulation_id":6,"pipe":"events","path":"\\\\.\\pipe\\afsim_events","error":"CreateFile pipe: All pipe instances are busy.","retry_in":2000000000}
{"time":"2026-06-10T20:39:18.4862146+08:00","level":"INFO","msg":"pipe not available, retrying","component":"api","simulation_id":7,"pipe":"events","path":"\\\\.\\pipe\\afsim_events","error":"CreateFile pipe: All pipe instances are busy.","retry_in":2000000000}
{"time":"2026-06-10T20:39:18.688892+08:00","level":"INFO","msg":"pipe not available, retrying","component":"api","simulation_id":8,"pipe":"events","path":"\\\\.\\pipe\\afsim_events","error":"CreateFile pipe: All pipe instances are busy.","retry_in":2000000000}
{"time":"2026-06-10T20:39:18.688892+08:00","level":"INFO","msg":"pipe not available, retrying","component":"api","simulation_id":5,"pipe":"events","path":"\\\\.\\pipe\\afsim_events","error":"CreateFile pipe: All pipe instances are busy.","retry_in":2000000000}
{"time":"2026-06-10T20:39:19.0666966+08:00","level":"INFO","msg":"pipe not available, retrying","component":"api","simulation_id":4,"pipe":"events","path":"\\\\.\\pipe\\afsim_events","error":"CreateFile pipe: All pipe instances are busy.","retry_in":2000000000}
{"time":"2026-06-10T20:39:19.1226981+08:00","level":"INFO","msg":"T = 300.000\r","component":"api","simulation_id":4,"stream":"stdout"}
{"time":"2026-06-10T20:39:19.6164278+08:00","level":"INFO","msg":"pipe not available, retrying","component":"api","simulation_id":6,"pipe":"events","path":"\\\\.\\pipe\\afsim_events","error":"CreateFile pipe: All pipe instances are busy.","retry_in":2000000000}
{"time":"2026-06-10T20:39:20.4862516+08:00","level":"INFO","msg":"pipe not available, retrying","component":"api","simulation_id":7,"pipe":"events","path":"\\\\.\\pipe\\afsim_events","error":"CreateFile pipe: All pipe instances are busy.","retry_in":2000000000}
{"time":"2026-06-10T20:39:20.5940223+08:00","level":"INFO","msg":"T = 130.000\r","component":"api","simulation_id":7,"stream":"stdout"}
{"time":"2026-06-10T20:39:20.6896721+08:00","level":"INFO","msg":"pipe not available, retrying","component":"api","simulation_id":8,"pipe":"events","path":"\\\\.\\pipe\\afsim_events","error":"CreateFile pipe: All pipe instances are busy.","retry_in":2000000000}
{"time":"2026-06-10T20:39:20.6896721+08:00","level":"INFO","msg":"pipe not available, retrying","component":"api","simulation_id":5,"pipe":"events","path":"\\\\.\\pipe\\afsim_events","error":"CreateFile pipe: All pipe instances are busy.","retry_in":2000000000}
{"time":"2026-06-10T20:39:21.0667647+08:00","level":"INFO","msg":"pipe not available, retrying","component":"api","simulation_id":4,"pipe":"events","path":"\\\\.\\pipe\\afsim_events","error":"CreateFile pipe: All pipe instances are busy.","retry_in":2000000000}
{"time":"2026-06-10T20:39:21.6173611+08:00","level":"INFO","msg":"pipe not available, retrying","component":"api","simulation_id":6,"pipe":"events","path":"\\\\.\\pipe\\afsim_events","error":"CreateFile pipe: All pipe instances are busy.","retry_in":2000000000}
{"time":"2026-06-10T20:39:22.4867541+08:00","level":"INFO","msg":"pipe not available, retrying","component":"api","simulation_id":7,"pipe":"events","path":"\\\\.\\pipe\\afsim_events","error":"CreateFile pipe: All pipe instances are busy.","retry_in":2000000000}
{"time":"2026-06-10T20:39:22.6900864+08:00","level":"INFO","msg":"pipe not available, retrying","component":"api","simulation_id":5,"pipe":"events","path":"\\\\.\\pipe\\afsim_events","error":"CreateFile pipe: All pipe instances are busy.","retry_in":2000000000}
{"time":"2026-06-10T20:39:22.6900864+08:00","level":"INFO","msg":"pipe not available, retrying","component":"api","simulation_id":8,"pipe":"events","path":"\\\\.\\pipe\\afsim_events","error":"CreateFile pipe: All pipe instances are busy.","retry_in":2000000000}
{"time":"2026-06-10T20:39:22.7501769+08:00","level":"INFO","msg":"T = 240.000\r","component":"api","simulation_id":5,"stream":"stdout"}
{"time":"2026-06-10T20:39:22.7965483+08:00","level":"INFO","msg":"T = 90.000\r","component":"api","simulation_id":8,"stream":"stdout"}
{"time":"2026-06-10T20:39:23.0674466+08:00","level":"INFO","msg":"pipe not available, retrying","component":"api","simulation_id":4,"pipe":"events","path":"\\\\.\\pipe\\afsim_events","error":"CreateFile pipe: All pipe instances are busy.","retry_in":2000000000}
{"time":"2026-06-10T20:39:23.5180451+08:00","level":"INFO","msg":"T = 340.000\r","component":"api","simulation_id":3,"stream":"stdout"}
{"time":"2026-06-10T20:39:23.6183566+08:00","level":"INFO","msg":"pipe not available, retrying","component":"api","simulation_id":6,"pipe":"events","path":"\\\\.\\pipe\\afsim_events","error":"CreateFile pipe: All pipe instances are busy.","retry_in":2000000000}
{"time":"2026-06-10T20:39:24.4873034+08:00","level":"INFO","msg":"pipe not available, retrying","component":"api","simulation_id":7,"pipe":"events","path":"\\\\.\\pipe\\afsim_events","error":"CreateFile pipe: All pipe instances are busy.","retry_in":2000000000}
{"time":"2026-06-10T20:39:24.6904342+08:00","level":"INFO","msg":"pipe not available, retrying","component":"api","simulation_id":8,"pipe":"events","path":"\\\\.\\pipe\\afsim_events","error":"CreateFile pipe: All pipe instances are busy.","retry_in":2000000000}
{"time":"2026-06-10T20:39:24.6904342+08:00","level":"INFO","msg":"pipe not available, retrying","component":"api","simulation_id":5,"pipe":"events","path":"\\\\.\\pipe\\afsim_events","error":"CreateFile pipe: All pipe instances are busy.","retry_in":2000000000}
{"time":"2026-06-10T20:39:25.0676476+08:00","level":"INFO","msg":"pipe not available, retrying","component":"api","simulation_id":4,"pipe":"events","path":"\\\\.\\pipe\\afsim_events","error":"CreateFile pipe: All pipe instances are busy.","retry_in":2000000000}
{"time":"2026-06-10T20:39:25.6191817+08:00","level":"INFO","msg":"pipe not available, retrying","component":"api","simulation_id":6,"pipe":"events","path":"\\\\.\\pipe\\afsim_events","error":"CreateFile pipe: All pipe instances are busy.","retry_in":2000000000}
{"time":"2026-06-10T20:39:25.7221899+08:00","level":"INFO","msg":"T = 170.000\r","component":"api","simulation_id":6,"stream":"stdout"}
{"time":"2026-06-10T20:39:26.4880729+08:00","level":"INFO","msg":"pipe not available, retrying","component":"api","simulation_id":7,"pipe":"events","path":"\\\\.\\pipe\\afsim_events","error":"CreateFile pipe: All pipe instances are busy.","retry_in":2000000000}
{"time":"2026-06-10T20:39:26.6906631+08:00","level":"INFO","msg":"pipe not available, retrying","component":"api","simulation_id":8,"pipe":"events","path":"\\\\.\\pipe\\afsim_events","error":"CreateFile pipe: All pipe instances are busy.","retry_in":2000000000}
{"time":"2026-06-10T20:39:26.6906631+08:00","level":"INFO","msg":"pipe not available, retrying","component":"api","simulation_id":5,"pipe":"events","path":"\\\\.\\pipe\\afsim_events","error":"CreateFile pipe: All pipe instances are busy.","retry_in":2000000000}
{"time":"2026-06-10T20:39:27.0681405+08:00","level":"INFO","msg":"pipe not available, retrying","component":"api","simulation_id":4,"pipe":"events","path":"\\\\.\\pipe\\afsim_events","error":"CreateFile pipe: All pipe instances are busy.","retry_in":2000000000}
{"time":"2026-06-10T20:39:27.6200517+08:00","level":"INFO","msg":"pipe not available, retrying","component":"api","simulation_id":6,"pipe":"events","path":"\\\\.\\pipe\\afsim_events","error":"CreateFile pipe: All pipe instances are busy.","retry_in":2000000000}
{"time":"2026-06-10T20:39:28.4890366+08:00","level":"INFO","msg":"pipe not available, retrying","component":"api","simulation_id":7,"pipe":"events","path":"\\\\.\\pipe\\afsim_events","error":"CreateFile pipe: All pipe instances are busy.","retry_in":2000000000}
{"time":"2026-06-10T20:39:28.6911444+08:00","level":"INFO","msg":"pipe not available, retrying","component":"api","simulation_id":8,"pipe":"events","path":"\\\\.\\pipe\\afsim_events","error":"CreateFile pipe: All pipe instances are busy.","retry_in":2000000000}
{"time":"2026-06-10T20:39:28.6911444+08:00","level":"INFO","msg":"pipe not available, retrying","component":"api","simulation_id":5,"pipe":"events","path":"\\\\.\\pipe\\afsim_events","error":"CreateFile pipe: All pipe instances are busy.","retry_in":2000000000}
{"time":"2026-06-10T20:39:29.0690399+08:00","level":"INFO","msg":"pipe not available, retrying","component":"api","simulation_id":4,"pipe":"events","path":"\\\\.\\pipe\\afsim_events","error":"CreateFile pipe: All pipe instances are busy.","retry_in":2000000000}
{"time":"2026-06-10T20:39:29.1305495+08:00","level":"INFO","msg":"T = 310.000\r","component":"api","simulation_id":4,"stream":"stdout"}
{"time":"2026-06-10T20:39:29.6202814+08:00","level":"INFO","msg":"pipe not available, retrying","component":"api","simulation_id":6,"pipe":"events","path":"\\\\.\\pipe\\afsim_events","error":"CreateFile pipe: All pipe instances are busy.","retry_in":2000000000}
{"time":"2026-06-10T20:39:30.4897999+08:00","level":"INFO","msg":"pipe not available, retrying","component":"api","simulation_id":7,"pipe":"events","path":"\\\\.\\pipe\\afsim_events","error":"CreateFile pipe: All pipe instances are busy.","retry_in":2000000000}
{"time":"2026-06-10T20:39:30.5899466+08:00","level":"INFO","msg":"T = 140.000\r","component":"api","simulation_id":7,"stream":"stdout"}
{"time":"2026-06-10T20:39:30.6915177+08:00","level":"INFO","msg":"pipe not available, retrying","component":"api","simulation_id":8,"pipe":"events","path":"\\\\.\\pipe\\afsim_events","error":"CreateFile pipe: All pipe instances are busy.","retry_in":2000000000}
{"time":"2026-06-10T20:39:30.6915177+08:00","level":"INFO","msg":"pipe not available, retrying","component":"api","simulation_id":5,"pipe":"events","path":"\\\\.\\pipe\\afsim_events","error":"CreateFile pipe: All pipe instances are busy.","retry_in":2000000000}
{"time":"2026-06-10T20:39:31.0696674+08:00","level":"INFO","msg":"pipe not available, retrying","component":"api","simulation_id":4,"pipe":"events","path":"\\\\.\\pipe\\afsim_events","error":"CreateFile pipe: All pipe instances are busy.","retry_in":2000000000}
{"time":"2026-06-10T20:39:31.6203488+08:00","level":"INFO","msg":"pipe not available, retrying","component":"api","simulation_id":6,"pipe":"events","path":"\\\\.\\pipe\\afsim_events","error":"CreateFile pipe: All pipe instances are busy.","retry_in":2000000000}
{"time":"2026-06-10T20:39:32.4904213+08:00","level":"INFO","msg":"pipe not available, retrying","component":"api","simulation_id":7,"pipe":"events","path":"\\\\.\\pipe\\afsim_events","error":"CreateFile pipe: All pipe instances are busy.","retry_in":2000000000}
{"time":"2026-06-10T20:39:32.6918411+08:00","level":"INFO","msg":"pipe not available, retrying","component":"api","simulation_id":8,"pipe":"events","path":"\\\\.\\pipe\\afsim_events","error":"CreateFile pipe: All pipe instances are busy.","retry_in":2000000000}
{"time":"2026-06-10T20:39:32.6918411+08:00","level":"INFO","msg":"pipe not available, retrying","component":"api","simulation_id":5,"pipe":"events","path":"\\\\.\\pipe\\afsim_events","error":"CreateFile pipe: All pipe instances are busy.","retry_in":2000000000}
{"time":"2026-06-10T20:39:32.7456184+08:00","level":"INFO","msg":"T = 250.000\r","component":"api","simulation_id":5,"stream":"stdout"}
{"time":"2026-06-10T20:39:32.7956358+08:00","level":"INFO","msg":"T = 100.000\r","component":"api","simulation_id":8,"stream":"stdout"}
{"time":"2026-06-10T20:39:33.0703051+08:00","level":"INFO","msg":"pipe not available, retrying","component":"api","simulation_id":4,"pipe":"events","path":"\\\\.\\pipe\\afsim_events","error":"CreateFile pipe: All pipe instances are busy.","retry_in":2000000000}
{"time":"2026-06-10T20:39:33.5275891+08:00","level":"INFO","msg":"T = 350.000\r","component":"api","simulation_id":3,"stream":"stdout"}
{"time":"2026-06-10T20:39:33.621034+08:00","level":"INFO","msg":"pipe not available, retrying","component":"api","simulation_id":6,"pipe":"events","path":"\\\\.\\pipe\\afsim_events","error":"CreateFile pipe: All pipe instances are busy.","retry_in":2000000000}
{"time":"2026-06-10T20:39:34.4910802+08:00","level":"INFO","msg":"pipe not available, retrying","component":"api","simulation_id":7,"pipe":"events","path":"\\\\.\\pipe\\afsim_events","error":"CreateFile pipe: All pipe instances are busy.","retry_in":2000000000}
{"time":"2026-06-10T20:39:34.6924638+08:00","level":"INFO","msg":"pipe not available, retrying","component":"api","simulation_id":8,"pipe":"events","path":"\\\\.\\pipe\\afsim_events","error":"CreateFile pipe: All pipe instances are busy.","retry_in":2000000000}
{"time":"2026-06-10T20:39:34.6924638+08:00","level":"INFO","msg":"pipe not available, retrying","component":"api","simulation_id":5,"pipe":"events","path":"\\\\.\\pipe\\afsim_events","error":"CreateFile pipe: All pipe instances are busy.","retry_in":2000000000}
{"time":"2026-06-10T20:39:35.0713178+08:00","level":"INFO","msg":"pipe not available, retrying","component":"api","simulation_id":4,"pipe":"events","path":"\\\\.\\pipe\\afsim_events","error":"CreateFile pipe: All pipe instances are busy.","retry_in":2000000000}
{"time":"2026-06-10T20:39:35.6215655+08:00","level":"INFO","msg":"pipe not available, retrying","component":"api","simulation_id":6,"pipe":"events","path":"\\\\.\\pipe\\afsim_events","error":"CreateFile pipe: All pipe instances are busy.","retry_in":2000000000}
{"time":"2026-06-10T20:39:35.718158+08:00","level":"INFO","msg":"T = 180.000\r","component":"api","simulation_id":6,"stream":"stdout"}
{"time":"2026-06-10T20:39:36.4918716+08:00","level":"INFO","msg":"pipe not available, retrying","component":"api","simulation_id":7,"pipe":"events","path":"\\\\.\\pipe\\afsim_events","error":"CreateFile pipe: All pipe instances are busy.","retry_in":2000000000}
{"time":"2026-06-10T20:39:36.6926698+08:00","level":"INFO","msg":"pipe not available, retrying","component":"api","simulation_id":5,"pipe":"events","path":"\\\\.\\pipe\\afsim_events","error":"CreateFile pipe: All pipe instances are busy.","retry_in":2000000000}
{"time":"2026-06-10T20:39:36.6926698+08:00","level":"INFO","msg":"pipe not available, retrying","component":"api","simulation_id":8,"pipe":"events","path":"\\\\.\\pipe\\afsim_events","error":"CreateFile pipe: All pipe instances are busy.","retry_in":2000000000}
{"time":"2026-06-10T20:39:37.0715309+08:00","level":"INFO","msg":"pipe not available, retrying","component":"api","simulation_id":4,"pipe":"events","path":"\\\\.\\pipe\\afsim_events","error":"CreateFile pipe: All pipe instances are busy.","retry_in":2000000000}
{"time":"2026-06-10T20:39:37.622523+08:00","level":"INFO","msg":"pipe not available, retrying","component":"api","simulation_id":6,"pipe":"events","path":"\\\\.\\pipe\\afsim_events","error":"CreateFile pipe: All pipe instances are busy.","retry_in":2000000000}
{"time":"2026-06-10T20:39:38.4928636+08:00","level":"INFO","msg":"pipe not available, retrying","component":"api","simulation_id":7,"pipe":"events","path":"\\\\.\\pipe\\afsim_events","error":"CreateFile pipe: All pipe instances are busy.","retry_in":2000000000}
{"time":"2026-06-10T20:39:38.6932493+08:00","level":"INFO","msg":"pipe not available, retrying","component":"api","simulation_id":5,"pipe":"events","path":"\\\\.\\pipe\\afsim_events","error":"CreateFile pipe: All pipe instances are busy.","retry_in":2000000000}
{"time":"2026-06-10T20:39:38.6932493+08:00","level":"INFO","msg":"pipe not available, retrying","component":"api","simulation_id":8,"pipe":"events","path":"\\\\.\\pipe\\afsim_events","error":"CreateFile pipe: All pipe instances are busy.","retry_in":2000000000}
{"time":"2026-06-10T20:39:39.0724707+08:00","level":"INFO","msg":"pipe not available, retrying","component":"api","simulation_id":4,"pipe":"events","path":"\\\\.\\pipe\\afsim_events","error":"CreateFile pipe: All pipe instances are busy.","retry_in":2000000000}
{"time":"2026-06-10T20:39:39.1222004+08:00","level":"INFO","msg":"T = 320.000\r","component":"api","simulation_id":4,"stream":"stdout"}
{"time":"2026-06-10T20:39:39.6234543+08:00","level":"INFO","msg":"pipe not available, retrying","component":"api","simulation_id":6,"pipe":"events","path":"\\\\.\\pipe\\afsim_events","error":"CreateFile pipe: All pipe instances are busy.","retry_in":2000000000}
{"time":"2026-06-10T20:39:40.4929525+08:00","level":"INFO","msg":"pipe not available, retrying","component":"api","simulation_id":7,"pipe":"events","path":"\\\\.\\pipe\\afsim_events","error":"CreateFile pipe: All pipe instances are busy.","retry_in":2000000000}
{"time":"2026-06-10T20:39:40.5912966+08:00","level":"INFO","msg":"T = 150.000\r","component":"api","simulation_id":7,"stream":"stdout"}
{"time":"2026-06-10T20:39:40.6941012+08:00","level":"INFO","msg":"pipe not available, retrying","component":"api","simulation_id":5,"pipe":"events","path":"\\\\.\\pipe\\afsim_events","error":"CreateFile pipe: All pipe instances are busy.","retry_in":2000000000}
{"time":"2026-06-10T20:39:40.6941012+08:00","level":"INFO","msg":"pipe not available, retrying","component":"api","simulation_id":8,"pipe":"events","path":"\\\\.\\pipe\\afsim_events","error":"CreateFile pipe: All pipe instances are busy.","retry_in":2000000000}
{"time":"2026-06-10T20:39:41.0734154+08:00","level":"INFO","msg":"pipe not available, retrying","component":"api","simulation_id":4,"pipe":"events","path":"\\\\.\\pipe\\afsim_events","error":"CreateFile pipe: All pipe instances are busy.","retry_in":2000000000}
{"time":"2026-06-10T20:39:41.6242844+08:00","level":"INFO","msg":"pipe not available, retrying","component":"api","simulation_id":6,"pipe":"events","path":"\\\\.\\pipe\\afsim_events","error":"CreateFile pipe: All pipe instances are busy.","retry_in":2000000000}
{"time":"2026-06-10T20:39:42.4937434+08:00","level":"INFO","msg":"pipe not available, retrying","component":"api","simulation_id":7,"pipe":"events","path":"\\\\.\\pipe\\afsim_events","error":"CreateFile pipe: All pipe instances are busy.","retry_in":2000000000}
{"time":"2026-06-10T20:39:42.6946046+08:00","level":"INFO","msg":"pipe not available, retrying","component":"api","simulation_id":5,"pipe":"events","path":"\\\\.\\pipe\\afsim_events","error":"CreateFile pipe: All pipe instances are busy.","retry_in":2000000000}
{"time":"2026-06-10T20:39:42.6946046+08:00","level":"INFO","msg":"pipe not available, retrying","component":"api","simulation_id":8,"pipe":"events","path":"\\\\.\\pipe\\afsim_events","error":"CreateFile pipe: All pipe instances are busy.","retry_in":2000000000}
{"time":"2026-06-10T20:39:42.7451476+08:00","level":"INFO","msg":"T = 260.000\r","component":"api","simulation_id":5,"stream":"stdout"}
{"time":"2026-06-10T20:39:42.8027111+08:00","level":"INFO","msg":"T = 110.000\r","component":"api","simulation_id":8,"stream":"stdout"}
{"time":"2026-06-10T20:39:43.0736985+08:00","level":"INFO","msg":"pipe not available, retrying","component":"api","simulation_id":4,"pipe":"events","path":"\\\\.\\pipe\\afsim_events","error":"CreateFile pipe: All pipe instances are busy.","retry_in":2000000000}
{"time":"2026-06-10T20:39:43.519092+08:00","level":"INFO","msg":"T = 360.000\r","component":"api","simulation_id":3,"stream":"stdout"}
{"time":"2026-06-10T20:39:43.6244478+08:00","level":"INFO","msg":"pipe not available, retrying","component":"api","simulation_id":6,"pipe":"events","path":"\\\\.\\pipe\\afsim_events","error":"CreateFile pipe: All pipe instances are busy.","retry_in":2000000000}
{"time":"2026-06-10T20:39:44.4946261+08:00","level":"INFO","msg":"pipe not available, retrying","component":"api","simulation_id":7,"pipe":"events","path":"\\\\.\\pipe\\afsim_events","error":"CreateFile pipe: All pipe instances are busy.","retry_in":2000000000}
{"time":"2026-06-10T20:39:44.6950096+08:00","level":"INFO","msg":"pipe not available, retrying","component":"api","simulation_id":8,"pipe":"events","path":"\\\\.\\pipe\\afsim_events","error":"CreateFile pipe: All pipe instances are busy.","retry_in":2000000000}
{"time":"2026-06-10T20:39:44.6950096+08:00","level":"INFO","msg":"pipe not available, retrying","component":"api","simulation_id":5,"pipe":"events","path":"\\\\.\\pipe\\afsim_events","error":"CreateFile pipe: All pipe instances are busy.","retry_in":2000000000}
{"time":"2026-06-10T20:39:45.0745718+08:00","level":"INFO","msg":"pipe not available, retrying","component":"api","simulation_id":4,"pipe":"events","path":"\\\\.\\pipe\\afsim_events","error":"CreateFile pipe: All pipe instances are busy.","retry_in":2000000000}
{"time":"2026-06-10T20:39:45.6245838+08:00","level":"INFO","msg":"pipe not available, retrying","component":"api","simulation_id":6,"pipe":"events","path":"\\\\.\\pipe\\afsim_events","error":"CreateFile pipe: All pipe instances are busy.","retry_in":2000000000}
{"time":"2026-06-10T20:39:45.7120936+08:00","level":"INFO","msg":"T = 190.000\r","component":"api","simulation_id":6,"stream":"stdout"}
{"time":"2026-06-10T20:39:46.495399+08:00","level":"INFO","msg":"pipe not available, retrying","component":"api","simulation_id":7,"pipe":"events","path":"\\\\.\\pipe\\afsim_events","error":"CreateFile pipe: All pipe instances are busy.","retry_in":2000000000}
{"time":"2026-06-10T20:39:46.6960978+08:00","level":"INFO","msg":"pipe not available, retrying","component":"api","simulation_id":8,"pipe":"events","path":"\\\\.\\pipe\\afsim_events","error":"CreateFile pipe: All pipe instances are busy.","retry_in":2000000000}
{"time":"2026-06-10T20:39:46.6960978+08:00","level":"INFO","msg":"pipe not available, retrying","component":"api","simulation_id":5,"pipe":"events","path":"\\\\.\\pipe\\afsim_events","error":"CreateFile pipe: All pipe instances are busy.","retry_in":2000000000}
{"time":"2026-06-10T20:39:47.0747053+08:00","level":"INFO","msg":"pipe not available, retrying","component":"api","simulation_id":4,"pipe":"events","path":"\\\\.\\pipe\\afsim_events","error":"CreateFile pipe: All pipe instances are busy.","retry_in":2000000000}
{"time":"2026-06-10T20:39:47.6248094+08:00","level":"INFO","msg":"pipe not available, retrying","component":"api","simulation_id":6,"pipe":"events","path":"\\\\.\\pipe\\afsim_events","error":"CreateFile pipe: All pipe instances are busy.","retry_in":2000000000}
{"time":"2026-06-10T20:39:48.4958636+08:00","level":"INFO","msg":"pipe not available, retrying","component":"api","simulation_id":7,"pipe":"events","path":"\\\\.\\pipe\\afsim_events","error":"CreateFile pipe: All pipe instances are busy.","retry_in":2000000000}
{"time":"2026-06-10T20:39:48.6965969+08:00","level":"INFO","msg":"pipe not available, retrying","component":"api","simulation_id":8,"pipe":"events","path":"\\\\.\\pipe\\afsim_events","error":"CreateFile pipe: All pipe instances are busy.","retry_in":2000000000}
{"time":"2026-06-10T20:39:48.6965969+08:00","level":"INFO","msg":"pipe not available, retrying","component":"api","simulation_id":5,"pipe":"events","path":"\\\\.\\pipe\\afsim_events","error":"CreateFile pipe: All pipe instances are busy.","retry_in":2000000000}
{"time":"2026-06-10T20:39:49.0748465+08:00","level":"INFO","msg":"pipe not available, retrying","component":"api","simulation_id":4,"pipe":"events","path":"\\\\.\\pipe\\afsim_events","error":"CreateFile pipe: All pipe instances are busy.","retry_in":2000000000}
{"time":"2026-06-10T20:39:49.1281073+08:00","level":"INFO","msg":"T = 330.000\r","component":"api","simulation_id":4,"stream":"stdout"}
{"time":"2026-06-10T20:39:49.625019+08:00","level":"INFO","msg":"pipe not available, retrying","component":"api","simulation_id":6,"pipe":"events","path":"\\\\.\\pipe\\afsim_events","error":"CreateFile pipe: All pipe instances are busy.","retry_in":2000000000}
{"time":"2026-06-10T20:39:50.4964274+08:00","level":"INFO","msg":"pipe not available, retrying","component":"api","simulation_id":7,"pipe":"events","path":"\\\\.\\pipe\\afsim_events","error":"CreateFile pipe: All pipe instances are busy.","retry_in":2000000000}
{"time":"2026-06-10T20:39:50.5911561+08:00","level":"INFO","msg":"T = 160.000\r","component":"api","simulation_id":7,"stream":"stdout"}
{"time":"2026-06-10T20:39:50.6968037+08:00","level":"INFO","msg":"pipe not available, retrying","component":"api","simulation_id":8,"pipe":"events","path":"\\\\.\\pipe\\afsim_events","error":"CreateFile pipe: All pipe instances are busy.","retry_in":2000000000}
{"time":"2026-06-10T20:39:50.6968037+08:00","level":"INFO","msg":"pipe not available, retrying","component":"api","simulation_id":5,"pipe":"events","path":"\\\\.\\pipe\\afsim_events","error":"CreateFile pipe: All pipe instances are busy.","retry_in":2000000000}
{"time":"2026-06-10T20:39:51.0750169+08:00","level":"INFO","msg":"pipe not available, retrying","component":"api","simulation_id":4,"pipe":"events","path":"\\\\.\\pipe\\afsim_events","error":"CreateFile pipe: All pipe instances are busy.","retry_in":2000000000}
{"time":"2026-06-10T20:39:51.6253638+08:00","level":"INFO","msg":"pipe not available, retrying","component":"api","simulation_id":6,"pipe":"events","path":"\\\\.\\pipe\\afsim_events","error":"CreateFile pipe: All pipe instances are busy.","retry_in":2000000000}
{"time":"2026-06-10T20:39:52.4966414+08:00","level":"INFO","msg":"pipe not available, retrying","component":"api","simulation_id":7,"pipe":"events","path":"\\\\.\\pipe\\afsim_events","error":"CreateFile pipe: All pipe instances are busy.","retry_in":2000000000}
{"time":"2026-06-10T20:39:52.6971338+08:00","level":"INFO","msg":"pipe not available, retrying","component":"api","simulation_id":5,"pipe":"events","path":"\\\\.\\pipe\\afsim_events","error":"CreateFile pipe: All pipe instances are busy.","retry_in":2000000000}
{"time":"2026-06-10T20:39:52.6971338+08:00","level":"INFO","msg":"pipe not available, retrying","component":"api","simulation_id":8,"pipe":"events","path":"\\\\.\\pipe\\afsim_events","error":"CreateFile pipe: All pipe instances are busy.","retry_in":2000000000}
{"time":"2026-06-10T20:39:52.7451483+08:00","level":"INFO","msg":"T = 270.000\r","component":"api","simulation_id":5,"stream":"stdout"}
{"time":"2026-06-10T20:39:52.8038342+08:00","level":"INFO","msg":"T = 120.000\r","component":"api","simulation_id":8,"stream":"stdout"}
{"time":"2026-06-10T20:39:53.0755859+08:00","level":"INFO","msg":"pipe not available, retrying","component":"api","simulation_id":4,"pipe":"events","path":"\\\\.\\pipe\\afsim_events","error":"CreateFile pipe: All pipe instances are busy.","retry_in":2000000000}
{"time":"2026-06-10T20:39:53.5258523+08:00","level":"INFO","msg":"T = 370.000\r","component":"api","simulation_id":3,"stream":"stdout"}
{"time":"2026-06-10T20:39:53.6261351+08:00","level":"INFO","msg":"pipe not available, retrying","component":"api","simulation_id":6,"pipe":"events","path":"\\\\.\\pipe\\afsim_events","error":"CreateFile pipe: All pipe instances are busy.","retry_in":2000000000}
{"time":"2026-06-10T20:39:54.4970735+08:00","level":"INFO","msg":"pipe not available, retrying","component":"api","simulation_id":7,"pipe":"events","path":"\\\\.\\pipe\\afsim_events","error":"CreateFile pipe: All pipe instances are busy.","retry_in":2000000000}
{"time":"2026-06-10T20:39:54.697749+08:00","level":"INFO","msg":"pipe not available, retrying","component":"api","simulation_id":8,"pipe":"events","path":"\\\\.\\pipe\\afsim_events","error":"CreateFile pipe: All pipe instances are busy.","retry_in":2000000000}
{"time":"2026-06-10T20:39:54.697749+08:00","level":"INFO","msg":"pipe not available, retrying","component":"api","simulation_id":5,"pipe":"events","path":"\\\\.\\pipe\\afsim_events","error":"CreateFile pipe: All pipe instances are busy.","retry_in":2000000000}
{"time":"2026-06-10T20:39:55.0761165+08:00","level":"INFO","msg":"pipe not available, retrying","component":"api","simulation_id":4,"pipe":"events","path":"\\\\.\\pipe\\afsim_events","error":"CreateFile pipe: All pipe instances are busy.","retry_in":2000000000}
{"time":"2026-06-10T20:39:55.6262668+08:00","level":"INFO","msg":"pipe not available, retrying","component":"api","simulation_id":6,"pipe":"events","path":"\\\\.\\pipe\\afsim_events","error":"CreateFile pipe: All pipe instances are busy.","retry_in":2000000000}
{"time":"2026-06-10T20:39:55.7172756+08:00","level":"INFO","msg":"T = 200.000\r","component":"api","simulation_id":6,"stream":"stdout"}
{"time":"2026-06-10T20:39:56.4978625+08:00","level":"INFO","msg":"pipe not available, retrying","component":"api","simulation_id":7,"pipe":"events","path":"\\\\.\\pipe\\afsim_events","error":"CreateFile pipe: All pipe instances are busy.","retry_in":2000000000}
{"time":"2026-06-10T20:39:56.6985975+08:00","level":"INFO","msg":"pipe not available, retrying","component":"api","simulation_id":8,"pipe":"events","path":"\\\\.\\pipe\\afsim_events","error":"CreateFile pipe: All pipe instances are busy.","retry_in":2000000000}
{"time":"2026-06-10T20:39:56.6985975+08:00","level":"INFO","msg":"pipe not available, retrying","component":"api","simulation_id":5,"pipe":"events","path":"\\\\.\\pipe\\afsim_events","error":"CreateFile pipe: All pipe instances are busy.","retry_in":2000000000}
{"time":"2026-06-10T20:39:57.0764184+08:00","level":"INFO","msg":"pipe not available, retrying","component":"api","simulation_id":4,"pipe":"events","path":"\\\\.\\pipe\\afsim_events","error":"CreateFile pipe: All pipe instances are busy.","retry_in":2000000000}
{"time":"2026-06-10T20:39:57.6271998+08:00","level":"INFO","msg":"pipe not available, retrying","component":"api","simulation_id":6,"pipe":"events","path":"\\\\.\\pipe\\afsim_events","error":"CreateFile pipe: All pipe instances are busy.","retry_in":2000000000}
{"time":"2026-06-10T20:39:58.4983928+08:00","level":"INFO","msg":"pipe not available, retrying","component":"api","simulation_id":7,"pipe":"events","path":"\\\\.\\pipe\\afsim_events","error":"CreateFile pipe: All pipe instances are busy.","retry_in":2000000000}
{"time":"2026-06-10T20:39:58.6995267+08:00","level":"INFO","msg":"pipe not available, retrying","component":"api","simulation_id":5,"pipe":"events","path":"\\\\.\\pipe\\afsim_events","error":"CreateFile pipe: All pipe instances are busy.","retry_in":2000000000}
{"time":"2026-06-10T20:39:58.6995267+08:00","level":"INFO","msg":"pipe not available, retrying","component":"api","simulation_id":8,"pipe":"events","path":"\\\\.\\pipe\\afsim_events","error":"CreateFile pipe: All pipe instances are busy.","retry_in":2000000000}
{"time":"2026-06-10T20:39:59.0767982+08:00","level":"INFO","msg":"pipe not available, retrying","component":"api","simulation_id":4,"pipe":"events","path":"\\\\.\\pipe\\afsim_events","error":"CreateFile pipe: All pipe instances are busy.","retry_in":2000000000}
{"time":"2026-06-10T20:39:59.1223599+08:00","level":"INFO","msg":"T = 340.000\r","component":"api","simulation_id":4,"stream":"stdout"}
{"time":"2026-06-10T20:39:59.6275392+08:00","level":"INFO","msg":"pipe not available, retrying","component":"api","simulation_id":6,"pipe":"events","path":"\\\\.\\pipe\\afsim_events","error":"CreateFile pipe: All pipe instances are busy.","retry_in":2000000000}
{"time":"2026-06-10T20:40:00.4993447+08:00","level":"INFO","msg":"pipe not available, retrying","component":"api","simulation_id":7,"pipe":"events","path":"\\\\.\\pipe\\afsim_events","error":"CreateFile pipe: All pipe instances are busy.","retry_in":2000000000}
{"time":"2026-06-10T20:40:00.5966022+08:00","level":"INFO","msg":"T = 170.000\r","component":"api","simulation_id":7,"stream":"stdout"}
{"time":"2026-06-10T20:40:00.6997096+08:00","level":"INFO","msg":"pipe not available, retrying","component":"api","simulation_id":8,"pipe":"events","path":"\\\\.\\pipe\\afsim_events","error":"CreateFile pipe: All pipe instances are busy.","retry_in":2000000000}
{"time":"2026-06-10T20:40:00.6997096+08:00","level":"INFO","msg":"pipe not available, retrying","component":"api","simulation_id":5,"pipe":"events","path":"\\\\.\\pipe\\afsim_events","error":"CreateFile pipe: All pipe instances are busy.","retry_in":2000000000}
{"time":"2026-06-10T20:40:01.0778398+08:00","level":"INFO","msg":"pipe not available, retrying","component":"api","simulation_id":4,"pipe":"events","path":"\\\\.\\pipe\\afsim_events","error":"CreateFile pipe: All pipe instances are busy.","retry_in":2000000000}
{"time":"2026-06-10T20:40:01.628326+08:00","level":"INFO","msg":"pipe not available, retrying","component":"api","simulation_id":6,"pipe":"events","path":"\\\\.\\pipe\\afsim_events","error":"CreateFile pipe: All pipe instances are busy.","retry_in":2000000000}
{"time":"2026-06-10T20:40:02.4996399+08:00","level":"INFO","msg":"pipe not available, retrying","component":"api","simulation_id":7,"pipe":"events","path":"\\\\.\\pipe\\afsim_events","error":"CreateFile pipe: All pipe instances are busy.","retry_in":2000000000}
{"time":"2026-06-10T20:40:02.7003032+08:00","level":"INFO","msg":"pipe not available, retrying","component":"api","simulation_id":8,"pipe":"events","path":"\\\\.\\pipe\\afsim_events","error":"CreateFile pipe: All pipe instances are busy.","retry_in":2000000000}
{"time":"2026-06-10T20:40:02.7003032+08:00","level":"INFO","msg":"pipe not available, retrying","component":"api","simulation_id":5,"pipe":"events","path":"\\\\.\\pipe\\afsim_events","error":"CreateFile pipe: All pipe instances are busy.","retry_in":2000000000}
{"time":"2026-06-10T20:40:02.7498114+08:00","level":"INFO","msg":"T = 280.000\r","component":"api","simulation_id":5,"stream":"stdout"}
{"time":"2026-06-10T20:40:02.7974188+08:00","level":"INFO","msg":"T = 130.000\r","component":"api","simulation_id":8,"stream":"stdout"}
{"time":"2026-06-10T20:40:03.0782424+08:00","level":"INFO","msg":"pipe not available, retrying","component":"api","simulation_id":4,"pipe":"events","path":"\\\\.\\pipe\\afsim_events","error":"CreateFile pipe: All pipe instances are busy.","retry_in":2000000000}
{"time":"2026-06-10T20:40:03.52186+08:00","level":"INFO","msg":"T = 380.000\r","component":"api","simulation_id":3,"stream":"stdout"}
{"time":"2026-06-10T20:40:03.6292423+08:00","level":"INFO","msg":"pipe not available, retrying","component":"api","simulation_id":6,"pipe":"events","path":"\\\\.\\pipe\\afsim_events","error":"CreateFile pipe: All pipe instances are busy.","retry_in":2000000000}
{"time":"2026-06-10T20:40:04.4999781+08:00","level":"INFO","msg":"pipe not available, retrying","component":"api","simulation_id":7,"pipe":"events","path":"\\\\.\\pipe\\afsim_events","error":"CreateFile pipe: All pipe instances are busy.","retry_in":2000000000}
{"time":"2026-06-10T20:40:04.7008441+08:00","level":"INFO","msg":"pipe not available, retrying","component":"api","simulation_id":8,"pipe":"events","path":"\\\\.\\pipe\\afsim_events","error":"CreateFile pipe: All pipe instances are busy.","retry_in":2000000000}
{"time":"2026-06-10T20:40:04.7008441+08:00","level":"INFO","msg":"pipe not available, retrying","component":"api","simulation_id":5,"pipe":"events","path":"\\\\.\\pipe\\afsim_events","error":"CreateFile pipe: All pipe instances are busy.","retry_in":2000000000}
{"time":"2026-06-10T20:40:05.0786518+08:00","level":"INFO","msg":"pipe not available, retrying","component":"api","simulation_id":4,"pipe":"events","path":"\\\\.\\pipe\\afsim_events","error":"CreateFile pipe: All pipe instances are busy.","retry_in":2000000000}
{"time":"2026-06-10T20:40:05.629313+08:00","level":"INFO","msg":"pipe not available, retrying","component":"api","simulation_id":6,"pipe":"events","path":"\\\\.\\pipe\\afsim_events","error":"CreateFile pipe: All pipe instances are busy.","retry_in":2000000000}
{"time":"2026-06-10T20:40:05.7119292+08:00","level":"INFO","msg":"T = 210.000\r","component":"api","simulation_id":6,"stream":"stdout"}
{"time":"2026-06-10T20:40:06.500217+08:00","level":"INFO","msg":"pipe not available, retrying","component":"api","simulation_id":7,"pipe":"events","path":"\\\\.\\pipe\\afsim_events","error":"CreateFile pipe: All pipe instances are busy.","retry_in":2000000000}
{"time":"2026-06-10T20:40:06.7012938+08:00","level":"INFO","msg":"pipe not available, retrying","component":"api","simulation_id":5,"pipe":"events","path":"\\\\.\\pipe\\afsim_events","error":"CreateFile pipe: All pipe instances are busy.","retry_in":2000000000}
{"time":"2026-06-10T20:40:06.7012938+08:00","level":"INFO","msg":"pipe not available, retrying","component":"api","simulation_id":8,"pipe":"events","path":"\\\\.\\pipe\\afsim_events","error":"CreateFile pipe: All pipe instances are busy.","retry_in":2000000000}
{"time":"2026-06-10T20:40:07.0786631+08:00","level":"INFO","msg":"pipe not available, retrying","component":"api","simulation_id":4,"pipe":"events","path":"\\\\.\\pipe\\afsim_events","error":"CreateFile pipe: All pipe instances are busy.","retry_in":2000000000}
{"time":"2026-06-10T20:40:07.6294215+08:00","level":"INFO","msg":"pipe not available, retrying","component":"api","simulation_id":6,"pipe":"events","path":"\\\\.\\pipe\\afsim_events","error":"CreateFile pipe: All pipe instances are busy.","retry_in":2000000000}
{"time":"2026-06-10T20:40:08.5006814+08:00","level":"INFO","msg":"pipe not available, retrying","component":"api","simulation_id":7,"pipe":"events","path":"\\\\.\\pipe\\afsim_events","error":"CreateFile pipe: All pipe instances are busy.","retry_in":2000000000}
{"time":"2026-06-10T20:40:08.7013986+08:00","level":"INFO","msg":"pipe not available, retrying","component":"api","simulation_id":8,"pipe":"events","path":"\\\\.\\pipe\\afsim_events","error":"CreateFile pipe: All pipe instances are busy.","retry_in":2000000000}
{"time":"2026-06-10T20:40:08.7013986+08:00","level":"INFO","msg":"pipe not available, retrying","component":"api","simulation_id":5,"pipe":"events","path":"\\\\.\\pipe\\afsim_events","error":"CreateFile pipe: All pipe instances are busy.","retry_in":2000000000}
{"time":"2026-06-10T20:40:09.0789895+08:00","level":"INFO","msg":"pipe not available, retrying","component":"api","simulation_id":4,"pipe":"events","path":"\\\\.\\pipe\\afsim_events","error":"CreateFile pipe: All pipe instances are busy.","retry_in":2000000000}
{"time":"2026-06-10T20:40:09.1219751+08:00","level":"INFO","msg":"T = 350.000\r","component":"api","simulation_id":4,"stream":"stdout"}
{"time":"2026-06-10T20:40:09.6301268+08:00","level":"INFO","msg":"pipe not available, retrying","component":"api","simulation_id":6,"pipe":"events","path":"\\\\.\\pipe\\afsim_events","error":"CreateFile pipe: All pipe instances are busy.","retry_in":2000000000}
{"time":"2026-06-10T20:40:10.5013747+08:00","level":"INFO","msg":"pipe not available, retrying","component":"api","simulation_id":7,"pipe":"events","path":"\\\\.\\pipe\\afsim_events","error":"CreateFile pipe: All pipe instances are busy.","retry_in":2000000000}
{"time":"2026-06-10T20:40:10.5911276+08:00","level":"INFO","msg":"T = 180.000\r","component":"api","simulation_id":7,"stream":"stdout"}
{"time":"2026-06-10T20:40:10.7016558+08:00","level":"INFO","msg":"pipe not available, retrying","component":"api","simulation_id":8,"pipe":"events","path":"\\\\.\\pipe\\afsim_events","error":"CreateFile pipe: All pipe instances are busy.","retry_in":2000000000}
{"time":"2026-06-10T20:40:10.7016558+08:00","level":"INFO","msg":"pipe not available, retrying","component":"api","simulation_id":5,"pipe":"events","path":"\\\\.\\pipe\\afsim_events","error":"CreateFile pipe: All pipe instances are busy.","retry_in":2000000000}
{"time":"2026-06-10T20:40:11.0799165+08:00","level":"INFO","msg":"pipe not available, retrying","component":"api","simulation_id":4,"pipe":"events","path":"\\\\.\\pipe\\afsim_events","error":"CreateFile pipe: All pipe instances are busy.","retry_in":2000000000}
{"time":"2026-06-10T20:40:11.6305489+08:00","level":"INFO","msg":"pipe not available, retrying","component":"api","simulation_id":6,"pipe":"events","path":"\\\\.\\pipe\\afsim_events","error":"CreateFile pipe: All pipe instances are busy.","retry_in":2000000000}
{"time":"2026-06-10T20:40:12.5014474+08:00","level":"INFO","msg":"pipe not available, retrying","component":"api","simulation_id":7,"pipe":"events","path":"\\\\.\\pipe\\afsim_events","error":"CreateFile pipe: All pipe instances are busy.","retry_in":2000000000}
{"time":"2026-06-10T20:40:12.7018234+08:00","level":"INFO","msg":"pipe not available, retrying","component":"api","simulation_id":5,"pipe":"events","path":"\\\\.\\pipe\\afsim_events","error":"CreateFile pipe: All pipe instances are busy.","retry_in":2000000000}
{"time":"2026-06-10T20:40:12.7018234+08:00","level":"INFO","msg":"pipe not available, retrying","component":"api","simulation_id":8,"pipe":"events","path":"\\\\.\\pipe\\afsim_events","error":"CreateFile pipe: All pipe instances are busy.","retry_in":2000000000}
{"time":"2026-06-10T20:40:12.7483477+08:00","level":"INFO","msg":"T = 290.000\r","component":"api","simulation_id":5,"stream":"stdout"}
{"time":"2026-06-10T20:40:12.7960461+08:00","level":"INFO","msg":"T = 140.000\r","component":"api","simulation_id":8,"stream":"stdout"}
{"time":"2026-06-10T20:40:13.080079+08:00","level":"INFO","msg":"pipe not available, retrying","component":"api","simulation_id":4,"pipe":"events","path":"\\\\.\\pipe\\afsim_events","error":"CreateFile pipe: All pipe instances are busy.","retry_in":2000000000}
{"time":"2026-06-10T20:40:13.5183522+08:00","level":"INFO","msg":"T = 390.000\r","component":"api","simulation_id":3,"stream":"stdout"}
{"time":"2026-06-10T20:40:13.6308584+08:00","level":"INFO","msg":"pipe not available, retrying","component":"api","simulation_id":6,"pipe":"events","path":"\\\\.\\pipe\\afsim_events","error":"CreateFile pipe: All pipe instances are busy.","retry_in":2000000000}
{"time":"2026-06-10T20:40:14.5023201+08:00","level":"INFO","msg":"pipe not available, retrying","component":"api","simulation_id":7,"pipe":"events","path":"\\\\.\\pipe\\afsim_events","error":"CreateFile pipe: All pipe instances are busy.","retry_in":2000000000}
{"time":"2026-06-10T20:40:14.7024748+08:00","level":"INFO","msg":"pipe not available, retrying","component":"api","simulation_id":5,"pipe":"events","path":"\\\\.\\pipe\\afsim_events","error":"CreateFile pipe: All pipe instances are busy.","retry_in":2000000000}
{"time":"2026-06-10T20:40:14.7024748+08:00","level":"INFO","msg":"pipe not available, retrying","component":"api","simulation_id":8,"pipe":"events","path":"\\\\.\\pipe\\afsim_events","error":"CreateFile pipe: All pipe instances are busy.","retry_in":2000000000}
{"time":"2026-06-10T20:40:15.0807573+08:00","level":"INFO","msg":"pipe not available, retrying","component":"api","simulation_id":4,"pipe":"events","path":"\\\\.\\pipe\\afsim_events","error":"CreateFile pipe: All pipe instances are busy.","retry_in":2000000000}
{"time":"2026-06-10T20:40:15.6316291+08:00","level":"INFO","msg":"pipe not available, retrying","component":"api","simulation_id":6,"pipe":"events","path":"\\\\.\\pipe\\afsim_events","error":"CreateFile pipe: All pipe instances are busy.","retry_in":2000000000}
{"time":"2026-06-10T20:40:15.7163695+08:00","level":"INFO","msg":"T = 220.000\r","component":"api","simulation_id":6,"stream":"stdout"}
{"time":"2026-06-10T20:40:16.503339+08:00","level":"INFO","msg":"pipe not available, retrying","component":"api","simulation_id":7,"pipe":"events","path":"\\\\.\\pipe\\afsim_events","error":"CreateFile pipe: All pipe instances are busy.","retry_in":2000000000}
{"time":"2026-06-10T20:40:16.7030168+08:00","level":"INFO","msg":"pipe not available, retrying","component":"api","simulation_id":8,"pipe":"events","path":"\\\\.\\pipe\\afsim_events","error":"CreateFile pipe: All pipe instances are busy.","retry_in":2000000000}
{"time":"2026-06-10T20:40:16.7030168+08:00","level":"INFO","msg":"pipe not available, retrying","component":"api","simulation_id":5,"pipe":"events","path":"\\\\.\\pipe\\afsim_events","error":"CreateFile pipe: All pipe instances are busy.","retry_in":2000000000}
{"time":"2026-06-10T20:40:17.0815366+08:00","level":"INFO","msg":"pipe not available, retrying","component":"api","simulation_id":4,"pipe":"events","path":"\\\\.\\pipe\\afsim_events","error":"CreateFile pipe: All pipe instances are busy.","retry_in":2000000000}
{"time":"2026-06-10T20:40:17.6320461+08:00","level":"INFO","msg":"pipe not available, retrying","component":"api","simulation_id":6,"pipe":"events","path":"\\\\.\\pipe\\afsim_events","error":"CreateFile pipe: All pipe instances are busy.","retry_in":2000000000}
{"time":"2026-06-10T20:40:18.5035096+08:00","level":"INFO","msg":"pipe not available, retrying","component":"api","simulation_id":7,"pipe":"events","path":"\\\\.\\pipe\\afsim_events","error":"CreateFile pipe: All pipe instances are busy.","retry_in":2000000000}
{"time":"2026-06-10T20:40:18.7039936+08:00","level":"INFO","msg":"pipe not available, retrying","component":"api","simulation_id":8,"pipe":"events","path":"\\\\.\\pipe\\afsim_events","error":"CreateFile pipe: All pipe instances are busy.","retry_in":2000000000}
{"time":"2026-06-10T20:40:18.7039936+08:00","level":"INFO","msg":"pipe not available, retrying","component":"api","simulation_id":5,"pipe":"events","path":"\\\\.\\pipe\\afsim_events","error":"CreateFile pipe: All pipe instances are busy.","retry_in":2000000000}
{"time":"2026-06-10T20:40:19.0821005+08:00","level":"INFO","msg":"pipe not available, retrying","component":"api","simulation_id":4,"pipe":"events","path":"\\\\.\\pipe\\afsim_events","error":"CreateFile pipe: All pipe instances are busy.","retry_in":2000000000}
{"time":"2026-06-10T20:40:19.1221192+08:00","level":"INFO","msg":"T = 360.000\r","component":"api","simulation_id":4,"stream":"stdout"}
{"time":"2026-06-10T20:40:19.6323556+08:00","level":"INFO","msg":"pipe not available, retrying","component":"api","simulation_id":6,"pipe":"events","path":"\\\\.\\pipe\\afsim_events","error":"CreateFile pipe: All pipe instances are busy.","retry_in":2000000000}
{"time":"2026-06-10T20:40:20.5041127+08:00","level":"INFO","msg":"pipe not available, retrying","component":"api","simulation_id":7,"pipe":"events","path":"\\\\.\\pipe\\afsim_events","error":"CreateFile pipe: All pipe instances are busy.","retry_in":2000000000}
{"time":"2026-06-10T20:40:20.5938907+08:00","level":"INFO","msg":"T = 190.000\r","component":"api","simulation_id":7,"stream":"stdout"}
{"time":"2026-06-10T20:40:20.704457+08:00","level":"INFO","msg":"pipe not available, retrying","component":"api","simulation_id":5,"pipe":"events","path":"\\\\.\\pipe\\afsim_events","error":"CreateFile pipe: All pipe instances are busy.","retry_in":2000000000}
{"time":"2026-06-10T20:40:20.704457+08:00","level":"INFO","msg":"pipe not available, retrying","component":"api","simulation_id":8,"pipe":"events","path":"\\\\.\\pipe\\afsim_events","error":"CreateFile pipe: All pipe instances are busy.","retry_in":2000000000}
{"time":"2026-06-10T20:40:21.0826931+08:00","level":"INFO","msg":"pipe not available, retrying","component":"api","simulation_id":4,"pipe":"events","path":"\\\\.\\pipe\\afsim_events","error":"CreateFile pipe: All pipe instances are busy.","retry_in":2000000000}
{"time":"2026-06-10T20:40:21.6326559+08:00","level":"INFO","msg":"pipe not available, retrying","component":"api","simulation_id":6,"pipe":"events","path":"\\\\.\\pipe\\afsim_events","error":"CreateFile pipe: All pipe instances are busy.","retry_in":2000000000}
{"time":"2026-06-10T20:40:22.50427+08:00","level":"INFO","msg":"pipe not available, retrying","component":"api","simulation_id":7,"pipe":"events","path":"\\\\.\\pipe\\afsim_events","error":"CreateFile pipe: All pipe instances are busy.","retry_in":2000000000}
{"time":"2026-06-10T20:40:22.7048881+08:00","level":"INFO","msg":"pipe not available, retrying","component":"api","simulation_id":8,"pipe":"events","path":"\\\\.\\pipe\\afsim_events","error":"CreateFile pipe: All pipe instances are busy.","retry_in":2000000000}
{"time":"2026-06-10T20:40:22.7048881+08:00","level":"INFO","msg":"pipe not available, retrying","component":"api","simulation_id":5,"pipe":"events","path":"\\\\.\\pipe\\afsim_events","error":"CreateFile pipe: All pipe instances are busy.","retry_in":2000000000}
{"time":"2026-06-10T20:40:22.7535181+08:00","level":"INFO","msg":"T = 300.000\r","component":"api","simulation_id":5,"stream":"stdout"}
{"time":"2026-06-10T20:40:22.8012048+08:00","level":"INFO","msg":"T = 150.000\r","component":"api","simulation_id":8,"stream":"stdout"}
{"time":"2026-06-10T20:40:23.0836373+08:00","level":"INFO","msg":"pipe not available, retrying","component":"api","simulation_id":4,"pipe":"events","path":"\\\\.\\pipe\\afsim_events","error":"CreateFile pipe: All pipe instances are busy.","retry_in":2000000000}
{"time":"2026-06-10T20:40:23.5197485+08:00","level":"INFO","msg":"T = 400.000\r","component":"api","simulation_id":3,"stream":"stdout"}
{"time":"2026-06-10T20:40:23.6337183+08:00","level":"INFO","msg":"pipe not available, retrying","component":"api","simulation_id":6,"pipe":"events","path":"\\\\.\\pipe\\afsim_events","error":"CreateFile pipe: All pipe instances are busy.","retry_in":2000000000}
{"time":"2026-06-10T20:40:24.5049084+08:00","level":"INFO","msg":"pipe not available, retrying","component":"api","simulation_id":7,"pipe":"events","path":"\\\\.\\pipe\\afsim_events","error":"CreateFile pipe: All pipe instances are busy.","retry_in":2000000000}
{"time":"2026-06-10T20:40:24.7058954+08:00","level":"INFO","msg":"pipe not available, retrying","component":"api","simulation_id":8,"pipe":"events","path":"\\\\.\\pipe\\afsim_events","error":"CreateFile pipe: All pipe instances are busy.","retry_in":2000000000}
{"time":"2026-06-10T20:40:24.7058954+08:00","level":"INFO","msg":"pipe not available, retrying","component":"api","simulation_id":5,"pipe":"events","path":"\\\\.\\pipe\\afsim_events","error":"CreateFile pipe: All pipe instances are busy.","retry_in":2000000000}
{"time":"2026-06-10T20:40:25.0846895+08:00","level":"INFO","msg":"pipe not available, retrying","component":"api","simulation_id":4,"pipe":"events","path":"\\\\.\\pipe\\afsim_events","error":"CreateFile pipe: All pipe instances are busy.","retry_in":2000000000}
{"time":"2026-06-10T20:40:25.634202+08:00","level":"INFO","msg":"pipe not available, retrying","component":"api","simulation_id":6,"pipe":"events","path":"\\\\.\\pipe\\afsim_events","error":"CreateFile pipe: All pipe instances are busy.","retry_in":2000000000}
{"time":"2026-06-10T20:40:25.7151988+08:00","level":"INFO","msg":"T = 230.000\r","component":"api","simulation_id":6,"stream":"stdout"}
{"time":"2026-06-10T20:40:26.5055006+08:00","level":"INFO","msg":"pipe not available, retrying","component":"api","simulation_id":7,"pipe":"events","path":"\\\\.\\pipe\\afsim_events","error":"CreateFile pipe: All pipe instances are busy.","retry_in":2000000000}
{"time":"2026-06-10T20:40:26.7063615+08:00","level":"INFO","msg":"pipe not available, retrying","component":"api","simulation_id":8,"pipe":"events","path":"\\\\.\\pipe\\afsim_events","error":"CreateFile pipe: All pipe instances are busy.","retry_in":2000000000}
{"time":"2026-06-10T20:40:26.7063615+08:00","level":"INFO","msg":"pipe not available, retrying","component":"api","simulation_id":5,"pipe":"events","path":"\\\\.\\pipe\\afsim_events","error":"CreateFile pipe: All pipe instances are busy.","retry_in":2000000000}
{"time":"2026-06-10T20:40:27.084884+08:00","level":"INFO","msg":"pipe not available, retrying","component":"api","simulation_id":4,"pipe":"events","path":"\\\\.\\pipe\\afsim_events","error":"CreateFile pipe: All pipe instances are busy.","retry_in":2000000000}
{"time":"2026-06-10T20:40:27.6346131+08:00","level":"INFO","msg":"pipe not available, retrying","component":"api","simulation_id":6,"pipe":"events","path":"\\\\.\\pipe\\afsim_events","error":"CreateFile pipe: All pipe instances are busy.","retry_in":2000000000}
{"time":"2026-06-10T20:40:28.5060652+08:00","level":"INFO","msg":"pipe not available, retrying","component":"api","simulation_id":7,"pipe":"events","path":"\\\\.\\pipe\\afsim_events","error":"CreateFile pipe: All pipe instances are busy.","retry_in":2000000000}
{"time":"2026-06-10T20:40:28.7071265+08:00","level":"INFO","msg":"pipe not available, retrying","component":"api","simulation_id":5,"pipe":"events","path":"\\\\.\\pipe\\afsim_events","error":"CreateFile pipe: All pipe instances are busy.","retry_in":2000000000}
{"time":"2026-06-10T20:40:28.7071265+08:00","level":"INFO","msg":"pipe not available, retrying","component":"api","simulation_id":8,"pipe":"events","path":"\\\\.\\pipe\\afsim_events","error":"CreateFile pipe: All pipe instances are busy.","retry_in":2000000000}
{"time":"2026-06-10T20:40:29.0857446+08:00","level":"INFO","msg":"pipe not available, retrying","component":"api","simulation_id":4,"pipe":"events","path":"\\\\.\\pipe\\afsim_events","error":"CreateFile pipe: All pipe instances are busy.","retry_in":2000000000}
{"time":"2026-06-10T20:40:29.1224537+08:00","level":"INFO","msg":"T = 370.000\r","component":"api","simulation_id":4,"stream":"stdout"}
{"time":"2026-06-10T20:40:29.6348875+08:00","level":"INFO","msg":"pipe not available, retrying","component":"api","simulation_id":6,"pipe":"events","path":"\\\\.\\pipe\\afsim_events","error":"CreateFile pipe: All pipe instances are busy.","retry_in":2000000000}
{"time":"2026-06-10T20:40:30.5068321+08:00","level":"INFO","msg":"pipe not available, retrying","component":"api","simulation_id":7,"pipe":"events","path":"\\\\.\\pipe\\afsim_events","error":"CreateFile pipe: All pipe instances are busy.","retry_in":2000000000}
{"time":"2026-06-10T20:40:30.594032+08:00","level":"INFO","msg":"T = 200.000\r","component":"api","simulation_id":7,"stream":"stdout"}
{"time":"2026-06-10T20:40:30.7081531+08:00","level":"INFO","msg":"pipe not available, retrying","component":"api","simulation_id":5,"pipe":"events","path":"\\\\.\\pipe\\afsim_events","error":"CreateFile pipe: All pipe instances are busy.","retry_in":2000000000}
{"time":"2026-06-10T20:40:30.7081531+08:00","level":"INFO","msg":"pipe not available, retrying","component":"api","simulation_id":8,"pipe":"events","path":"\\\\.\\pipe\\afsim_events","error":"CreateFile pipe: All pipe instances are busy.","retry_in":2000000000}
{"time":"2026-06-10T20:40:31.085975+08:00","level":"INFO","msg":"pipe not available, retrying","component":"api","simulation_id":4,"pipe":"events","path":"\\\\.\\pipe\\afsim_events","error":"CreateFile pipe: All pipe instances are busy.","retry_in":2000000000}
{"time":"2026-06-10T20:40:31.6352941+08:00","level":"INFO","msg":"pipe not available, retrying","component":"api","simulation_id":6,"pipe":"events","path":"\\\\.\\pipe\\afsim_events","error":"CreateFile pipe: All pipe instances are busy.","retry_in":2000000000}
{"time":"2026-06-10T20:40:32.5072782+08:00","level":"INFO","msg":"pipe not available, retrying","component":"api","simulation_id":7,"pipe":"events","path":"\\\\.\\pipe\\afsim_events","error":"CreateFile pipe: All pipe instances are busy.","retry_in":2000000000}
{"time":"2026-06-10T20:40:32.7085975+08:00","level":"INFO","msg":"pipe not available, retrying","component":"api","simulation_id":5,"pipe":"events","path":"\\\\.\\pipe\\afsim_events","error":"CreateFile pipe: All pipe instances are busy.","retry_in":2000000000}
{"time":"2026-06-10T20:40:32.7085975+08:00","level":"INFO","msg":"pipe not available, retrying","component":"api","simulation_id":8,"pipe":"events","path":"\\\\.\\pipe\\afsim_events","error":"CreateFile pipe: All pipe instances are busy.","retry_in":2000000000}
{"time":"2026-06-10T20:40:32.7557818+08:00","level":"INFO","msg":"T = 310.000\r","component":"api","simulation_id":5,"stream":"stdout"}
{"time":"2026-06-10T20:40:32.8034544+08:00","level":"INFO","msg":"T = 160.000\r","component":"api","simulation_id":8,"stream":"stdout"}
{"time":"2026-06-10T20:40:33.086336+08:00","level":"INFO","msg":"pipe not available, retrying","component":"api","simulation_id":4,"pipe":"events","path":"\\\\.\\pipe\\afsim_events","error":"CreateFile pipe: All pipe instances are busy.","retry_in":2000000000}
{"time":"2026-06-10T20:40:33.5222021+08:00","level":"INFO","msg":"T = 410.000\r","component":"api","simulation_id":3,"stream":"stdout"}
{"time":"2026-06-10T20:40:33.635371+08:00","level":"INFO","msg":"pipe not available, retrying","component":"api","simulation_id":6,"pipe":"events","path":"\\\\.\\pipe\\afsim_events","error":"CreateFile pipe: All pipe instances are busy.","retry_in":2000000000}
{"time":"2026-06-10T20:40:34.5076563+08:00","level":"INFO","msg":"pipe not available, retrying","component":"api","simulation_id":7,"pipe":"events","path":"\\\\.\\pipe\\afsim_events","error":"CreateFile pipe: All pipe instances are busy.","retry_in":2000000000}
{"time":"2026-06-10T20:40:34.708931+08:00","level":"INFO","msg":"pipe not available, retrying","component":"api","simulation_id":5,"pipe":"events","path":"\\\\.\\pipe\\afsim_events","error":"CreateFile pipe: All pipe instances are busy.","retry_in":2000000000}
{"time":"2026-06-10T20:40:34.708931+08:00","level":"INFO","msg":"pipe not available, retrying","component":"api","simulation_id":8,"pipe":"events","path":"\\\\.\\pipe\\afsim_events","error":"CreateFile pipe: All pipe instances are busy.","retry_in":2000000000}
{"time":"2026-06-10T20:40:35.0867669+08:00","level":"INFO","msg":"pipe not available, retrying","component":"api","simulation_id":4,"pipe":"events","path":"\\\\.\\pipe\\afsim_events","error":"CreateFile pipe: All pipe instances are busy.","retry_in":2000000000}
{"time":"2026-06-10T20:40:35.6355426+08:00","level":"INFO","msg":"pipe not available, retrying","component":"api","simulation_id":6,"pipe":"events","path":"\\\\.\\pipe\\afsim_events","error":"CreateFile pipe: All pipe instances are busy.","retry_in":2000000000}
{"time":"2026-06-10T20:40:35.7124534+08:00","level":"INFO","msg":"T = 240.000\r","component":"api","simulation_id":6,"stream":"stdout"}
{"time":"2026-06-10T20:40:36.5085108+08:00","level":"INFO","msg":"pipe not available, retrying","component":"api","simulation_id":7,"pipe":"events","path":"\\\\.\\pipe\\afsim_events","error":"CreateFile pipe: All pipe instances are busy.","retry_in":2000000000}
{"time":"2026-06-10T20:40:36.7091381+08:00","level":"INFO","msg":"pipe not available, retrying","component":"api","simulation_id":5,"pipe":"events","path":"\\\\.\\pipe\\afsim_events","error":"CreateFile pipe: All pipe instances are busy.","retry_in":2000000000}
{"time":"2026-06-10T20:40:36.7091381+08:00","level":"INFO","msg":"pipe not available, retrying","component":"api","simulation_id":8,"pipe":"events","path":"\\\\.\\pipe\\afsim_events","error":"CreateFile pipe: All pipe instances are busy.","retry_in":2000000000}
{"time":"2026-06-10T20:40:37.0874903+08:00","level":"INFO","msg":"pipe not available, retrying","component":"api","simulation_id":4,"pipe":"events","path":"\\\\.\\pipe\\afsim_events","error":"CreateFile pipe: All pipe instances are busy.","retry_in":2000000000}
{"time":"2026-06-10T20:40:37.6362339+08:00","level":"INFO","msg":"pipe not available, retrying","component":"api","simulation_id":6,"pipe":"events","path":"\\\\.\\pipe\\afsim_events","error":"CreateFile pipe: All pipe instances are busy.","retry_in":2000000000}
{"time":"2026-06-10T20:40:38.5094582+08:00","level":"INFO","msg":"pipe not available, retrying","component":"api","simulation_id":7,"pipe":"events","path":"\\\\.\\pipe\\afsim_events","error":"CreateFile pipe: All pipe instances are busy.","retry_in":2000000000}
{"time":"2026-06-10T20:40:38.7096379+08:00","level":"INFO","msg":"pipe not available, retrying","component":"api","simulation_id":5,"pipe":"events","path":"\\\\.\\pipe\\afsim_events","error":"CreateFile pipe: All pipe instances are busy.","retry_in":2000000000}
{"time":"2026-06-10T20:40:38.7096379+08:00","level":"INFO","msg":"pipe not available, retrying","component":"api","simulation_id":8,"pipe":"events","path":"\\\\.\\pipe\\afsim_events","error":"CreateFile pipe: All pipe instances are busy.","retry_in":2000000000}
{"time":"2026-06-10T20:40:39.0880034+08:00","level":"INFO","msg":"pipe not available, retrying","component":"api","simulation_id":4,"pipe":"events","path":"\\\\.\\pipe\\afsim_events","error":"CreateFile pipe: All pipe instances are busy.","retry_in":2000000000}
{"time":"2026-06-10T20:40:39.1305126+08:00","level":"INFO","msg":"T = 380.000\r","component":"api","simulation_id":4,"stream":"stdout"}
{"time":"2026-06-10T20:40:39.6366237+08:00","level":"INFO","msg":"pipe not available, retrying","component":"api","simulation_id":6,"pipe":"events","path":"\\\\.\\pipe\\afsim_events","error":"CreateFile pipe: All pipe instances are busy.","retry_in":2000000000}
{"time":"2026-06-10T20:40:40.5100502+08:00","level":"INFO","msg":"pipe not available, retrying","component":"api","simulation_id":7,"pipe":"events","path":"\\\\.\\pipe\\afsim_events","error":"CreateFile pipe: All pipe instances are busy.","retry_in":2000000000}
{"time":"2026-06-10T20:40:40.5950523+08:00","level":"INFO","msg":"T = 210.000\r","component":"api","simulation_id":7,"stream":"stdout"}
{"time":"2026-06-10T20:40:40.7100858+08:00","level":"INFO","msg":"pipe not available, retrying","component":"api","simulation_id":8,"pipe":"events","path":"\\\\.\\pipe\\afsim_events","error":"CreateFile pipe: All pipe instances are busy.","retry_in":2000000000}
{"time":"2026-06-10T20:40:40.7100858+08:00","level":"INFO","msg":"pipe not available, retrying","component":"api","simulation_id":5,"pipe":"events","path":"\\\\.\\pipe\\afsim_events","error":"CreateFile pipe: All pipe instances are busy.","retry_in":2000000000}
{"time":"2026-06-10T20:40:41.0884605+08:00","level":"INFO","msg":"pipe not available, retrying","component":"api","simulation_id":4,"pipe":"events","path":"\\\\.\\pipe\\afsim_events","error":"CreateFile pipe: All pipe instances are busy.","retry_in":2000000000}
{"time":"2026-06-10T20:40:41.6369666+08:00","level":"INFO","msg":"pipe not available, retrying","component":"api","simulation_id":6,"pipe":"events","path":"\\\\.\\pipe\\afsim_events","error":"CreateFile pipe: All pipe instances are busy.","retry_in":2000000000}
{"time":"2026-06-10T20:40:42.5106657+08:00","level":"INFO","msg":"pipe not available, retrying","component":"api","simulation_id":7,"pipe":"events","path":"\\\\.\\pipe\\afsim_events","error":"CreateFile pipe: All pipe instances are busy.","retry_in":2000000000}
{"time":"2026-06-10T20:40:42.7106798+08:00","level":"INFO","msg":"pipe not available, retrying","component":"api","simulation_id":5,"pipe":"events","path":"\\\\.\\pipe\\afsim_events","error":"CreateFile pipe: All pipe instances are busy.","retry_in":2000000000}
{"time":"2026-06-10T20:40:42.7106798+08:00","level":"INFO","msg":"pipe not available, retrying","component":"api","simulation_id":8,"pipe":"events","path":"\\\\.\\pipe\\afsim_events","error":"CreateFile pipe: All pipe instances are busy.","retry_in":2000000000}
{"time":"2026-06-10T20:40:42.7461897+08:00","level":"INFO","msg":"T = 320.000\r","component":"api","simulation_id":5,"stream":"stdout"}
{"time":"2026-06-10T20:40:42.7951886+08:00","level":"INFO","msg":"T = 170.000\r","component":"api","simulation_id":8,"stream":"stdout"}
{"time":"2026-06-10T20:40:43.0892725+08:00","level":"INFO","msg":"pipe not available, retrying","component":"api","simulation_id":4,"pipe":"events","path":"\\\\.\\pipe\\afsim_events","error":"CreateFile pipe: All pipe instances are busy.","retry_in":2000000000}
{"time":"2026-06-10T20:40:43.5229299+08:00","level":"INFO","msg":"T = 420.000\r","component":"api","simulation_id":3,"stream":"stdout"}
{"time":"2026-06-10T20:40:43.637455+08:00","level":"INFO","msg":"pipe not available, retrying","component":"api","simulation_id":6,"pipe":"events","path":"\\\\.\\pipe\\afsim_events","error":"CreateFile pipe: All pipe instances are busy.","retry_in":2000000000}
{"time":"2026-06-10T20:40:44.5116646+08:00","level":"INFO","msg":"pipe not available, retrying","component":"api","simulation_id":7,"pipe":"events","path":"\\\\.\\pipe\\afsim_events","error":"CreateFile pipe: All pipe instances are busy.","retry_in":2000000000}
{"time":"2026-06-10T20:40:44.7114805+08:00","level":"INFO","msg":"pipe not available, retrying","component":"api","simulation_id":8,"pipe":"events","path":"\\\\.\\pipe\\afsim_events","error":"CreateFile pipe: All pipe instances are busy.","retry_in":2000000000}
{"time":"2026-06-10T20:40:44.7114805+08:00","level":"INFO","msg":"pipe not available, retrying","component":"api","simulation_id":5,"pipe":"events","path":"\\\\.\\pipe\\afsim_events","error":"CreateFile pipe: All pipe instances are busy.","retry_in":2000000000}
{"time":"2026-06-10T20:40:45.0898256+08:00","level":"INFO","msg":"pipe not available, retrying","component":"api","simulation_id":4,"pipe":"events","path":"\\\\.\\pipe\\afsim_events","error":"CreateFile pipe: All pipe instances are busy.","retry_in":2000000000}
{"time":"2026-06-10T20:40:45.6384448+08:00","level":"INFO","msg":"pipe not available, retrying","component":"api","simulation_id":6,"pipe":"events","path":"\\\\.\\pipe\\afsim_events","error":"CreateFile pipe: All pipe instances are busy.","retry_in":2000000000}
{"time":"2026-06-10T20:40:45.7150862+08:00","level":"INFO","msg":"T = 250.000\r","component":"api","simulation_id":6,"stream":"stdout"}
{"time":"2026-06-10T20:40:46.5122032+08:00","level":"INFO","msg":"pipe not available, retrying","component":"api","simulation_id":7,"pipe":"events","path":"\\\\.\\pipe\\afsim_events","error":"CreateFile pipe: All pipe instances are busy.","retry_in":2000000000}
{"time":"2026-06-10T20:40:46.711849+08:00","level":"INFO","msg":"pipe not available, retrying","component":"api","simulation_id":8,"pipe":"events","path":"\\\\.\\pipe\\afsim_events","error":"CreateFile pipe: All pipe instances are busy.","retry_in":2000000000}
{"time":"2026-06-10T20:40:46.711849+08:00","level":"INFO","msg":"pipe not available, retrying","component":"api","simulation_id":5,"pipe":"events","path":"\\\\.\\pipe\\afsim_events","error":"CreateFile pipe: All pipe instances are busy.","retry_in":2000000000}
{"time":"2026-06-10T20:40:47.0907355+08:00","level":"INFO","msg":"pipe not available, retrying","component":"api","simulation_id":4,"pipe":"events","path":"\\\\.\\pipe\\afsim_events","error":"CreateFile pipe: All pipe instances are busy.","retry_in":2000000000}
{"time":"2026-06-10T20:40:47.6391698+08:00","level":"INFO","msg":"pipe not available, retrying","component":"api","simulation_id":6,"pipe":"events","path":"\\\\.\\pipe\\afsim_events","error":"CreateFile pipe: All pipe instances are busy.","retry_in":2000000000}
{"time":"2026-06-10T20:40:48.5129915+08:00","level":"INFO","msg":"pipe not available, retrying","component":"api","simulation_id":7,"pipe":"events","path":"\\\\.\\pipe\\afsim_events","error":"CreateFile pipe: All pipe instances are busy.","retry_in":2000000000}
{"time":"2026-06-10T20:40:48.7127218+08:00","level":"INFO","msg":"pipe not available, retrying","component":"api","simulation_id":8,"pipe":"events","path":"\\\\.\\pipe\\afsim_events","error":"CreateFile pipe: All pipe instances are busy.","retry_in":2000000000}
{"time":"2026-06-10T20:40:48.7127218+08:00","level":"INFO","msg":"pipe not available, retrying","component":"api","simulation_id":5,"pipe":"events","path":"\\\\.\\pipe\\afsim_events","error":"CreateFile pipe: All pipe instances are busy.","retry_in":2000000000}
{"time":"2026-06-10T20:40:49.0909778+08:00","level":"INFO","msg":"pipe not available, retrying","component":"api","simulation_id":4,"pipe":"events","path":"\\\\.\\pipe\\afsim_events","error":"CreateFile pipe: All pipe instances are busy.","retry_in":2000000000}
{"time":"2026-06-10T20:40:49.1323471+08:00","level":"INFO","msg":"T = 390.000\r","component":"api","simulation_id":4,"stream":"stdout"}
{"time":"2026-06-10T20:40:49.6397359+08:00","level":"INFO","msg":"pipe not available, retrying","component":"api","simulation_id":6,"pipe":"events","path":"\\\\.\\pipe\\afsim_events","error":"CreateFile pipe: All pipe instances are busy.","retry_in":2000000000}
{"time":"2026-06-10T20:40:50.5130405+08:00","level":"INFO","msg":"pipe not available, retrying","component":"api","simulation_id":7,"pipe":"events","path":"\\\\.\\pipe\\afsim_events","error":"CreateFile pipe: All pipe instances are busy.","retry_in":2000000000}
{"time":"2026-06-10T20:40:50.5863068+08:00","level":"INFO","msg":"T = 220.000\r","component":"api","simulation_id":7,"stream":"stdout"}
{"time":"2026-06-10T20:40:50.713034+08:00","level":"INFO","msg":"pipe not available, retrying","component":"api","simulation_id":8,"pipe":"events","path":"\\\\.\\pipe\\afsim_events","error":"CreateFile pipe: All pipe instances are busy.","retry_in":2000000000}
{"time":"2026-06-10T20:40:50.713034+08:00","level":"INFO","msg":"pipe not available, retrying","component":"api","simulation_id":5,"pipe":"events","path":"\\\\.\\pipe\\afsim_events","error":"CreateFile pipe: All pipe instances are busy.","retry_in":2000000000}
{"time":"2026-06-10T20:40:51.0913407+08:00","level":"INFO","msg":"pipe not available, retrying","component":"api","simulation_id":4,"pipe":"events","path":"\\\\.\\pipe\\afsim_events","error":"CreateFile pipe: All pipe instances are busy.","retry_in":2000000000}
{"time":"2026-06-10T20:40:51.6401299+08:00","level":"INFO","msg":"pipe not available, retrying","component":"api","simulation_id":6,"pipe":"events","path":"\\\\.\\pipe\\afsim_events","error":"CreateFile pipe: All pipe instances are busy.","retry_in":2000000000}
{"time":"2026-06-10T20:40:52.5133453+08:00","level":"INFO","msg":"pipe not available, retrying","component":"api","simulation_id":7,"pipe":"events","path":"\\\\.\\pipe\\afsim_events","error":"CreateFile pipe: All pipe instances are busy.","retry_in":2000000000}
{"time":"2026-06-10T20:40:52.7138867+08:00","level":"INFO","msg":"pipe not available, retrying","component":"api","simulation_id":5,"pipe":"events","path":"\\\\.\\pipe\\afsim_events","error":"CreateFile pipe: All pipe instances are busy.","retry_in":2000000000}
{"time":"2026-06-10T20:40:52.7138867+08:00","level":"INFO","msg":"pipe not available, retrying","component":"api","simulation_id":8,"pipe":"events","path":"\\\\.\\pipe\\afsim_events","error":"CreateFile pipe: All pipe instances are busy.","retry_in":2000000000}
{"time":"2026-06-10T20:40:52.7505452+08:00","level":"INFO","msg":"T = 330.000\r","component":"api","simulation_id":5,"stream":"stdout"}
{"time":"2026-06-10T20:40:52.796489+08:00","level":"INFO","msg":"T = 180.000\r","component":"api","simulation_id":8,"stream":"stdout"}
{"time":"2026-06-10T20:40:53.0917753+08:00","level":"INFO","msg":"pipe not available, retrying","component":"api","simulation_id":4,"pipe":"events","path":"\\\\.\\pipe\\afsim_events","error":"CreateFile pipe: All pipe instances are busy.","retry_in":2000000000}
{"time":"2026-06-10T20:40:53.5217637+08:00","level":"INFO","msg":"T = 430.000\r","component":"api","simulation_id":3,"stream":"stdout"}
{"time":"2026-06-10T20:40:53.640907+08:00","level":"INFO","msg":"pipe not available, retrying","component":"api","simulation_id":6,"pipe":"events","path":"\\\\.\\pipe\\afsim_events","error":"CreateFile pipe: All pipe instances are busy.","retry_in":2000000000}
{"time":"2026-06-10T20:40:54.5135696+08:00","level":"INFO","msg":"pipe not available, retrying","component":"api","simulation_id":7,"pipe":"events","path":"\\\\.\\pipe\\afsim_events","error":"CreateFile pipe: All pipe instances are busy.","retry_in":2000000000}
{"time":"2026-06-10T20:40:54.7146457+08:00","level":"INFO","msg":"pipe not available, retrying","component":"api","simulation_id":5,"pipe":"events","path":"\\\\.\\pipe\\afsim_events","error":"CreateFile pipe: All pipe instances are busy.","retry_in":2000000000}
{"time":"2026-06-10T20:40:54.7146457+08:00","level":"INFO","msg":"pipe not available, retrying","component":"api","simulation_id":8,"pipe":"events","path":"\\\\.\\pipe\\afsim_events","error":"CreateFile pipe: All pipe instances are busy.","retry_in":2000000000}
{"time":"2026-06-10T20:40:55.0922106+08:00","level":"INFO","msg":"pipe not available, retrying","component":"api","simulation_id":4,"pipe":"events","path":"\\\\.\\pipe\\afsim_events","error":"CreateFile pipe: All pipe instances are busy.","retry_in":2000000000}
{"time":"2026-06-10T20:40:55.6418411+08:00","level":"INFO","msg":"pipe not available, retrying","component":"api","simulation_id":6,"pipe":"events","path":"\\\\.\\pipe\\afsim_events","error":"CreateFile pipe: All pipe instances are busy.","retry_in":2000000000}
{"time":"2026-06-10T20:40:55.7173486+08:00","level":"INFO","msg":"T = 260.000\r","component":"api","simulation_id":6,"stream":"stdout"}
{"time":"2026-06-10T20:40:56.5141367+08:00","level":"INFO","msg":"pipe not available, retrying","component":"api","simulation_id":7,"pipe":"events","path":"\\\\.\\pipe\\afsim_events","error":"CreateFile pipe: All pipe instances are busy.","retry_in":2000000000}
{"time":"2026-06-10T20:40:56.7149312+08:00","level":"INFO","msg":"pipe not available, retrying","component":"api","simulation_id":8,"pipe":"events","path":"\\\\.\\pipe\\afsim_events","error":"CreateFile pipe: All pipe instances are busy.","retry_in":2000000000}
{"time":"2026-06-10T20:40:56.7149312+08:00","level":"INFO","msg":"pipe not available, retrying","component":"api","simulation_id":5,"pipe":"events","path":"\\\\.\\pipe\\afsim_events","error":"CreateFile pipe: All pipe instances are busy.","retry_in":2000000000}
{"time":"2026-06-10T20:40:57.0932407+08:00","level":"INFO","msg":"pipe not available, retrying","component":"api","simulation_id":4,"pipe":"events","path":"\\\\.\\pipe\\afsim_events","error":"CreateFile pipe: All pipe instances are busy.","retry_in":2000000000}
{"time":"2026-06-10T20:40:57.6423685+08:00","level":"INFO","msg":"pipe not available, retrying","component":"api","simulation_id":6,"pipe":"events","path":"\\\\.\\pipe\\afsim_events","error":"CreateFile pipe: All pipe instances are busy.","retry_in":2000000000}
{"time":"2026-06-10T20:40:58.5151498+08:00","level":"INFO","msg":"pipe not available, retrying","component":"api","simulation_id":7,"pipe":"events","path":"\\\\.\\pipe\\afsim_events","error":"CreateFile pipe: All pipe instances are busy.","retry_in":2000000000}
{"time":"2026-06-10T20:40:58.7155411+08:00","level":"INFO","msg":"pipe not available, retrying","component":"api","simulation_id":8,"pipe":"events","path":"\\\\.\\pipe\\afsim_events","error":"CreateFile pipe: All pipe instances are busy.","retry_in":2000000000}
{"time":"2026-06-10T20:40:58.7155411+08:00","level":"INFO","msg":"pipe not available, retrying","component":"api","simulation_id":5,"pipe":"events","path":"\\\\.\\pipe\\afsim_events","error":"CreateFile pipe: All pipe instances are busy.","retry_in":2000000000}
{"time":"2026-06-10T20:40:59.0936969+08:00","level":"INFO","msg":"pipe not available, retrying","component":"api","simulation_id":4,"pipe":"events","path":"\\\\.\\pipe\\afsim_events","error":"CreateFile pipe: All pipe instances are busy.","retry_in":2000000000}
{"time":"2026-06-10T20:40:59.1332298+08:00","level":"INFO","msg":"T = 400.000\r","component":"api","simulation_id":4,"stream":"stdout"}
{"time":"2026-06-10T20:40:59.6433696+08:00","level":"INFO","msg":"pipe not available, retrying","component":"api","simulation_id":6,"pipe":"events","path":"\\\\.\\pipe\\afsim_events","error":"CreateFile pipe: All pipe instances are busy.","retry_in":2000000000}
{"time":"2026-06-10T20:41:00.5153404+08:00","level":"INFO","msg":"pipe not available, retrying","component":"api","simulation_id":7,"pipe":"events","path":"\\\\.\\pipe\\afsim_events","error":"CreateFile pipe: All pipe instances are busy.","retry_in":2000000000}
{"time":"2026-06-10T20:41:00.5954998+08:00","level":"INFO","msg":"T = 230.000\r","component":"api","simulation_id":7,"stream":"stdout"}
{"time":"2026-06-10T20:41:00.7161138+08:00","level":"INFO","msg":"pipe not available, retrying","component":"api","simulation_id":5,"pipe":"events","path":"\\\\.\\pipe\\afsim_events","error":"CreateFile pipe: All pipe instances are busy.","retry_in":2000000000}
{"time":"2026-06-10T20:41:00.7161138+08:00","level":"INFO","msg":"pipe not available, retrying","component":"api","simulation_id":8,"pipe":"events","path":"\\\\.\\pipe\\afsim_events","error":"CreateFile pipe: All pipe instances are busy.","retry_in":2000000000}
{"time":"2026-06-10T20:41:01.0945188+08:00","level":"INFO","msg":"pipe not available, retrying","component":"api","simulation_id":4,"pipe":"events","path":"\\\\.\\pipe\\afsim_events","error":"CreateFile pipe: All pipe instances are busy.","retry_in":2000000000}
{"time":"2026-06-10T20:41:01.6443724+08:00","level":"INFO","msg":"pipe not available, retrying","component":"api","simulation_id":6,"pipe":"events","path":"\\\\.\\pipe\\afsim_events","error":"CreateFile pipe: All pipe instances are busy.","retry_in":2000000000}
{"time":"2026-06-10T20:41:02.5160344+08:00","level":"INFO","msg":"pipe not available, retrying","component":"api","simulation_id":7,"pipe":"events","path":"\\\\.\\pipe\\afsim_events","error":"CreateFile pipe: All pipe instances are busy.","retry_in":2000000000}
{"time":"2026-06-10T20:41:02.7170967+08:00","level":"INFO","msg":"pipe not available, retrying","component":"api","simulation_id":8,"pipe":"events","path":"\\\\.\\pipe\\afsim_events","error":"CreateFile pipe: All pipe instances are busy.","retry_in":2000000000}
{"time":"2026-06-10T20:41:02.7170967+08:00","level":"INFO","msg":"pipe not available, retrying","component":"api","simulation_id":5,"pipe":"events","path":"\\\\.\\pipe\\afsim_events","error":"CreateFile pipe: All pipe instances are busy.","retry_in":2000000000}
{"time":"2026-06-10T20:41:02.7516056+08:00","level":"INFO","msg":"T = 340.000\r","component":"api","simulation_id":5,"stream":"stdout"}
{"time":"2026-06-10T20:41:02.7988224+08:00","level":"INFO","msg":"T = 190.000\r","component":"api","simulation_id":8,"stream":"stdout"}
{"time":"2026-06-10T20:41:03.0947624+08:00","level":"INFO","msg":"pipe not available, retrying","component":"api","simulation_id":4,"pipe":"events","path":"\\\\.\\pipe\\afsim_events","error":"CreateFile pipe: All pipe instances are busy.","retry_in":2000000000}
{"time":"2026-06-10T20:41:03.5198681+08:00","level":"INFO","msg":"T = 440.000\r","component":"api","simulation_id":3,"stream":"stdout"}
{"time":"2026-06-10T20:41:03.64544+08:00","level":"INFO","msg":"pipe not available, retrying","component":"api","simulation_id":6,"pipe":"events","path":"\\\\.\\pipe\\afsim_events","error":"CreateFile pipe: All pipe instances are busy.","retry_in":2000000000}
{"time":"2026-06-10T20:41:04.5167369+08:00","level":"INFO","msg":"pipe not available, retrying","component":"api","simulation_id":7,"pipe":"events","path":"\\\\.\\pipe\\afsim_events","error":"CreateFile pipe: All pipe instances are busy.","retry_in":2000000000}
{"time":"2026-06-10T20:41:04.7173466+08:00","level":"INFO","msg":"pipe not available, retrying","component":"api","simulation_id":8,"pipe":"events","path":"\\\\.\\pipe\\afsim_events","error":"CreateFile pipe: All pipe instances are busy.","retry_in":2000000000}
{"time":"2026-06-10T20:41:04.7173466+08:00","level":"INFO","msg":"pipe not available, retrying","component":"api","simulation_id":5,"pipe":"events","path":"\\\\.\\pipe\\afsim_events","error":"CreateFile pipe: All pipe instances are busy.","retry_in":2000000000}
{"time":"2026-06-10T20:41:05.0949636+08:00","level":"INFO","msg":"pipe not available, retrying","component":"api","simulation_id":4,"pipe":"events","path":"\\\\.\\pipe\\afsim_events","error":"CreateFile pipe: All pipe instances are busy.","retry_in":2000000000}
{"time":"2026-06-10T20:41:05.6459595+08:00","level":"INFO","msg":"pipe not available, retrying","component":"api","simulation_id":6,"pipe":"events","path":"\\\\.\\pipe\\afsim_events","error":"CreateFile pipe: All pipe instances are busy.","retry_in":2000000000}
{"time":"2026-06-10T20:41:05.7205799+08:00","level":"INFO","msg":"T = 270.000\r","component":"api","simulation_id":6,"stream":"stdout"}
{"time":"2026-06-10T20:41:06.5177313+08:00","level":"INFO","msg":"pipe not available, retrying","component":"api","simulation_id":7,"pipe":"events","path":"\\\\.\\pipe\\afsim_events","error":"CreateFile pipe: All pipe instances are busy.","retry_in":2000000000}
{"time":"2026-06-10T20:41:06.7178666+08:00","level":"INFO","msg":"pipe not available, retrying","component":"api","simulation_id":8,"pipe":"events","path":"\\\\.\\pipe\\afsim_events","error":"CreateFile pipe: All pipe instances are busy.","retry_in":2000000000}
{"time":"2026-06-10T20:41:06.7178666+08:00","level":"INFO","msg":"pipe not available, retrying","component":"api","simulation_id":5,"pipe":"events","path":"\\\\.\\pipe\\afsim_events","error":"CreateFile pipe: All pipe instances are busy.","retry_in":2000000000}
{"time":"2026-06-10T20:41:07.0953914+08:00","level":"INFO","msg":"pipe not available, retrying","component":"api","simulation_id":4,"pipe":"events","path":"\\\\.\\pipe\\afsim_events","error":"CreateFile pipe: All pipe instances are busy.","retry_in":2000000000}
{"time":"2026-06-10T20:41:07.6468706+08:00","level":"INFO","msg":"pipe not available, retrying","component":"api","simulation_id":6,"pipe":"events","path":"\\\\.\\pipe\\afsim_events","error":"CreateFile pipe: All pipe instances are busy.","retry_in":2000000000}
{"time":"2026-06-10T20:41:08.5181611+08:00","level":"INFO","msg":"pipe not available, retrying","component":"api","simulation_id":7,"pipe":"events","path":"\\\\.\\pipe\\afsim_events","error":"CreateFile pipe: All pipe instances are busy.","retry_in":2000000000}
{"time":"2026-06-10T20:41:08.718264+08:00","level":"INFO","msg":"pipe not available, retrying","component":"api","simulation_id":5,"pipe":"events","path":"\\\\.\\pipe\\afsim_events","error":"CreateFile pipe: All pipe instances are busy.","retry_in":2000000000}
{"time":"2026-06-10T20:41:08.718264+08:00","level":"INFO","msg":"pipe not available, retrying","component":"api","simulation_id":8,"pipe":"events","path":"\\\\.\\pipe\\afsim_events","error":"CreateFile pipe: All pipe instances are busy.","retry_in":2000000000}
{"time":"2026-06-10T20:41:09.0964397+08:00","level":"INFO","msg":"pipe not available, retrying","component":"api","simulation_id":4,"pipe":"events","path":"\\\\.\\pipe\\afsim_events","error":"CreateFile pipe: All pipe instances are busy.","retry_in":2000000000}
{"time":"2026-06-10T20:41:09.1227056+08:00","level":"INFO","msg":"T = 410.000\r","component":"api","simulation_id":4,"stream":"stdout"}
{"time":"2026-06-10T20:41:09.6475174+08:00","level":"INFO","msg":"pipe not available, retrying","component":"api","simulation_id":6,"pipe":"events","path":"\\\\.\\pipe\\afsim_events","error":"CreateFile pipe: All pipe instances are busy.","retry_in":2000000000}
{"time":"2026-06-10T20:41:10.5191119+08:00","level":"INFO","msg":"pipe not available, retrying","component":"api","simulation_id":7,"pipe":"events","path":"\\\\.\\pipe\\afsim_events","error":"CreateFile pipe: All pipe instances are busy.","retry_in":2000000000}
{"time":"2026-06-10T20:41:10.5862148+08:00","level":"INFO","msg":"T = 240.000\r","component":"api","simulation_id":7,"stream":"stdout"}
{"time":"2026-06-10T20:41:10.7192351+08:00","level":"INFO","msg":"pipe not available, retrying","component":"api","simulation_id":5,"pipe":"events","path":"\\\\.\\pipe\\afsim_events","error":"CreateFile pipe: All pipe instances are busy.","retry_in":2000000000}
{"time":"2026-06-10T20:41:10.7192351+08:00","level":"INFO","msg":"pipe not available, retrying","component":"api","simulation_id":8,"pipe":"events","path":"\\\\.\\pipe\\afsim_events","error":"CreateFile pipe: All pipe instances are busy.","retry_in":2000000000}
{"time":"2026-06-10T20:41:11.0969205+08:00","level":"INFO","msg":"pipe not available, retrying","component":"api","simulation_id":4,"pipe":"events","path":"\\\\.\\pipe\\afsim_events","error":"CreateFile pipe: All pipe instances are busy.","retry_in":2000000000}
{"time":"2026-06-10T20:41:11.648336+08:00","level":"INFO","msg":"pipe not available, retrying","component":"api","simulation_id":6,"pipe":"events","path":"\\\\.\\pipe\\afsim_events","error":"CreateFile pipe: All pipe instances are busy.","retry_in":2000000000}
{"time":"2026-06-10T20:41:12.5194257+08:00","level":"INFO","msg":"pipe not available, retrying","component":"api","simulation_id":7,"pipe":"events","path":"\\\\.\\pipe\\afsim_events","error":"CreateFile pipe: All pipe instances are busy.","retry_in":2000000000}
{"time":"2026-06-10T20:41:12.7195933+08:00","level":"INFO","msg":"pipe not available, retrying","component":"api","simulation_id":5,"pipe":"events","path":"\\\\.\\pipe\\afsim_events","error":"CreateFile pipe: All pipe instances are busy.","retry_in":2000000000}
{"time":"2026-06-10T20:41:12.7195933+08:00","level":"INFO","msg":"pipe not available, retrying","component":"api","simulation_id":8,"pipe":"events","path":"\\\\.\\pipe\\afsim_events","error":"CreateFile pipe: All pipe instances are busy.","retry_in":2000000000}
{"time":"2026-06-10T20:41:12.7467218+08:00","level":"INFO","msg":"T = 350.000\r","component":"api","simulation_id":5,"stream":"stdout"}
{"time":"2026-06-10T20:41:12.7955981+08:00","level":"INFO","msg":"T = 200.000\r","component":"api","simulation_id":8,"stream":"stdout"}
{"time":"2026-06-10T20:41:13.0977298+08:00","level":"INFO","msg":"pipe not available, retrying","component":"api","simulation_id":4,"pipe":"events","path":"\\\\.\\pipe\\afsim_events","error":"CreateFile pipe: All pipe instances are busy.","retry_in":2000000000}
{"time":"2026-06-10T20:41:13.5277824+08:00","level":"INFO","msg":"T = 450.000\r","component":"api","simulation_id":3,"stream":"stdout"}
{"time":"2026-06-10T20:41:13.6493156+08:00","level":"INFO","msg":"pipe not available, retrying","component":"api","simulation_id":6,"pipe":"events","path":"\\\\.\\pipe\\afsim_events","error":"CreateFile pipe: All pipe instances are busy.","retry_in":2000000000}
{"time":"2026-06-10T20:41:14.5204027+08:00","level":"INFO","msg":"pipe not available, retrying","component":"api","simulation_id":7,"pipe":"events","path":"\\\\.\\pipe\\afsim_events","error":"CreateFile pipe: All pipe instances are busy.","retry_in":2000000000}
{"time":"2026-06-10T20:41:14.7196659+08:00","level":"INFO","msg":"pipe not available, retrying","component":"api","simulation_id":8,"pipe":"events","path":"\\\\.\\pipe\\afsim_events","error":"CreateFile pipe: All pipe instances are busy.","retry_in":2000000000}
{"time":"2026-06-10T20:41:14.7196659+08:00","level":"INFO","msg":"pipe not available, retrying","component":"api","simulation_id":5,"pipe":"events","path":"\\\\.\\pipe\\afsim_events","error":"CreateFile pipe: All pipe instances are busy.","retry_in":2000000000}
{"time":"2026-06-10T20:41:15.0985583+08:00","level":"INFO","msg":"pipe not available, retrying","component":"api","simulation_id":4,"pipe":"events","path":"\\\\.\\pipe\\afsim_events","error":"CreateFile pipe: All pipe instances are busy.","retry_in":2000000000}
{"time":"2026-06-10T20:41:15.6495322+08:00","level":"INFO","msg":"pipe not available, retrying","component":"api","simulation_id":6,"pipe":"events","path":"\\\\.\\pipe\\afsim_events","error":"CreateFile pipe: All pipe instances are busy.","retry_in":2000000000}
{"time":"2026-06-10T20:41:15.7125753+08:00","level":"INFO","msg":"T = 280.000\r","component":"api","simulation_id":6,"stream":"stdout"}
{"time":"2026-06-10T20:41:16.5207113+08:00","level":"INFO","msg":"pipe not available, retrying","component":"api","simulation_id":7,"pipe":"events","path":"\\\\.\\pipe\\afsim_events","error":"CreateFile pipe: All pipe instances are busy.","retry_in":2000000000}
{"time":"2026-06-10T20:41:16.7206795+08:00","level":"INFO","msg":"pipe not available, retrying","component":"api","simulation_id":8,"pipe":"events","path":"\\\\.\\pipe\\afsim_events","error":"CreateFile pipe: All pipe instances are busy.","retry_in":2000000000}
{"time":"2026-06-10T20:41:16.7206795+08:00","level":"INFO","msg":"pipe not available, retrying","component":"api","simulation_id":5,"pipe":"events","path":"\\\\.\\pipe\\afsim_events","error":"CreateFile pipe: All pipe instances are busy.","retry_in":2000000000}
{"time":"2026-06-10T20:41:17.0992361+08:00","level":"INFO","msg":"pipe not available, retrying","component":"api","simulation_id":4,"pipe":"events","path":"\\\\.\\pipe\\afsim_events","error":"CreateFile pipe: All pipe instances are busy.","retry_in":2000000000}
{"time":"2026-06-10T20:41:17.6504648+08:00","level":"INFO","msg":"pipe not available, retrying","component":"api","simulation_id":6,"pipe":"events","path":"\\\\.\\pipe\\afsim_events","error":"CreateFile pipe: All pipe instances are busy.","retry_in":2000000000}
{"time":"2026-06-10T20:41:18.5209894+08:00","level":"INFO","msg":"pipe not available, retrying","component":"api","simulation_id":7,"pipe":"events","path":"\\\\.\\pipe\\afsim_events","error":"CreateFile pipe: All pipe instances are busy.","retry_in":2000000000}
{"time":"2026-06-10T20:41:18.7210459+08:00","level":"INFO","msg":"pipe not available, retrying","component":"api","simulation_id":8,"pipe":"events","path":"\\\\.\\pipe\\afsim_events","error":"CreateFile pipe: All pipe instances are busy.","retry_in":2000000000}
{"time":"2026-06-10T20:41:18.7210459+08:00","level":"INFO","msg":"pipe not available, retrying","component":"api","simulation_id":5,"pipe":"events","path":"\\\\.\\pipe\\afsim_events","error":"CreateFile pipe: All pipe instances are busy.","retry_in":2000000000}
{"time":"2026-06-10T20:41:19.0997438+08:00","level":"INFO","msg":"pipe not available, retrying","component":"api","simulation_id":4,"pipe":"events","path":"\\\\.\\pipe\\afsim_events","error":"CreateFile pipe: All pipe instances are busy.","retry_in":2000000000}
{"time":"2026-06-10T20:41:19.1223892+08:00","level":"INFO","msg":"T = 420.000\r","component":"api","simulation_id":4,"stream":"stdout"}
{"time":"2026-06-10T20:41:19.6509747+08:00","level":"INFO","msg":"pipe not available, retrying","component":"api","simulation_id":6,"pipe":"events","path":"\\\\.\\pipe\\afsim_events","error":"CreateFile pipe: All pipe instances are busy.","retry_in":2000000000}
{"time":"2026-06-10T20:41:20.5212481+08:00","level":"INFO","msg":"pipe not available, retrying","component":"api","simulation_id":7,"pipe":"events","path":"\\\\.\\pipe\\afsim_events","error":"CreateFile pipe: All pipe instances are busy.","retry_in":2000000000}
{"time":"2026-06-10T20:41:20.5865223+08:00","level":"INFO","msg":"T = 250.000\r","component":"api","simulation_id":7,"stream":"stdout"}
{"time":"2026-06-10T20:41:20.7211643+08:00","level":"INFO","msg":"pipe not available, retrying","component":"api","simulation_id":5,"pipe":"events","path":"\\\\.\\pipe\\afsim_events","error":"CreateFile pipe: All pipe instances are busy.","retry_in":2000000000}
{"time":"2026-06-10T20:41:20.7211643+08:00","level":"INFO","msg":"pipe not available, retrying","component":"api","simulation_id":8,"pipe":"events","path":"\\\\.\\pipe\\afsim_events","error":"CreateFile pipe: All pipe instances are busy.","retry_in":2000000000}
{"time":"2026-06-10T20:41:21.0999507+08:00","level":"INFO","msg":"pipe not available, retrying","component":"api","simulation_id":4,"pipe":"events","path":"\\\\.\\pipe\\afsim_events","error":"CreateFile pipe: All pipe instances are busy.","retry_in":2000000000}
{"time":"2026-06-10T20:41:21.6512198+08:00","level":"INFO","msg":"pipe not available, retrying","component":"api","simulation_id":6,"pipe":"events","path":"\\\\.\\pipe\\afsim_events","error":"CreateFile pipe: All pipe instances are busy.","retry_in":2000000000}
{"time":"2026-06-10T20:41:22.5213638+08:00","level":"INFO","msg":"pipe not available, retrying","component":"api","simulation_id":7,"pipe":"events","path":"\\\\.\\pipe\\afsim_events","error":"CreateFile pipe: All pipe instances are busy.","retry_in":2000000000}
{"time":"2026-06-10T20:41:22.7219872+08:00","level":"INFO","msg":"pipe not available, retrying","component":"api","simulation_id":8,"pipe":"events","path":"\\\\.\\pipe\\afsim_events","error":"CreateFile pipe: All pipe instances are busy.","retry_in":2000000000}
{"time":"2026-06-10T20:41:22.7219872+08:00","level":"INFO","msg":"pipe not available, retrying","component":"api","simulation_id":5,"pipe":"events","path":"\\\\.\\pipe\\afsim_events","error":"CreateFile pipe: All pipe instances are busy.","retry_in":2000000000}
{"time":"2026-06-10T20:41:22.754786+08:00","level":"INFO","msg":"T = 360.000\r","component":"api","simulation_id":5,"stream":"stdout"}
{"time":"2026-06-10T20:41:22.8026309+08:00","level":"INFO","msg":"T = 210.000\r","component":"api","simulation_id":8,"stream":"stdout"}
{"time":"2026-06-10T20:41:23.1006128+08:00","level":"INFO","msg":"pipe not available, retrying","component":"api","simulation_id":4,"pipe":"events","path":"\\\\.\\pipe\\afsim_events","error":"CreateFile pipe: All pipe instances are busy.","retry_in":2000000000}
{"time":"2026-06-10T20:41:23.5226584+08:00","level":"INFO","msg":"T = 460.000\r","component":"api","simulation_id":3,"stream":"stdout"}
{"time":"2026-06-10T20:41:23.6512769+08:00","level":"INFO","msg":"pipe not available, retrying","component":"api","simulation_id":6,"pipe":"events","path":"\\\\.\\pipe\\afsim_events","error":"CreateFile pipe: All pipe instances are busy.","retry_in":2000000000}
{"time":"2026-06-10T20:41:24.5222784+08:00","level":"INFO","msg":"pipe not available, retrying","component":"api","simulation_id":7,"pipe":"events","path":"\\\\.\\pipe\\afsim_events","error":"CreateFile pipe: All pipe instances are busy.","retry_in":2000000000}
{"time":"2026-06-10T20:41:24.7224714+08:00","level":"INFO","msg":"pipe not available, retrying","component":"api","simulation_id":8,"pipe":"events","path":"\\\\.\\pipe\\afsim_events","error":"CreateFile pipe: All pipe instances are busy.","retry_in":2000000000}
{"time":"2026-06-10T20:41:24.7224714+08:00","level":"INFO","msg":"pipe not available, retrying","component":"api","simulation_id":5,"pipe":"events","path":"\\\\.\\pipe\\afsim_events","error":"CreateFile pipe: All pipe instances are busy.","retry_in":2000000000}
{"time":"2026-06-10T20:41:25.101414+08:00","level":"INFO","msg":"pipe not available, retrying","component":"api","simulation_id":4,"pipe":"events","path":"\\\\.\\pipe\\afsim_events","error":"CreateFile pipe: All pipe instances are busy.","retry_in":2000000000}
{"time":"2026-06-10T20:41:25.6517583+08:00","level":"INFO","msg":"pipe not available, retrying","component":"api","simulation_id":6,"pipe":"events","path":"\\\\.\\pipe\\afsim_events","error":"CreateFile pipe: All pipe instances are busy.","retry_in":2000000000}
{"time":"2026-06-10T20:41:25.7182707+08:00","level":"INFO","msg":"T = 290.000\r","component":"api","simulation_id":6,"stream":"stdout"}
{"time":"2026-06-10T20:41:26.5231424+08:00","level":"INFO","msg":"pipe not available, retrying","component":"api","simulation_id":7,"pipe":"events","path":"\\\\.\\pipe\\afsim_events","error":"CreateFile pipe: All pipe instances are busy.","retry_in":2000000000}
{"time":"2026-06-10T20:41:26.7225625+08:00","level":"INFO","msg":"pipe not available, retrying","component":"api","simulation_id":8,"pipe":"events","path":"\\\\.\\pipe\\afsim_events","error":"CreateFile pipe: All pipe instances are busy.","retry_in":2000000000}
{"time":"2026-06-10T20:41:26.7225625+08:00","level":"INFO","msg":"pipe not available, retrying","component":"api","simulation_id":5,"pipe":"events","path":"\\\\.\\pipe\\afsim_events","error":"CreateFile pipe: All pipe instances are busy.","retry_in":2000000000}
{"time":"2026-06-10T20:41:27.1016705+08:00","level":"INFO","msg":"pipe not available, retrying","component":"api","simulation_id":4,"pipe":"events","path":"\\\\.\\pipe\\afsim_events","error":"CreateFile pipe: All pipe instances are busy.","retry_in":2000000000}
{"time":"2026-06-10T20:41:27.6527254+08:00","level":"INFO","msg":"pipe not available, retrying","component":"api","simulation_id":6,"pipe":"events","path":"\\\\.\\pipe\\afsim_events","error":"CreateFile pipe: All pipe instances are busy.","retry_in":2000000000}
{"time":"2026-06-10T20:41:28.5238319+08:00","level":"INFO","msg":"pipe not available, retrying","component":"api","simulation_id":7,"pipe":"events","path":"\\\\.\\pipe\\afsim_events","error":"CreateFile pipe: All pipe instances are busy.","retry_in":2000000000}
{"time":"2026-06-10T20:41:28.722943+08:00","level":"INFO","msg":"pipe not available, retrying","component":"api","simulation_id":8,"pipe":"events","path":"\\\\.\\pipe\\afsim_events","error":"CreateFile pipe: All pipe instances are busy.","retry_in":2000000000}
{"time":"2026-06-10T20:41:28.722943+08:00","level":"INFO","msg":"pipe not available, retrying","component":"api","simulation_id":5,"pipe":"events","path":"\\\\.\\pipe\\afsim_events","error":"CreateFile pipe: All pipe instances are busy.","retry_in":2000000000}
{"time":"2026-06-10T20:41:29.1023391+08:00","level":"INFO","msg":"pipe not available, retrying","component":"api","simulation_id":4,"pipe":"events","path":"\\\\.\\pipe\\afsim_events","error":"CreateFile pipe: All pipe instances are busy.","retry_in":2000000000}
{"time":"2026-06-10T20:41:29.1278581+08:00","level":"INFO","msg":"T = 430.000\r","component":"api","simulation_id":4,"stream":"stdout"}
{"time":"2026-06-10T20:41:29.6529566+08:00","level":"INFO","msg":"pipe not available, retrying","component":"api","simulation_id":6,"pipe":"events","path":"\\\\.\\pipe\\afsim_events","error":"CreateFile pipe: All pipe instances are busy.","retry_in":2000000000}
2026/06/10 20:41:30 [DESKTOP-2269V6M/M1g0Pn02vs-000041] "GET http://localhost:8080/api/simulations/2 HTTP/1.1" from [::1]:57576 - 404 32B in 0s
{"time":"2026-06-10T20:41:30.5243501+08:00","level":"INFO","msg":"pipe not available, retrying","component":"api","simulation_id":7,"pipe":"events","path":"\\\\.\\pipe\\afsim_events","error":"CreateFile pipe: All pipe instances are busy.","retry_in":2000000000}
2026/06/10 20:41:30 [DESKTOP-2269V6M/M1g0Pn02vs-000042] "GET http://localhost:8080/api/simulations/3 HTTP/1.1" from [::1]:57577 - 200 146B in 0s
2026/06/10 20:41:30 [DESKTOP-2269V6M/M1g0Pn02vs-000043] "GET http://localhost:8080/api/simulations/4 HTTP/1.1" from [::1]:57578 - 200 146B in 0s
2026/06/10 20:41:30 [DESKTOP-2269V6M/M1g0Pn02vs-000044] "GET http://localhost:8080/api/simulations/5 HTTP/1.1" from [::1]:57579 - 200 154B in 0s
{"time":"2026-06-10T20:41:30.5856146+08:00","level":"INFO","msg":"T = 260.000\r","component":"api","simulation_id":7,"stream":"stdout"}
2026/06/10 20:41:30 [DESKTOP-2269V6M/M1g0Pn02vs-000045] "GET http://localhost:8080/api/simulations/6 HTTP/1.1" from [::1]:57580 - 200 154B in 0s
2026/06/10 20:41:30 [DESKTOP-2269V6M/M1g0Pn02vs-000046] "GET http://localhost:8080/api/simulations/7 HTTP/1.1" from [::1]:57581 - 200 154B in 0s
2026/06/10 20:41:30 [DESKTOP-2269V6M/M1g0Pn02vs-000047] "GET http://localhost:8080/api/simulations/8 HTTP/1.1" from [::1]:57582 - 200 153B in 0s
{"time":"2026-06-10T20:41:30.7232928+08:00","level":"INFO","msg":"pipe not available, retrying","component":"api","simulation_id":8,"pipe":"events","path":"\\\\.\\pipe\\afsim_events","error":"CreateFile pipe: All pipe instances are busy.","retry_in":2000000000}
{"time":"2026-06-10T20:41:30.7232928+08:00","level":"INFO","msg":"pipe not available, retrying","component":"api","simulation_id":5,"pipe":"events","path":"\\\\.\\pipe\\afsim_events","error":"CreateFile pipe: All pipe instances are busy.","retry_in":2000000000}
{"time":"2026-06-10T20:41:31.102643+08:00","level":"INFO","msg":"pipe not available, retrying","component":"api","simulation_id":4,"pipe":"events","path":"\\\\.\\pipe\\afsim_events","error":"CreateFile pipe: All pipe instances are busy.","retry_in":2000000000}
{"time":"2026-06-10T20:41:31.6538119+08:00","level":"INFO","msg":"pipe not available, retrying","component":"api","simulation_id":6,"pipe":"events","path":"\\\\.\\pipe\\afsim_events","error":"CreateFile pipe: All pipe instances are busy.","retry_in":2000000000}
{"time":"2026-06-10T20:41:32.5248529+08:00","level":"INFO","msg":"pipe not available, retrying","component":"api","simulation_id":7,"pipe":"events","path":"\\\\.\\pipe\\afsim_events","error":"CreateFile pipe: All pipe instances are busy.","retry_in":2000000000}
{"time":"2026-06-10T20:41:32.7237547+08:00","level":"INFO","msg":"pipe not available, retrying","component":"api","simulation_id":5,"pipe":"events","path":"\\\\.\\pipe\\afsim_events","error":"CreateFile pipe: All pipe instances are busy.","retry_in":2000000000}
{"time":"2026-06-10T20:41:32.7237547+08:00","level":"INFO","msg":"pipe not available, retrying","component":"api","simulation_id":8,"pipe":"events","path":"\\\\.\\pipe\\afsim_events","error":"CreateFile pipe: All pipe instances are busy.","retry_in":2000000000}
{"time":"2026-06-10T20:41:32.7466089+08:00","level":"INFO","msg":"T = 370.000\r","component":"api","simulation_id":5,"stream":"stdout"}
{"time":"2026-06-10T20:41:32.7957359+08:00","level":"INFO","msg":"T = 220.000\r","component":"api","simulation_id":8,"stream":"stdout"}
{"time":"2026-06-10T20:41:33.1029619+08:00","level":"INFO","msg":"pipe not available, retrying","component":"api","simulation_id":4,"pipe":"events","path":"\\\\.\\pipe\\afsim_events","error":"CreateFile pipe: All pipe instances are busy.","retry_in":2000000000}
{"time":"2026-06-10T20:41:33.5195284+08:00","level":"INFO","msg":"T = 470.000\r","component":"api","simulation_id":3,"stream":"stdout"}
{"time":"2026-06-10T20:41:33.6547986+08:00","level":"INFO","msg":"pipe not available, retrying","component":"api","simulation_id":6,"pipe":"events","path":"\\\\.\\pipe\\afsim_events","error":"CreateFile pipe: All pipe instances are busy.","retry_in":2000000000}
{"time":"2026-06-10T20:41:34.5252492+08:00","level":"INFO","msg":"pipe not available, retrying","component":"api","simulation_id":7,"pipe":"events","path":"\\\\.\\pipe\\afsim_events","error":"CreateFile pipe: All pipe instances are busy.","retry_in":2000000000}
{"time":"2026-06-10T20:41:34.7239619+08:00","level":"INFO","msg":"pipe not available, retrying","component":"api","simulation_id":5,"pipe":"events","path":"\\\\.\\pipe\\afsim_events","error":"CreateFile pipe: All pipe instances are busy.","retry_in":2000000000}
{"time":"2026-06-10T20:41:34.7239619+08:00","level":"INFO","msg":"pipe not available, retrying","component":"api","simulation_id":8,"pipe":"events","path":"\\\\.\\pipe\\afsim_events","error":"CreateFile pipe: All pipe instances are busy.","retry_in":2000000000}
{"time":"2026-06-10T20:41:35.1033655+08:00","level":"INFO","msg":"pipe not available, retrying","component":"api","simulation_id":4,"pipe":"events","path":"\\\\.\\pipe\\afsim_events","error":"CreateFile pipe: All pipe instances are busy.","retry_in":2000000000}
{"time":"2026-06-10T20:41:35.6550103+08:00","level":"INFO","msg":"pipe not available, retrying","component":"api","simulation_id":6,"pipe":"events","path":"\\\\.\\pipe\\afsim_events","error":"CreateFile pipe: All pipe instances are busy.","retry_in":2000000000}
{"time":"2026-06-10T20:41:35.7216571+08:00","level":"INFO","msg":"T = 300.000\r","component":"api","simulation_id":6,"stream":"stdout"}
{"time":"2026-06-10T20:41:36.5260779+08:00","level":"INFO","msg":"pipe not available, retrying","component":"api","simulation_id":7,"pipe":"events","path":"\\\\.\\pipe\\afsim_events","error":"CreateFile pipe: All pipe instances are busy.","retry_in":2000000000}
{"time":"2026-06-10T20:41:36.724331+08:00","level":"INFO","msg":"pipe not available, retrying","component":"api","simulation_id":5,"pipe":"events","path":"\\\\.\\pipe\\afsim_events","error":"CreateFile pipe: All pipe instances are busy.","retry_in":2000000000}
{"time":"2026-06-10T20:41:36.724331+08:00","level":"INFO","msg":"pipe not available, retrying","component":"api","simulation_id":8,"pipe":"events","path":"\\\\.\\pipe\\afsim_events","error":"CreateFile pipe: All pipe instances are busy.","retry_in":2000000000}
{"time":"2026-06-10T20:41:37.1041054+08:00","level":"INFO","msg":"pipe not available, retrying","component":"api","simulation_id":4,"pipe":"events","path":"\\\\.\\pipe\\afsim_events","error":"CreateFile pipe: All pipe instances are busy.","retry_in":2000000000}
{"time":"2026-06-10T20:41:37.6553134+08:00","level":"INFO","msg":"pipe not available, retrying","component":"api","simulation_id":6,"pipe":"events","path":"\\\\.\\pipe\\afsim_events","error":"CreateFile pipe: All pipe instances are busy.","retry_in":2000000000}
{"time":"2026-06-10T20:41:38.5267001+08:00","level":"INFO","msg":"pipe not available, retrying","component":"api","simulation_id":7,"pipe":"events","path":"\\\\.\\pipe\\afsim_events","error":"CreateFile pipe: All pipe instances are busy.","retry_in":2000000000}
{"time":"2026-06-10T20:41:38.7248233+08:00","level":"INFO","msg":"pipe not available, retrying","component":"api","simulation_id":5,"pipe":"events","path":"\\\\.\\pipe\\afsim_events","error":"CreateFile pipe: All pipe instances are busy.","retry_in":2000000000}
{"time":"2026-06-10T20:41:38.7248233+08:00","level":"INFO","msg":"pipe not available, retrying","component":"api","simulation_id":8,"pipe":"events","path":"\\\\.\\pipe\\afsim_events","error":"CreateFile pipe: All pipe instances are busy.","retry_in":2000000000}
{"time":"2026-06-10T20:41:39.1048269+08:00","level":"INFO","msg":"pipe not available, retrying","component":"api","simulation_id":4,"pipe":"events","path":"\\\\.\\pipe\\afsim_events","error":"CreateFile pipe: All pipe instances are busy.","retry_in":2000000000}
{"time":"2026-06-10T20:41:39.1308815+08:00","level":"INFO","msg":"T = 440.000\r","component":"api","simulation_id":4,"stream":"stdout"}
{"time":"2026-06-10T20:41:39.6553626+08:00","level":"INFO","msg":"pipe not available, retrying","component":"api","simulation_id":6,"pipe":"events","path":"\\\\.\\pipe\\afsim_events","error":"CreateFile pipe: All pipe instances are busy.","retry_in":2000000000}
{"time":"2026-06-10T20:41:40.5273958+08:00","level":"INFO","msg":"pipe not available, retrying","component":"api","simulation_id":7,"pipe":"events","path":"\\\\.\\pipe\\afsim_events","error":"CreateFile pipe: All pipe instances are busy.","retry_in":2000000000}
{"time":"2026-06-10T20:41:40.5860854+08:00","level":"INFO","msg":"T = 270.000\r","component":"api","simulation_id":7,"stream":"stdout"}
{"time":"2026-06-10T20:41:40.7249352+08:00","level":"INFO","msg":"pipe not available, retrying","component":"api","simulation_id":8,"pipe":"events","path":"\\\\.\\pipe\\afsim_events","error":"CreateFile pipe: All pipe instances are busy.","retry_in":2000000000}
{"time":"2026-06-10T20:41:40.7249352+08:00","level":"INFO","msg":"pipe not available, retrying","component":"api","simulation_id":5,"pipe":"events","path":"\\\\.\\pipe\\afsim_events","error":"CreateFile pipe: All pipe instances are busy.","retry_in":2000000000}
{"time":"2026-06-10T20:41:41.1054455+08:00","level":"INFO","msg":"pipe not available, retrying","component":"api","simulation_id":4,"pipe":"events","path":"\\\\.\\pipe\\afsim_events","error":"CreateFile pipe: All pipe instances are busy.","retry_in":2000000000}
{"time":"2026-06-10T20:41:41.6556162+08:00","level":"INFO","msg":"pipe not available, retrying","component":"api","simulation_id":6,"pipe":"events","path":"\\\\.\\pipe\\afsim_events","error":"CreateFile pipe: All pipe instances are busy.","retry_in":2000000000}
{"time":"2026-06-10T20:41:42.5283502+08:00","level":"INFO","msg":"pipe not available, retrying","component":"api","simulation_id":7,"pipe":"events","path":"\\\\.\\pipe\\afsim_events","error":"CreateFile pipe: All pipe instances are busy.","retry_in":2000000000}
{"time":"2026-06-10T20:41:42.7255499+08:00","level":"INFO","msg":"pipe not available, retrying","component":"api","simulation_id":8,"pipe":"events","path":"\\\\.\\pipe\\afsim_events","error":"CreateFile pipe: All pipe instances are busy.","retry_in":2000000000}
{"time":"2026-06-10T20:41:42.7255499+08:00","level":"INFO","msg":"pipe not available, retrying","component":"api","simulation_id":5,"pipe":"events","path":"\\\\.\\pipe\\afsim_events","error":"CreateFile pipe: All pipe instances are busy.","retry_in":2000000000}
{"time":"2026-06-10T20:41:42.745114+08:00","level":"INFO","msg":"T = 380.000\r","component":"api","simulation_id":5,"stream":"stdout"}
{"time":"2026-06-10T20:41:42.8043899+08:00","level":"INFO","msg":"T = 230.000\r","component":"api","simulation_id":8,"stream":"stdout"}
{"time":"2026-06-10T20:41:43.106501+08:00","level":"INFO","msg":"pipe not available, retrying","component":"api","simulation_id":4,"pipe":"events","path":"\\\\.\\pipe\\afsim_events","error":"CreateFile pipe: All pipe instances are busy.","retry_in":2000000000}
{"time":"2026-06-10T20:41:43.5194313+08:00","level":"INFO","msg":"T = 480.000\r","component":"api","simulation_id":3,"stream":"stdout"}
{"time":"2026-06-10T20:41:43.6558528+08:00","level":"INFO","msg":"pipe not available, retrying","component":"api","simulation_id":6,"pipe":"events","path":"\\\\.\\pipe\\afsim_events","error":"CreateFile pipe: All pipe instances are busy.","retry_in":2000000000}
{"time":"2026-06-10T20:41:44.5288525+08:00","level":"INFO","msg":"pipe not available, retrying","component":"api","simulation_id":7,"pipe":"events","path":"\\\\.\\pipe\\afsim_events","error":"CreateFile pipe: All pipe instances are busy.","retry_in":2000000000}
{"time":"2026-06-10T20:41:44.7259868+08:00","level":"INFO","msg":"pipe not available, retrying","component":"api","simulation_id":8,"pipe":"events","path":"\\\\.\\pipe\\afsim_events","error":"CreateFile pipe: All pipe instances are busy.","retry_in":2000000000}
{"time":"2026-06-10T20:41:44.7259868+08:00","level":"INFO","msg":"pipe not available, retrying","component":"api","simulation_id":5,"pipe":"events","path":"\\\\.\\pipe\\afsim_events","error":"CreateFile pipe: All pipe instances are busy.","retry_in":2000000000}
{"time":"2026-06-10T20:41:45.1069565+08:00","level":"INFO","msg":"pipe not available, retrying","component":"api","simulation_id":4,"pipe":"events","path":"\\\\.\\pipe\\afsim_events","error":"CreateFile pipe: All pipe instances are busy.","retry_in":2000000000}
{"time":"2026-06-10T20:41:45.6562094+08:00","level":"INFO","msg":"pipe not available, retrying","component":"api","simulation_id":6,"pipe":"events","path":"\\\\.\\pipe\\afsim_events","error":"CreateFile pipe: All pipe instances are busy.","retry_in":2000000000}
{"time":"2026-06-10T20:41:45.7160335+08:00","level":"INFO","msg":"T = 310.000\r","component":"api","simulation_id":6,"stream":"stdout"}
{"time":"2026-06-10T20:41:46.5292771+08:00","level":"INFO","msg":"pipe not available, retrying","component":"api","simulation_id":7,"pipe":"events","path":"\\\\.\\pipe\\afsim_events","error":"CreateFile pipe: All pipe instances are busy.","retry_in":2000000000}
{"time":"2026-06-10T20:41:46.7261938+08:00","level":"INFO","msg":"pipe not available, retrying","component":"api","simulation_id":8,"pipe":"events","path":"\\\\.\\pipe\\afsim_events","error":"CreateFile pipe: All pipe instances are busy.","retry_in":2000000000}
{"time":"2026-06-10T20:41:46.7261938+08:00","level":"INFO","msg":"pipe not available, retrying","component":"api","simulation_id":5,"pipe":"events","path":"\\\\.\\pipe\\afsim_events","error":"CreateFile pipe: All pipe instances are busy.","retry_in":2000000000}
{"time":"2026-06-10T20:41:47.1078961+08:00","level":"INFO","msg":"pipe not available, retrying","component":"api","simulation_id":4,"pipe":"events","path":"\\\\.\\pipe\\afsim_events","error":"CreateFile pipe: All pipe instances are busy.","retry_in":2000000000}
{"time":"2026-06-10T20:41:47.6564319+08:00","level":"INFO","msg":"pipe not available, retrying","component":"api","simulation_id":6,"pipe":"events","path":"\\\\.\\pipe\\afsim_events","error":"CreateFile pipe: All pipe instances are busy.","retry_in":2000000000}
{"time":"2026-06-10T20:41:48.4238031+08:00","level":"INFO","msg":"terminating mission.exe","component":"api","simulation_id":3}
{"time":"2026-06-10T20:41:48.4348998+08:00","level":"ERROR","msg":"failed to read from event pipe","component":"api","simulation_id":3,"error":"reading length prefix: The pipe has been ended."}
{"time":"2026-06-10T20:41:48.4348998+08:00","level":"ERROR","msg":"connector error","component":"api","simulation_id":3,"error":"event pipe read error: reading length prefix: The pipe has been ended."}
{"time":"2026-06-10T20:41:48.44326+08:00","level":"INFO","msg":"mission.exe exited","component":"api","simulation_id":3,"error":"exit status 1"}
2026/06/10 20:41:48 [DESKTOP-2269V6M/M1g0Pn02vs-000048] "POST http://localhost:8080/api/simulations/3/terminate HTTP/1.1" from [::1]:57593 - 200 23B in 19.4569ms
{"time":"2026-06-10T20:41:48.4820995+08:00","level":"INFO","msg":"terminating mission.exe","component":"api","simulation_id":4}
{"time":"2026-06-10T20:41:48.4871374+08:00","level":"INFO","msg":"mission.exe exited","component":"api","simulation_id":4,"error":"exit status 1"}
{"time":"2026-06-10T20:41:48.4871374+08:00","level":"ERROR","msg":"connector error","component":"api","simulation_id":4,"error":"failed to connect to event pipe: pipe dial cancelled: context canceled"}
2026/06/10 20:41:48 [DESKTOP-2269V6M/M1g0Pn02vs-000049] "POST http://localhost:8080/api/simulations/4/terminate HTTP/1.1" from [::1]:57594 - 200 23B in 5.0379ms
{"time":"2026-06-10T20:41:48.505355+08:00","level":"INFO","msg":"terminating mission.exe","component":"api","simulation_id":5}
{"time":"2026-06-10T20:41:48.5150884+08:00","level":"INFO","msg":"mission.exe exited","component":"api","simulation_id":5,"error":"exit status 1"}
{"time":"2026-06-10T20:41:48.5150884+08:00","level":"ERROR","msg":"connector error","component":"api","simulation_id":5,"error":"failed to connect to event pipe: pipe dial cancelled: context canceled"}
2026/06/10 20:41:48 [DESKTOP-2269V6M/M1g0Pn02vs-000050] "POST http://localhost:8080/api/simulations/5/terminate HTTP/1.1" from [::1]:57595 - 200 23B in 9.7334ms
{"time":"2026-06-10T20:41:48.529602+08:00","level":"INFO","msg":"pipe not available, retrying","component":"api","simulation_id":7,"pipe":"events","path":"\\\\.\\pipe\\afsim_events","error":"CreateFile pipe: The system cannot find the file specified.","retry_in":2000000000}
{"time":"2026-06-10T20:41:48.5335959+08:00","level":"INFO","msg":"terminating mission.exe","component":"api","simulation_id":6}
{"time":"2026-06-10T20:41:48.5385545+08:00","level":"INFO","msg":"mission.exe exited","component":"api","simulation_id":6,"error":"exit status 1"}
{"time":"2026-06-10T20:41:48.5385545+08:00","level":"ERROR","msg":"connector error","component":"api","simulation_id":6,"error":"failed to connect to event pipe: pipe dial cancelled: context canceled"}
2026/06/10 20:41:48 [DESKTOP-2269V6M/M1g0Pn02vs-000051] "POST http://localhost:8080/api/simulations/6/terminate HTTP/1.1" from [::1]:57596 - 200 23B in 4.9586ms
{"time":"2026-06-10T20:41:48.5561315+08:00","level":"INFO","msg":"terminating mission.exe","component":"api","simulation_id":7}
{"time":"2026-06-10T20:41:48.5612935+08:00","level":"INFO","msg":"mission.exe exited","component":"api","simulation_id":7,"error":"exit status 1"}
{"time":"2026-06-10T20:41:48.5612935+08:00","level":"ERROR","msg":"connector error","component":"api","simulation_id":7,"error":"failed to connect to event pipe: pipe dial cancelled: context canceled"}
2026/06/10 20:41:48 [DESKTOP-2269V6M/M1g0Pn02vs-000052] "POST http://localhost:8080/api/simulations/7/terminate HTTP/1.1" from [::1]:57597 - 200 23B in 5.162ms
{"time":"2026-06-10T20:41:48.5793364+08:00","level":"INFO","msg":"terminating mission.exe","component":"api","simulation_id":8}
{"time":"2026-06-10T20:41:48.5850089+08:00","level":"INFO","msg":"mission.exe exited","component":"api","simulation_id":8,"error":"exit status 1"}
{"time":"2026-06-10T20:41:48.5850089+08:00","level":"ERROR","msg":"connector error","component":"api","simulation_id":8,"error":"failed to connect to event pipe: pipe dial cancelled: context canceled"}
2026/06/10 20:41:48 [DESKTOP-2269V6M/M1g0Pn02vs-000053] "POST http://localhost:8080/api/simulations/8/terminate HTTP/1.1" from [::1]:57598 - 200 23B in 5.6725ms
2026/06/10 20:42:02 [DESKTOP-2269V6M/M1g0Pn02vs-000054] "GET http://localhost:8080/api/scenarios HTTP/1.1" from [::1]:57645 - 200 1154B in 0s
2026/06/10 20:42:02 [DESKTOP-2269V6M/M1g0Pn02vs-000055] "GET http://localhost:8080/api/scenarios HTTP/1.1" from [::1]:57646 - 200 1154B in 0s
{"time":"2026-06-10T20:42:07.8168207+08:00","level":"INFO","msg":"starting mission.exe","component":"api","simulation_id":9,"path":"E:/AFsim/afsimweb-master/afsim-gateway/../AFSim/afsim-2.9.0-win64/bin/mission.exe","scenario":"scenarios\\东海沿海战役想定.scenario","mode":"realtime","args":["-rt","东海沿海战役想定.scenario"]}
2026/06/10 20:42:07 [DESKTOP-2269V6M/M1g0Pn02vs-000056] "POST http://localhost:8080/api/simulations HTTP/1.1" from [::1]:57672 - 201 154B in 1.626ms
{"time":"2026-06-10T20:42:07.8189959+08:00","level":"INFO","msg":"pipe not available, retrying","component":"api","simulation_id":9,"pipe":"events","path":"\\\\.\\pipe\\afsim_events","error":"CreateFile pipe: The system cannot find the file specified.","retry_in":2000000000}
{"time":"2026-06-10T20:42:07.8303353+08:00","level":"INFO","msg":"WebSocket connection request","component":"api","simulation_id":"9"}
2026/06/10 20:42:07 [DESKTOP-2269V6M/M1g0Pn02vs-000057] "GET http://localhost:8080/api/simulations/9/ws HTTP/1.1" from [::1]:57673 - 000 0B in 0s
{"time":"2026-06-10T20:42:07.9477124+08:00","level":"INFO","msg":"mission:\r","component":"api","simulation_id":9,"stream":"stdout"}
{"time":"2026-06-10T20:42:07.9478891+08:00","level":"INFO","msg":"    WSF Version: 2.9.0 02-25-2022\r","component":"api","simulation_id":9,"stream":"stdout"}
{"time":"2026-06-10T20:42:07.9478891+08:00","level":"INFO","msg":"    Built: Feb 25 2022 08:12:40\r","component":"api","simulation_id":9,"stream":"stdout"}
{"time":"2026-06-10T20:42:07.9478891+08:00","level":"INFO","msg":"Plugin API version info:\r","component":"api","simulation_id":9,"stream":"stdout"}
{"time":"2026-06-10T20:42:07.9478891+08:00","level":"INFO","msg":"    Version: 2.9\r","component":"api","simulation_id":9,"stream":"stdout"}
{"time":"2026-06-10T20:42:07.9478891+08:00","level":"INFO","msg":"    Compiler: win_1916_64bit_release-hwe\r","component":"api","simulation_id":9,"stream":"stdout"}
{"time":"2026-06-10T20:42:07.9478891+08:00","level":"INFO","msg":"Plugins Loaded:\r","component":"api","simulation_id":9,"stream":"stdout"}
{"time":"2026-06-10T20:42:07.9478891+08:00","level":"INFO","msg":"    wsf_alternate_locations.dll, wsf_coverage.dll, wsf_iads_c2.dll, wsf_prompt.dll, wsf_scenario_analyzer.dll, wsf_scenario_analyzer_iads_c2.dll, wsf_air_combat.dll, wsf_annotation.dll, wsf_argo8.dll, wsf_brawler.dll, wsf_event_gateway.dll, wsf_fires.dll, wsf_multiresolution.dll, wsf_oms_uci.dll, wsf_p6dof.dll, wsf_six_dof.dll, wsf_sosm.dll\r","component":"api","simulation_id":9,"stream":"stdout"}
{"time":"2026-06-10T20:42:07.9478891+08:00","level":"INFO","msg":"Extensions Included: \r","component":"api","simulation_id":9,"stream":"stdout"}
{"time":"2026-06-10T20:42:07.9478891+08:00","level":"INFO","msg":"    sensor_plot_lib, wsf_cyber, wsf_grammar_check, wsf_l16, wsf_mil, wsf_mil_parser, wsf_mtt, wsf_nx, wsf_parser, wsf_ripr, wsf_space, wsf_weapon_server, wsf_simdis\r","component":"api","simulation_id":9,"stream":"stdout"}
{"time":"2026-06-10T20:42:07.9478891+08:00","level":"INFO","msg":"\r","component":"api","simulation_id":9,"stream":"stdout"}
{"time":"2026-06-10T20:42:07.9478891+08:00","level":"INFO","msg":"Loading simulation input.\r","component":"api","simulation_id":9,"stream":"stdout"}
{"time":"2026-06-10T20:42:07.9478891+08:00","level":"INFO","msg":"Loading simulation input complete.\r","component":"api","simulation_id":9,"stream":"stdout"}
{"time":"2026-06-10T20:42:07.9478891+08:00","level":"INFO","msg":"    Elapsed Wall Clock Time: 0.0043509\r","component":"api","simulation_id":9,"stream":"stdout"}
{"time":"2026-06-10T20:42:07.9478891+08:00","level":"INFO","msg":"    Elapsed Processor Time : 0\r","component":"api","simulation_id":9,"stream":"stdout"}
{"time":"2026-06-10T20:42:07.9478891+08:00","level":"INFO","msg":"Initializing simulation.\r","component":"api","simulation_id":9,"stream":"stdout"}
{"time":"2026-06-10T20:42:07.9531215+08:00","level":"INFO","msg":"***** ERROR: wsf_event_gateway: Created pipe \\\\.\\pipe\\afsim_events successfully\r","component":"api","simulation_id":9,"stream":"stdout"}
{"time":"2026-06-10T20:42:07.9546886+08:00","level":"INFO","msg":"Initializing simulation complete.\r","component":"api","simulation_id":9,"stream":"stdout"}
{"time":"2026-06-10T20:42:07.9546886+08:00","level":"INFO","msg":"    Elapsed Wall Clock Time: 0.0067989\r","component":"api","simulation_id":9,"stream":"stdout"}
{"time":"2026-06-10T20:42:07.9546886+08:00","level":"INFO","msg":"    Elapsed Processor Time : 0.015625\r","component":"api","simulation_id":9,"stream":"stdout"}
{"time":"2026-06-10T20:42:07.9546886+08:00","level":"INFO","msg":"Starting simulation.\r","component":"api","simulation_id":9,"stream":"stdout"}
{"time":"2026-06-10T20:42:07.9546886+08:00","level":"INFO","msg":"T = 0\r","component":"api","simulation_id":9,"stream":"stdout"}
{"time":"2026-06-10T20:42:08.7107557+08:00","level":"INFO","msg":"***** WARNING: Undefined radar signature.\r","component":"api","simulation_id":9,"stream":"stdout"}
{"time":"2026-06-10T20:42:08.7109713+08:00","level":"INFO","msg":"    Platform: BlueCAP02\r","component":"api","simulation_id":9,"stream":"stdout"}
{"time":"2026-06-10T20:42:08.7109713+08:00","level":"INFO","msg":"    Platform Type: blue_adv_fighter_1\r","component":"api","simulation_id":9,"stream":"stdout"}
{"time":"2026-06-10T20:42:08.7109713+08:00","level":"INFO","msg":"    Using default.\r","component":"api","simulation_id":9,"stream":"stdout"}
{"time":"2026-06-10T20:42:09.4617348+08:00","level":"INFO","msg":"***** WARNING: Undefined radar signature.\r","component":"api","simulation_id":9,"stream":"stdout"}
{"time":"2026-06-10T20:42:09.4619513+08:00","level":"INFO","msg":"    Platform: BlueCAP01\r","component":"api","simulation_id":9,"stream":"stdout"}
{"time":"2026-06-10T20:42:09.4619513+08:00","level":"INFO","msg":"    Platform Type: blue_adv_fighter_1\r","component":"api","simulation_id":9,"stream":"stdout"}
{"time":"2026-06-10T20:42:09.4619513+08:00","level":"INFO","msg":"    Using default.\r","component":"api","simulation_id":9,"stream":"stdout"}
{"time":"2026-06-10T20:42:09.8195642+08:00","level":"INFO","msg":"connected to named pipe","component":"api","simulation_id":9,"pipe":"events","path":"\\\\.\\pipe\\afsim_events","access":"read-only"}
{"time":"2026-06-10T20:42:09.8195642+08:00","level":"INFO","msg":"connected to named pipe","component":"api","simulation_id":9,"pipe":"control","path":"\\\\.\\pipe\\afsim_control","access":"write-only"}
{"time":"2026-06-10T20:42:09.8195642+08:00","level":"INFO","msg":"connected to both AFSIM pipes, starting event loop","component":"api","simulation_id":9}
{"time":"2026-06-10T20:42:17.9588216+08:00","level":"INFO","msg":"T = 10.000\r","component":"api","simulation_id":9,"stream":"stdout"}
{"time":"2026-06-10T20:42:27.9550403+08:00","level":"INFO","msg":"T = 20.000\r","component":"api","simulation_id":9,"stream":"stdout"}
{"time":"2026-06-10T20:42:37.9547498+08:00","level":"INFO","msg":"T = 30.000\r","component":"api","simulation_id":9,"stream":"stdout"}
{"time":"2026-06-10T20:42:47.9552316+08:00","level":"INFO","msg":"T = 40.000\r","component":"api","simulation_id":9,"stream":"stdout"}
{"time":"2026-06-10T20:42:57.9612093+08:00","level":"INFO","msg":"T = 50.000\r","component":"api","simulation_id":9,"stream":"stdout"}
{"time":"2026-06-10T20:43:07.9544891+08:00","level":"INFO","msg":"T = 60.000\r","component":"api","simulation_id":9,"stream":"stdout"}
{"time":"2026-06-10T20:43:17.9544888+08:00","level":"INFO","msg":"T = 70.000\r","component":"api","simulation_id":9,"stream":"stdout"}
{"time":"2026-06-10T20:43:27.9608181+08:00","level":"INFO","msg":"T = 80.000\r","component":"api","simulation_id":9,"stream":"stdout"}
{"time":"2026-06-10T20:43:37.9632781+08:00","level":"INFO","msg":"T = 90.000\r","component":"api","simulation_id":9,"stream":"stdout"}
{"time":"2026-06-10T20:43:47.954681+08:00","level":"INFO","msg":"T = 100.000\r","component":"api","simulation_id":9,"stream":"stdout"}
{"time":"2026-06-10T20:43:57.9550328+08:00","level":"INFO","msg":"T = 110.000\r","component":"api","simulation_id":9,"stream":"stdout"}
{"time":"2026-06-10T20:44:07.9543744+08:00","level":"INFO","msg":"T = 120.000\r","component":"api","simulation_id":9,"stream":"stdout"}
{"time":"2026-06-10T20:44:17.9635145+08:00","level":"INFO","msg":"T = 130.000\r","component":"api","simulation_id":9,"stream":"stdout"}
{"time":"2026-06-10T20:44:27.9550098+08:00","level":"INFO","msg":"T = 140.000\r","component":"api","simulation_id":9,"stream":"stdout"}
{"time":"2026-06-10T20:44:37.9623155+08:00","level":"INFO","msg":"T = 150.000\r","component":"api","simulation_id":9,"stream":"stdout"}
{"time":"2026-06-10T20:44:47.9547971+08:00","level":"INFO","msg":"T = 160.000\r","component":"api","simulation_id":9,"stream":"stdout"}
{"time":"2026-06-10T20:44:57.9547187+08:00","level":"INFO","msg":"T = 170.000\r","component":"api","simulation_id":9,"stream":"stdout"}
{"time":"2026-06-10T20:45:07.9641581+08:00","level":"INFO","msg":"T = 180.000\r","component":"api","simulation_id":9,"stream":"stdout"}
{"time":"2026-06-10T20:45:17.9546516+08:00","level":"INFO","msg":"T = 190.000\r","component":"api","simulation_id":9,"stream":"stdout"}
{"time":"2026-06-10T20:45:27.9544388+08:00","level":"INFO","msg":"T = 200.000\r","component":"api","simulation_id":9,"stream":"stdout"}
{"time":"2026-06-10T20:45:37.9661927+08:00","level":"INFO","msg":"T = 210.000\r","component":"api","simulation_id":9,"stream":"stdout"}
{"time":"2026-06-10T20:45:47.9543024+08:00","level":"INFO","msg":"T = 220.000\r","component":"api","simulation_id":9,"stream":"stdout"}
{"time":"2026-06-10T20:45:57.9617388+08:00","level":"INFO","msg":"T = 230.000\r","component":"api","simulation_id":9,"stream":"stdout"}
{"time":"2026-06-10T20:46:03.6963738+08:00","level":"INFO","msg":"terminating mission.exe","component":"api","simulation_id":9}
{"time":"2026-06-10T20:46:03.6971978+08:00","level":"ERROR","msg":"failed to read from event pipe","component":"api","simulation_id":9,"error":"reading length prefix: The pipe has been ended."}
{"time":"2026-06-10T20:46:03.6971978+08:00","level":"ERROR","msg":"connector error","component":"api","simulation_id":9,"error":"event pipe read error: reading length prefix: The pipe has been ended."}
{"time":"2026-06-10T20:46:03.7110676+08:00","level":"INFO","msg":"mission.exe exited","component":"api","simulation_id":9,"error":"exit status 1"}
2026/06/10 20:46:03 [DESKTOP-2269V6M/M1g0Pn02vs-000058] "POST http://localhost:8080/api/simulations/9/terminate HTTP/1.1" from [::1]:57863 - 200 23B in 14.6938ms
2026/06/10 20:46:07 [DESKTOP-2269V6M/M1g0Pn02vs-000059] "GET http://localhost:8080/api/scenarios HTTP/1.1" from [::1]:57923 - 200 1154B in 0s
2026/06/10 20:46:07 [DESKTOP-2269V6M/M1g0Pn02vs-000060] "GET http://localhost:8080/api/scenarios HTTP/1.1" from [::1]:57924 - 200 1154B in 0s
{"time":"2026-06-10T20:46:12.7608641+08:00","level":"INFO","msg":"starting mission.exe","component":"api","simulation_id":10,"path":"E:/AFsim/afsimweb-master/afsim-gateway/../AFSim/afsim-2.9.0-win64/bin/mission.exe","scenario":"scenarios\\东海沿海战役想定.scenario","mode":"realtime","args":["-rt","东海沿海战役想定.scenario"]}
2026/06/10 20:46:12 [DESKTOP-2269V6M/M1g0Pn02vs-000061] "POST http://localhost:8080/api/simulations HTTP/1.1" from [::1]:57945 - 201 155B in 1.568ms
{"time":"2026-06-10T20:46:12.7624321+08:00","level":"INFO","msg":"pipe not available, retrying","component":"api","simulation_id":10,"pipe":"events","path":"\\\\.\\pipe\\afsim_events","error":"CreateFile pipe: The system cannot find the file specified.","retry_in":2000000000}
{"time":"2026-06-10T20:46:12.7746828+08:00","level":"INFO","msg":"WebSocket connection request","component":"api","simulation_id":"10"}
2026/06/10 20:46:12 [DESKTOP-2269V6M/M1g0Pn02vs-000062] "GET http://localhost:8080/api/simulations/10/ws HTTP/1.1" from [::1]:57946 - 000 0B in 0s
{"time":"2026-06-10T20:46:12.9928144+08:00","level":"INFO","msg":"mission:\r","component":"api","simulation_id":10,"stream":"stdout"}
{"time":"2026-06-10T20:46:12.9934536+08:00","level":"INFO","msg":"    WSF Version: 2.9.0 02-25-2022\r","component":"api","simulation_id":10,"stream":"stdout"}
{"time":"2026-06-10T20:46:12.9934536+08:00","level":"INFO","msg":"    Built: Feb 25 2022 08:12:40\r","component":"api","simulation_id":10,"stream":"stdout"}
{"time":"2026-06-10T20:46:12.9934536+08:00","level":"INFO","msg":"Plugin API version info:\r","component":"api","simulation_id":10,"stream":"stdout"}
{"time":"2026-06-10T20:46:12.9934536+08:00","level":"INFO","msg":"    Version: 2.9\r","component":"api","simulation_id":10,"stream":"stdout"}
{"time":"2026-06-10T20:46:12.9934536+08:00","level":"INFO","msg":"    Compiler: win_1916_64bit_release-hwe\r","component":"api","simulation_id":10,"stream":"stdout"}
{"time":"2026-06-10T20:46:12.9934536+08:00","level":"INFO","msg":"Plugins Loaded:\r","component":"api","simulation_id":10,"stream":"stdout"}
{"time":"2026-06-10T20:46:12.9934536+08:00","level":"INFO","msg":"    wsf_alternate_locations.dll, wsf_coverage.dll, wsf_iads_c2.dll, wsf_prompt.dll, wsf_scenario_analyzer.dll, wsf_scenario_analyzer_iads_c2.dll, wsf_air_combat.dll, wsf_annotation.dll, wsf_argo8.dll, wsf_brawler.dll, wsf_event_gateway.dll, wsf_fires.dll, wsf_multiresolution.dll, wsf_oms_uci.dll, wsf_p6dof.dll, wsf_six_dof.dll, wsf_sosm.dll\r","component":"api","simulation_id":10,"stream":"stdout"}
{"time":"2026-06-10T20:46:12.9934536+08:00","level":"INFO","msg":"Extensions Included: \r","component":"api","simulation_id":10,"stream":"stdout"}
{"time":"2026-06-10T20:46:12.9934536+08:00","level":"INFO","msg":"    sensor_plot_lib, wsf_cyber, wsf_grammar_check, wsf_l16, wsf_mil, wsf_mil_parser, wsf_mtt, wsf_nx, wsf_parser, wsf_ripr, wsf_space, wsf_weapon_server, wsf_simdis\r","component":"api","simulation_id":10,"stream":"stdout"}
{"time":"2026-06-10T20:46:12.9934536+08:00","level":"INFO","msg":"\r","component":"api","simulation_id":10,"stream":"stdout"}
{"time":"2026-06-10T20:46:12.9934536+08:00","level":"INFO","msg":"Loading simulation input.\r","component":"api","simulation_id":10,"stream":"stdout"}
{"time":"2026-06-10T20:46:12.9934536+08:00","level":"INFO","msg":"Loading simulation input complete.\r","component":"api","simulation_id":10,"stream":"stdout"}
{"time":"2026-06-10T20:46:12.9934536+08:00","level":"INFO","msg":"    Elapsed Wall Clock Time: 0.0045957\r","component":"api","simulation_id":10,"stream":"stdout"}
{"time":"2026-06-10T20:46:12.9934536+08:00","level":"INFO","msg":"    Elapsed Processor Time : 0\r","component":"api","simulation_id":10,"stream":"stdout"}
{"time":"2026-06-10T20:46:12.9934536+08:00","level":"INFO","msg":"Initializing simulation.\r","component":"api","simulation_id":10,"stream":"stdout"}
{"time":"2026-06-10T20:46:12.9986917+08:00","level":"INFO","msg":"***** ERROR: wsf_event_gateway: Created pipe \\\\.\\pipe\\afsim_events successfully\r","component":"api","simulation_id":10,"stream":"stdout"}
{"time":"2026-06-10T20:46:12.9997716+08:00","level":"INFO","msg":"Initializing simulation complete.\r","component":"api","simulation_id":10,"stream":"stdout"}
{"time":"2026-06-10T20:46:12.9997716+08:00","level":"INFO","msg":"    Elapsed Wall Clock Time: 0.0064205\r","component":"api","simulation_id":10,"stream":"stdout"}
{"time":"2026-06-10T20:46:12.9997716+08:00","level":"INFO","msg":"    Elapsed Processor Time : 0.015625\r","component":"api","simulation_id":10,"stream":"stdout"}
{"time":"2026-06-10T20:46:12.9997716+08:00","level":"INFO","msg":"Starting simulation.\r","component":"api","simulation_id":10,"stream":"stdout"}
{"time":"2026-06-10T20:46:12.9997716+08:00","level":"INFO","msg":"T = 0\r","component":"api","simulation_id":10,"stream":"stdout"}
{"time":"2026-06-10T20:46:13.7594066+08:00","level":"INFO","msg":"***** WARNING: Undefined radar signature.\r","component":"api","simulation_id":10,"stream":"stdout"}
{"time":"2026-06-10T20:46:13.7594066+08:00","level":"INFO","msg":"    Platform: BlueCAP02\r","component":"api","simulation_id":10,"stream":"stdout"}
{"time":"2026-06-10T20:46:13.7594066+08:00","level":"INFO","msg":"    Platform Type: blue_adv_fighter_1\r","component":"api","simulation_id":10,"stream":"stdout"}
{"time":"2026-06-10T20:46:13.7594066+08:00","level":"INFO","msg":"    Using default.\r","component":"api","simulation_id":10,"stream":"stdout"}
{"time":"2026-06-10T20:46:14.5055577+08:00","level":"INFO","msg":"***** WARNING: Undefined radar signature.\r","component":"api","simulation_id":10,"stream":"stdout"}
{"time":"2026-06-10T20:46:14.5057745+08:00","level":"INFO","msg":"    Platform: BlueCAP01\r","component":"api","simulation_id":10,"stream":"stdout"}
{"time":"2026-06-10T20:46:14.5057745+08:00","level":"INFO","msg":"    Platform Type: blue_adv_fighter_1\r","component":"api","simulation_id":10,"stream":"stdout"}
{"time":"2026-06-10T20:46:14.5057745+08:00","level":"INFO","msg":"    Using default.\r","component":"api","simulation_id":10,"stream":"stdout"}
{"time":"2026-06-10T20:46:14.762909+08:00","level":"INFO","msg":"connected to named pipe","component":"api","simulation_id":10,"pipe":"events","path":"\\\\.\\pipe\\afsim_events","access":"read-only"}
{"time":"2026-06-10T20:46:14.762909+08:00","level":"INFO","msg":"connected to named pipe","component":"api","simulation_id":10,"pipe":"control","path":"\\\\.\\pipe\\afsim_control","access":"write-only"}
{"time":"2026-06-10T20:46:14.762909+08:00","level":"INFO","msg":"connected to both AFSIM pipes, starting event loop","component":"api","simulation_id":10}
{"time":"2026-06-10T20:46:23.0033618+08:00","level":"INFO","msg":"T = 10.000\r","component":"api","simulation_id":10,"stream":"stdout"}
{"time":"2026-06-10T20:46:33.0001908+08:00","level":"INFO","msg":"T = 20.000\r","component":"api","simulation_id":10,"stream":"stdout"}
{"time":"2026-06-10T20:46:43.0071331+08:00","level":"INFO","msg":"T = 30.000\r","component":"api","simulation_id":10,"stream":"stdout"}
{"time":"2026-06-10T20:46:53.0051422+08:00","level":"INFO","msg":"T = 40.000\r","component":"api","simulation_id":10,"stream":"stdout"}
{"time":"2026-06-10T20:47:03.0095328+08:00","level":"INFO","msg":"T = 50.000\r","component":"api","simulation_id":10,"stream":"stdout"}
{"time":"2026-06-10T20:47:13.0048266+08:00","level":"INFO","msg":"T = 60.000\r","component":"api","simulation_id":10,"stream":"stdout"}
{"time":"2026-06-10T20:47:22.9994097+08:00","level":"INFO","msg":"T = 70.000\r","component":"api","simulation_id":10,"stream":"stdout"}
{"time":"2026-06-10T20:47:32.9992462+08:00","level":"INFO","msg":"T = 80.000\r","component":"api","simulation_id":10,"stream":"stdout"}
{"time":"2026-06-10T20:47:43.0002196+08:00","level":"INFO","msg":"T = 90.000\r","component":"api","simulation_id":10,"stream":"stdout"}
{"time":"2026-06-10T20:47:53.0087455+08:00","level":"INFO","msg":"T = 100.000\r","component":"api","simulation_id":10,"stream":"stdout"}
{"time":"2026-06-10T20:48:03.0002185+08:00","level":"INFO","msg":"T = 110.000\r","component":"api","simulation_id":10,"stream":"stdout"}
{"time":"2026-06-10T20:48:13.0110468+08:00","level":"INFO","msg":"T = 120.000\r","component":"api","simulation_id":10,"stream":"stdout"}
{"time":"2026-06-10T20:48:23.0070744+08:00","level":"INFO","msg":"T = 130.000\r","component":"api","simulation_id":10,"stream":"stdout"}
{"time":"2026-06-10T20:48:28.8410087+08:00","level":"INFO","msg":"terminating mission.exe","component":"api","simulation_id":10}
{"time":"2026-06-10T20:48:28.8510157+08:00","level":"ERROR","msg":"failed to read from event pipe","component":"api","simulation_id":10,"error":"reading length prefix: The pipe has been ended."}
{"time":"2026-06-10T20:48:28.8510157+08:00","level":"ERROR","msg":"connector error","component":"api","simulation_id":10,"error":"event pipe read error: reading length prefix: The pipe has been ended."}
{"time":"2026-06-10T20:48:28.8558678+08:00","level":"INFO","msg":"mission.exe exited","component":"api","simulation_id":10,"error":"exit status 1"}
2026/06/10 20:48:28 [DESKTOP-2269V6M/M1g0Pn02vs-000063] "POST http://localhost:8080/api/simulations/10/terminate HTTP/1.1" from [::1]:58073 - 200 23B in 14.8591ms
2026/06/10 20:48:32 [DESKTOP-2269V6M/M1g0Pn02vs-000064] "GET http://localhost:8080/api/scenarios HTTP/1.1" from [::1]:58120 - 200 1154B in 0s
2026/06/10 20:48:32 [DESKTOP-2269V6M/M1g0Pn02vs-000065] "GET http://localhost:8080/api/scenarios HTTP/1.1" from [::1]:58121 - 200 1154B in 0s
{"time":"2026-06-10T20:48:37.9388256+08:00","level":"INFO","msg":"starting mission.exe","component":"api","simulation_id":11,"path":"E:/AFsim/afsimweb-master/afsim-gateway/../AFSim/afsim-2.9.0-win64/bin/mission.exe","scenario":"scenarios\\东海沿海战役想定.scenario","mode":"realtime","args":["-rt","东海沿海战役想定.scenario"]}
2026/06/10 20:48:37 [DESKTOP-2269V6M/M1g0Pn02vs-000066] "POST http://localhost:8080/api/simulations HTTP/1.1" from [::1]:58142 - 201 155B in 1.5874ms
{"time":"2026-06-10T20:48:37.9409182+08:00","level":"INFO","msg":"pipe not available, retrying","component":"api","simulation_id":11,"pipe":"events","path":"\\\\.\\pipe\\afsim_events","error":"CreateFile pipe: The system cannot find the file specified.","retry_in":2000000000}
{"time":"2026-06-10T20:48:37.9528496+08:00","level":"INFO","msg":"WebSocket connection request","component":"api","simulation_id":"11"}
2026/06/10 20:48:37 [DESKTOP-2269V6M/M1g0Pn02vs-000067] "GET http://localhost:8080/api/simulations/11/ws HTTP/1.1" from [::1]:58143 - 000 0B in 0s
{"time":"2026-06-10T20:48:38.0714865+08:00","level":"INFO","msg":"mission:\r","component":"api","simulation_id":11,"stream":"stdout"}
{"time":"2026-06-10T20:48:38.0714865+08:00","level":"INFO","msg":"    WSF Version: 2.9.0 02-25-2022\r","component":"api","simulation_id":11,"stream":"stdout"}
{"time":"2026-06-10T20:48:38.0714865+08:00","level":"INFO","msg":"    Built: Feb 25 2022 08:12:40\r","component":"api","simulation_id":11,"stream":"stdout"}
{"time":"2026-06-10T20:48:38.0714865+08:00","level":"INFO","msg":"Plugin API version info:\r","component":"api","simulation_id":11,"stream":"stdout"}
{"time":"2026-06-10T20:48:38.0714865+08:00","level":"INFO","msg":"    Version: 2.9\r","component":"api","simulation_id":11,"stream":"stdout"}
{"time":"2026-06-10T20:48:38.0714865+08:00","level":"INFO","msg":"    Compiler: win_1916_64bit_release-hwe\r","component":"api","simulation_id":11,"stream":"stdout"}
{"time":"2026-06-10T20:48:38.0714865+08:00","level":"INFO","msg":"Plugins Loaded:\r","component":"api","simulation_id":11,"stream":"stdout"}
{"time":"2026-06-10T20:48:38.0714865+08:00","level":"INFO","msg":"    wsf_alternate_locations.dll, wsf_coverage.dll, wsf_iads_c2.dll, wsf_prompt.dll, wsf_scenario_analyzer.dll, wsf_scenario_analyzer_iads_c2.dll, wsf_air_combat.dll, wsf_annotation.dll, wsf_argo8.dll, wsf_brawler.dll, wsf_event_gateway.dll, wsf_fires.dll, wsf_multiresolution.dll, wsf_oms_uci.dll, wsf_p6dof.dll, wsf_six_dof.dll, wsf_sosm.dll\r","component":"api","simulation_id":11,"stream":"stdout"}
{"time":"2026-06-10T20:48:38.0714865+08:00","level":"INFO","msg":"Extensions Included: \r","component":"api","simulation_id":11,"stream":"stdout"}
{"time":"2026-06-10T20:48:38.0714865+08:00","level":"INFO","msg":"    sensor_plot_lib, wsf_cyber, wsf_grammar_check, wsf_l16, wsf_mil, wsf_mil_parser, wsf_mtt, wsf_nx, wsf_parser, wsf_ripr, wsf_space, wsf_weapon_server, wsf_simdis\r","component":"api","simulation_id":11,"stream":"stdout"}
{"time":"2026-06-10T20:48:38.0714865+08:00","level":"INFO","msg":"\r","component":"api","simulation_id":11,"stream":"stdout"}
{"time":"2026-06-10T20:48:38.0714865+08:00","level":"INFO","msg":"Loading simulation input.\r","component":"api","simulation_id":11,"stream":"stdout"}
{"time":"2026-06-10T20:48:38.0714865+08:00","level":"INFO","msg":"Loading simulation input complete.\r","component":"api","simulation_id":11,"stream":"stdout"}
{"time":"2026-06-10T20:48:38.0714865+08:00","level":"INFO","msg":"    Elapsed Wall Clock Time: 0.0048905\r","component":"api","simulation_id":11,"stream":"stdout"}
{"time":"2026-06-10T20:48:38.0714865+08:00","level":"INFO","msg":"    Elapsed Processor Time : 0\r","component":"api","simulation_id":11,"stream":"stdout"}
{"time":"2026-06-10T20:48:38.0714865+08:00","level":"INFO","msg":"Initializing simulation.\r","component":"api","simulation_id":11,"stream":"stdout"}
{"time":"2026-06-10T20:48:38.0767494+08:00","level":"INFO","msg":"***** ERROR: wsf_event_gateway: Created pipe \\\\.\\pipe\\afsim_events successfully\r","component":"api","simulation_id":11,"stream":"stdout"}
{"time":"2026-06-10T20:48:38.0777871+08:00","level":"INFO","msg":"Initializing simulation complete.\r","component":"api","simulation_id":11,"stream":"stdout"}
{"time":"2026-06-10T20:48:38.0777871+08:00","level":"INFO","msg":"    Elapsed Wall Clock Time: 0.0065472\r","component":"api","simulation_id":11,"stream":"stdout"}
{"time":"2026-06-10T20:48:38.0777871+08:00","level":"INFO","msg":"    Elapsed Processor Time : 0.015625\r","component":"api","simulation_id":11,"stream":"stdout"}
{"time":"2026-06-10T20:48:38.0777871+08:00","level":"INFO","msg":"Starting simulation.\r","component":"api","simulation_id":11,"stream":"stdout"}
{"time":"2026-06-10T20:48:38.0777871+08:00","level":"INFO","msg":"T = 0\r","component":"api","simulation_id":11,"stream":"stdout"}
{"time":"2026-06-10T20:48:38.8340046+08:00","level":"INFO","msg":"***** WARNING: Undefined radar signature.\r","component":"api","simulation_id":11,"stream":"stdout"}
{"time":"2026-06-10T20:48:38.8340046+08:00","level":"INFO","msg":"    Platform: BlueCAP02\r","component":"api","simulation_id":11,"stream":"stdout"}
{"time":"2026-06-10T20:48:38.8340046+08:00","level":"INFO","msg":"    Platform Type: blue_adv_fighter_1\r","component":"api","simulation_id":11,"stream":"stdout"}
{"time":"2026-06-10T20:48:38.8340046+08:00","level":"INFO","msg":"    Using default.\r","component":"api","simulation_id":11,"stream":"stdout"}
{"time":"2026-06-10T20:48:39.5852336+08:00","level":"INFO","msg":"***** WARNING: Undefined radar signature.\r","component":"api","simulation_id":11,"stream":"stdout"}
{"time":"2026-06-10T20:48:39.5854838+08:00","level":"INFO","msg":"    Platform: BlueCAP01\r","component":"api","simulation_id":11,"stream":"stdout"}
{"time":"2026-06-10T20:48:39.5854838+08:00","level":"INFO","msg":"    Platform Type: blue_adv_fighter_1\r","component":"api","simulation_id":11,"stream":"stdout"}
{"time":"2026-06-10T20:48:39.5854838+08:00","level":"INFO","msg":"    Using default.\r","component":"api","simulation_id":11,"stream":"stdout"}
{"time":"2026-06-10T20:48:39.9420549+08:00","level":"INFO","msg":"connected to named pipe","component":"api","simulation_id":11,"pipe":"events","path":"\\\\.\\pipe\\afsim_events","access":"read-only"}
{"time":"2026-06-10T20:48:39.9420549+08:00","level":"INFO","msg":"connected to named pipe","component":"api","simulation_id":11,"pipe":"control","path":"\\\\.\\pipe\\afsim_control","access":"write-only"}
{"time":"2026-06-10T20:48:39.9420549+08:00","level":"INFO","msg":"connected to both AFSIM pipes, starting event loop","component":"api","simulation_id":11}
{"time":"2026-06-10T20:48:48.0782636+08:00","level":"INFO","msg":"T = 10.000\r","component":"api","simulation_id":11,"stream":"stdout"}
{"time":"2026-06-10T20:48:58.0863116+08:00","level":"INFO","msg":"T = 20.000\r","component":"api","simulation_id":11,"stream":"stdout"}
{"time":"2026-06-10T20:49:08.0784285+08:00","level":"INFO","msg":"T = 30.000\r","component":"api","simulation_id":11,"stream":"stdout"}
{"time":"2026-06-10T20:49:18.0814403+08:00","level":"INFO","msg":"T = 40.000\r","component":"api","simulation_id":11,"stream":"stdout"}
{"time":"2026-06-10T20:49:28.087367+08:00","level":"INFO","msg":"T = 50.000\r","component":"api","simulation_id":11,"stream":"stdout"}
{"time":"2026-06-10T20:49:38.0776734+08:00","level":"INFO","msg":"T = 60.000\r","component":"api","simulation_id":11,"stream":"stdout"}
{"time":"2026-06-10T20:49:38.3459333+08:00","level":"INFO","msg":"terminating mission.exe","component":"api","simulation_id":11}
{"time":"2026-06-10T20:49:38.3556552+08:00","level":"ERROR","msg":"failed to read from event pipe","component":"api","simulation_id":11,"error":"reading length prefix: The pipe has been ended."}
{"time":"2026-06-10T20:49:38.3556552+08:00","level":"ERROR","msg":"connector error","component":"api","simulation_id":11,"error":"event pipe read error: reading length prefix: The pipe has been ended."}
{"time":"2026-06-10T20:49:38.3605544+08:00","level":"INFO","msg":"mission.exe exited","component":"api","simulation_id":11,"error":"exit status 1"}
2026/06/10 20:49:38 [DESKTOP-2269V6M/M1g0Pn02vs-000068] "POST http://localhost:8080/api/simulations/11/terminate HTTP/1.1" from [::1]:58179 - 200 23B in 14.6211ms
2026/06/10 20:49:42 [DESKTOP-2269V6M/M1g0Pn02vs-000069] "GET http://localhost:8080/api/scenarios HTTP/1.1" from [::1]:58231 - 200 1154B in 0s
2026/06/10 20:49:42 [DESKTOP-2269V6M/M1g0Pn02vs-000070] "GET http://localhost:8080/api/scenarios HTTP/1.1" from [::1]:58232 - 200 1154B in 0s
{"time":"2026-06-10T20:49:47.4582225+08:00","level":"INFO","msg":"starting mission.exe","component":"api","simulation_id":12,"path":"E:/AFsim/afsimweb-master/afsim-gateway/../AFSim/afsim-2.9.0-win64/bin/mission.exe","scenario":"scenarios\\东海沿海战役想定.scenario","mode":"realtime","args":["-rt","东海沿海战役想定.scenario"]}
{"time":"2026-06-10T20:49:47.4604578+08:00","level":"INFO","msg":"pipe not available, retrying","component":"api","simulation_id":12,"pipe":"events","path":"\\\\.\\pipe\\afsim_events","error":"CreateFile pipe: The system cannot find the file specified.","retry_in":2000000000}
2026/06/10 20:49:47 [DESKTOP-2269V6M/M1g0Pn02vs-000071] "POST http://localhost:8080/api/simulations HTTP/1.1" from [::1]:58261 - 201 155B in 2.2353ms
{"time":"2026-06-10T20:49:47.4723817+08:00","level":"INFO","msg":"WebSocket connection request","component":"api","simulation_id":"12"}
2026/06/10 20:49:47 [DESKTOP-2269V6M/M1g0Pn02vs-000072] "GET http://localhost:8080/api/simulations/12/ws HTTP/1.1" from [::1]:58262 - 000 0B in 0s
{"time":"2026-06-10T20:49:47.5928101+08:00","level":"INFO","msg":"mission:\r","component":"api","simulation_id":12,"stream":"stdout"}
{"time":"2026-06-10T20:49:47.5936495+08:00","level":"INFO","msg":"    WSF Version: 2.9.0 02-25-2022\r","component":"api","simulation_id":12,"stream":"stdout"}
{"time":"2026-06-10T20:49:47.5936495+08:00","level":"INFO","msg":"    Built: Feb 25 2022 08:12:40\r","component":"api","simulation_id":12,"stream":"stdout"}
{"time":"2026-06-10T20:49:47.5936495+08:00","level":"INFO","msg":"Plugin API version info:\r","component":"api","simulation_id":12,"stream":"stdout"}
{"time":"2026-06-10T20:49:47.5936495+08:00","level":"INFO","msg":"    Version: 2.9\r","component":"api","simulation_id":12,"stream":"stdout"}
{"time":"2026-06-10T20:49:47.5936495+08:00","level":"INFO","msg":"    Compiler: win_1916_64bit_release-hwe\r","component":"api","simulation_id":12,"stream":"stdout"}
{"time":"2026-06-10T20:49:47.5936495+08:00","level":"INFO","msg":"Plugins Loaded:\r","component":"api","simulation_id":12,"stream":"stdout"}
{"time":"2026-06-10T20:49:47.5936495+08:00","level":"INFO","msg":"    wsf_alternate_locations.dll, wsf_coverage.dll, wsf_iads_c2.dll, wsf_prompt.dll, wsf_scenario_analyzer.dll, wsf_scenario_analyzer_iads_c2.dll, wsf_air_combat.dll, wsf_annotation.dll, wsf_argo8.dll, wsf_brawler.dll, wsf_event_gateway.dll, wsf_fires.dll, wsf_multiresolution.dll, wsf_oms_uci.dll, wsf_p6dof.dll, wsf_six_dof.dll, wsf_sosm.dll\r","component":"api","simulation_id":12,"stream":"stdout"}
{"time":"2026-06-10T20:49:47.5936495+08:00","level":"INFO","msg":"Extensions Included: \r","component":"api","simulation_id":12,"stream":"stdout"}
{"time":"2026-06-10T20:49:47.5936495+08:00","level":"INFO","msg":"    sensor_plot_lib, wsf_cyber, wsf_grammar_check, wsf_l16, wsf_mil, wsf_mil_parser, wsf_mtt, wsf_nx, wsf_parser, wsf_ripr, wsf_space, wsf_weapon_server, wsf_simdis\r","component":"api","simulation_id":12,"stream":"stdout"}
{"time":"2026-06-10T20:49:47.5936495+08:00","level":"INFO","msg":"\r","component":"api","simulation_id":12,"stream":"stdout"}
{"time":"2026-06-10T20:49:47.5936495+08:00","level":"INFO","msg":"Loading simulation input.\r","component":"api","simulation_id":12,"stream":"stdout"}
{"time":"2026-06-10T20:49:47.5936495+08:00","level":"INFO","msg":"Loading simulation input complete.\r","component":"api","simulation_id":12,"stream":"stdout"}
{"time":"2026-06-10T20:49:47.5936495+08:00","level":"INFO","msg":"    Elapsed Wall Clock Time: 0.0045403\r","component":"api","simulation_id":12,"stream":"stdout"}
{"time":"2026-06-10T20:49:47.5936495+08:00","level":"INFO","msg":"    Elapsed Processor Time : 0.015625\r","component":"api","simulation_id":12,"stream":"stdout"}
{"time":"2026-06-10T20:49:47.5936495+08:00","level":"INFO","msg":"Initializing simulation.\r","component":"api","simulation_id":12,"stream":"stdout"}
{"time":"2026-06-10T20:49:47.5989222+08:00","level":"INFO","msg":"***** ERROR: wsf_event_gateway: Created pipe \\\\.\\pipe\\afsim_events successfully\r","component":"api","simulation_id":12,"stream":"stdout"}
{"time":"2026-06-10T20:49:47.6004979+08:00","level":"INFO","msg":"Initializing simulation complete.\r","component":"api","simulation_id":12,"stream":"stdout"}
{"time":"2026-06-10T20:49:47.6004979+08:00","level":"INFO","msg":"    Elapsed Wall Clock Time: 0.0067977\r","component":"api","simulation_id":12,"stream":"stdout"}
{"time":"2026-06-10T20:49:47.6004979+08:00","level":"INFO","msg":"    Elapsed Processor Time : 0\r","component":"api","simulation_id":12,"stream":"stdout"}
{"time":"2026-06-10T20:49:47.6004979+08:00","level":"INFO","msg":"Starting simulation.\r","component":"api","simulation_id":12,"stream":"stdout"}
{"time":"2026-06-10T20:49:47.6004979+08:00","level":"INFO","msg":"T = 0\r","component":"api","simulation_id":12,"stream":"stdout"}
{"time":"2026-06-10T20:49:48.357791+08:00","level":"INFO","msg":"***** WARNING: Undefined radar signature.\r","component":"api","simulation_id":12,"stream":"stdout"}
{"time":"2026-06-10T20:49:48.3580272+08:00","level":"INFO","msg":"    Platform: BlueCAP02\r","component":"api","simulation_id":12,"stream":"stdout"}
{"time":"2026-06-10T20:49:48.3580272+08:00","level":"INFO","msg":"    Platform Type: blue_adv_fighter_1\r","component":"api","simulation_id":12,"stream":"stdout"}
{"time":"2026-06-10T20:49:48.3580272+08:00","level":"INFO","msg":"    Using default.\r","component":"api","simulation_id":12,"stream":"stdout"}
{"time":"2026-06-10T20:49:49.1075943+08:00","level":"INFO","msg":"***** WARNING: Undefined radar signature.\r","component":"api","simulation_id":12,"stream":"stdout"}
{"time":"2026-06-10T20:49:49.1075943+08:00","level":"INFO","msg":"    Platform: BlueCAP01\r","component":"api","simulation_id":12,"stream":"stdout"}
{"time":"2026-06-10T20:49:49.1075943+08:00","level":"INFO","msg":"    Platform Type: blue_adv_fighter_1\r","component":"api","simulation_id":12,"stream":"stdout"}
{"time":"2026-06-10T20:49:49.1075943+08:00","level":"INFO","msg":"    Using default.\r","component":"api","simulation_id":12,"stream":"stdout"}
{"time":"2026-06-10T20:49:49.4607463+08:00","level":"INFO","msg":"connected to named pipe","component":"api","simulation_id":12,"pipe":"events","path":"\\\\.\\pipe\\afsim_events","access":"read-only"}
{"time":"2026-06-10T20:49:49.4607463+08:00","level":"INFO","msg":"connected to named pipe","component":"api","simulation_id":12,"pipe":"control","path":"\\\\.\\pipe\\afsim_control","access":"write-only"}
{"time":"2026-06-10T20:49:49.4607463+08:00","level":"INFO","msg":"connected to both AFSIM pipes, starting event loop","component":"api","simulation_id":12}
{"time":"2026-06-10T20:49:57.6059747+08:00","level":"INFO","msg":"T = 10.000\r","component":"api","simulation_id":12,"stream":"stdout"}
{"time":"2026-06-10T20:50:07.6107457+08:00","level":"INFO","msg":"T = 20.000\r","component":"api","simulation_id":12,"stream":"stdout"}
{"time":"2026-06-10T20:50:17.6110176+08:00","level":"INFO","msg":"T = 30.000\r","component":"api","simulation_id":12,"stream":"stdout"}
{"time":"2026-06-10T20:50:27.6003427+08:00","level":"INFO","msg":"T = 40.000\r","component":"api","simulation_id":12,"stream":"stdout"}
{"time":"2026-06-10T20:50:37.600724+08:00","level":"INFO","msg":"T = 50.000\r","component":"api","simulation_id":12,"stream":"stdout"}
{"time":"2026-06-10T20:50:47.605653+08:00","level":"INFO","msg":"T = 60.000\r","component":"api","simulation_id":12,"stream":"stdout"}
{"time":"2026-06-10T20:50:55.1666656+08:00","level":"INFO","msg":"terminating mission.exe","component":"api","simulation_id":12}
{"time":"2026-06-10T20:50:55.1674192+08:00","level":"ERROR","msg":"failed to read from event pipe","component":"api","simulation_id":12,"error":"reading length prefix: The pipe has been ended."}
{"time":"2026-06-10T20:50:55.1674192+08:00","level":"ERROR","msg":"connector error","component":"api","simulation_id":12,"error":"event pipe read error: reading length prefix: The pipe has been ended."}
{"time":"2026-06-10T20:50:55.1814493+08:00","level":"INFO","msg":"mission.exe exited","component":"api","simulation_id":12,"error":"exit status 1"}
2026/06/10 20:50:55 [DESKTOP-2269V6M/M1g0Pn02vs-000073] "POST http://localhost:8080/api/simulations/12/terminate HTTP/1.1" from [::1]:58320 - 200 23B in 14.7837ms
2026/06/10 20:58:13 [DESKTOP-2269V6M/M1g0Pn02vs-000074] "GET http://localhost:8080/api/scenarios HTTP/1.1" from [::1]:58622 - 200 1154B in 0s
{"time":"2026-06-10T21:04:19.2619807+08:00","level":"INFO","msg":"uploaded scenario","component":"api","filename":"东海沿海战役想定.scenario","size":4750}
2026/06/10 21:04:19 [DESKTOP-2269V6M/M1g0Pn02vs-000075] "POST http://localhost:8080/api/scenarios HTTP/1.1" from [::1]:58855 - 201 168B in 526.7µs
{"time":"2026-06-10T21:04:19.2748551+08:00","level":"INFO","msg":"starting mission.exe","component":"api","simulation_id":13,"path":"E:/AFsim/afsimweb-master/afsim-gateway/../AFSim/afsim-2.9.0-win64/bin/mission.exe","scenario":"scenarios\\东海沿海战役想定.scenario","mode":"realtime","args":["-rt","东海沿海战役想定.scenario"]}
2026/06/10 21:04:19 [DESKTOP-2269V6M/M1g0Pn02vs-000076] "POST http://localhost:8080/api/simulations HTTP/1.1" from [::1]:58857 - 201 155B in 1.6004ms
{"time":"2026-06-10T21:04:19.2764555+08:00","level":"INFO","msg":"pipe not available, retrying","component":"api","simulation_id":13,"pipe":"events","path":"\\\\.\\pipe\\afsim_events","error":"CreateFile pipe: The system cannot find the file specified.","retry_in":2000000000}
{"time":"2026-06-10T21:04:19.2789996+08:00","level":"INFO","msg":"WebSocket connection request","component":"api","simulation_id":"13"}
2026/06/10 21:04:19 [DESKTOP-2269V6M/M1g0Pn02vs-000077] "GET http://localhost:8080/api/simulations/13/ws HTTP/1.1" from [::1]:58858 - 000 0B in 0s
2026/06/10 21:04:19 [DESKTOP-2269V6M/M1g0Pn02vs-000078] "GET http://localhost:8080/api/scenarios HTTP/1.1" from [::1]:58865 - 200 1154B in 0s
2026/06/10 21:04:19 [DESKTOP-2269V6M/M1g0Pn02vs-000079] "GET http://localhost:8080/api/scenarios HTTP/1.1" from [::1]:58866 - 200 1154B in 0s
{"time":"2026-06-10T21:04:19.5591277+08:00","level":"INFO","msg":"mission:\r","component":"api","simulation_id":13,"stream":"stdout"}
{"time":"2026-06-10T21:04:19.5592385+08:00","level":"INFO","msg":"    WSF Version: 2.9.0 02-25-2022\r","component":"api","simulation_id":13,"stream":"stdout"}
{"time":"2026-06-10T21:04:19.5592385+08:00","level":"INFO","msg":"    Built: Feb 25 2022 08:12:40\r","component":"api","simulation_id":13,"stream":"stdout"}
{"time":"2026-06-10T21:04:19.5592385+08:00","level":"INFO","msg":"Plugin API version info:\r","component":"api","simulation_id":13,"stream":"stdout"}
{"time":"2026-06-10T21:04:19.5592385+08:00","level":"INFO","msg":"    Version: 2.9\r","component":"api","simulation_id":13,"stream":"stdout"}
{"time":"2026-06-10T21:04:19.5592385+08:00","level":"INFO","msg":"    Compiler: win_1916_64bit_release-hwe\r","component":"api","simulation_id":13,"stream":"stdout"}
{"time":"2026-06-10T21:04:19.5592385+08:00","level":"INFO","msg":"Plugins Loaded:\r","component":"api","simulation_id":13,"stream":"stdout"}
{"time":"2026-06-10T21:04:19.5592385+08:00","level":"INFO","msg":"    wsf_alternate_locations.dll, wsf_coverage.dll, wsf_iads_c2.dll, wsf_prompt.dll, wsf_scenario_analyzer.dll, wsf_scenario_analyzer_iads_c2.dll, wsf_air_combat.dll, wsf_annotation.dll, wsf_argo8.dll, wsf_brawler.dll, wsf_event_gateway.dll, wsf_fires.dll, wsf_multiresolution.dll, wsf_oms_uci.dll, wsf_p6dof.dll, wsf_six_dof.dll, wsf_sosm.dll\r","component":"api","simulation_id":13,"stream":"stdout"}
{"time":"2026-06-10T21:04:19.5592385+08:00","level":"INFO","msg":"Extensions Included: \r","component":"api","simulation_id":13,"stream":"stdout"}
{"time":"2026-06-10T21:04:19.5592385+08:00","level":"INFO","msg":"    sensor_plot_lib, wsf_cyber, wsf_grammar_check, wsf_l16, wsf_mil, wsf_mil_parser, wsf_mtt, wsf_nx, wsf_parser, wsf_ripr, wsf_space, wsf_weapon_server, wsf_simdis\r","component":"api","simulation_id":13,"stream":"stdout"}
{"time":"2026-06-10T21:04:19.5592385+08:00","level":"INFO","msg":"\r","component":"api","simulation_id":13,"stream":"stdout"}
{"time":"2026-06-10T21:04:19.5592385+08:00","level":"INFO","msg":"Loading simulation input.\r","component":"api","simulation_id":13,"stream":"stdout"}
{"time":"2026-06-10T21:04:19.5592385+08:00","level":"INFO","msg":"\r","component":"api","simulation_id":13,"stream":"stdout"}
{"time":"2026-06-10T21:04:19.5592385+08:00","level":"INFO","msg":"Loading simulation input complete.\r","component":"api","simulation_id":13,"stream":"stdout"}
{"time":"2026-06-10T21:04:19.5592385+08:00","level":"INFO","msg":"    Elapsed Wall Clock Time: 0.154741\r","component":"api","simulation_id":13,"stream":"stdout"}
{"time":"2026-06-10T21:04:19.5592385+08:00","level":"INFO","msg":"    Elapsed Processor Time : 0.0625\r","component":"api","simulation_id":13,"stream":"stdout"}
{"time":"2026-06-10T21:04:19.5592385+08:00","level":"INFO","msg":"***** FATAL: Could not process input files.\r","component":"api","simulation_id":13,"stream":"stdout"}
{"time":"2026-06-10T21:04:19.5592385+08:00","level":"INFO","msg":"    ***** ERROR: Cannot open file: ../signatures/blue_multirole_fighter_3_radar_signature.txt\r","component":"api","simulation_id":13,"stream":"stdout"}
{"time":"2026-06-10T21:04:19.5592385+08:00","level":"INFO","msg":"Reading of simulation input failed\r","component":"api","simulation_id":13,"stream":"stdout"}
{"time":"2026-06-10T21:04:19.5734641+08:00","level":"ERROR","msg":"mission.exe exited with error","component":"api","simulation_id":13,"error":"exit status 1"}
{"time":"2026-06-10T21:04:21.276713+08:00","level":"INFO","msg":"pipe not available, retrying","component":"api","simulation_id":13,"pipe":"events","path":"\\\\.\\pipe\\afsim_events","error":"CreateFile pipe: The system cannot find the file specified.","retry_in":2000000000}
{"time":"2026-06-10T21:04:23.2770784+08:00","level":"INFO","msg":"pipe not available, retrying","component":"api","simulation_id":13,"pipe":"events","path":"\\\\.\\pipe\\afsim_events","error":"CreateFile pipe: The system cannot find the file specified.","retry_in":2000000000}
{"time":"2026-06-10T21:04:25.2776132+08:00","level":"INFO","msg":"pipe not available, retrying","component":"api","simulation_id":13,"pipe":"events","path":"\\\\.\\pipe\\afsim_events","error":"CreateFile pipe: The system cannot find the file specified.","retry_in":2000000000}
{"time":"2026-06-10T21:04:27.2784398+08:00","level":"INFO","msg":"pipe not available, retrying","component":"api","simulation_id":13,"pipe":"events","path":"\\\\.\\pipe\\afsim_events","error":"CreateFile pipe: The system cannot find the file specified.","retry_in":2000000000}
{"time":"2026-06-10T21:04:29.2793046+08:00","level":"INFO","msg":"pipe not available, retrying","component":"api","simulation_id":13,"pipe":"events","path":"\\\\.\\pipe\\afsim_events","error":"CreateFile pipe: The system cannot find the file specified.","retry_in":2000000000}
{"time":"2026-06-10T21:04:31.2797614+08:00","level":"INFO","msg":"pipe not available, retrying","component":"api","simulation_id":13,"pipe":"events","path":"\\\\.\\pipe\\afsim_events","error":"CreateFile pipe: The system cannot find the file specified.","retry_in":2000000000}
{"time":"2026-06-10T21:04:33.2808718+08:00","level":"INFO","msg":"pipe not available, retrying","component":"api","simulation_id":13,"pipe":"events","path":"\\\\.\\pipe\\afsim_events","error":"CreateFile pipe: The system cannot find the file specified.","retry_in":2000000000}
{"time":"2026-06-10T21:04:35.2817472+08:00","level":"INFO","msg":"pipe not available, retrying","component":"api","simulation_id":13,"pipe":"events","path":"\\\\.\\pipe\\afsim_events","error":"CreateFile pipe: The system cannot find the file specified.","retry_in":2000000000}
{"time":"2026-06-10T21:04:37.28215+08:00","level":"INFO","msg":"pipe not available, retrying","component":"api","simulation_id":13,"pipe":"events","path":"\\\\.\\pipe\\afsim_events","error":"CreateFile pipe: The system cannot find the file specified.","retry_in":2000000000}
{"time":"2026-06-10T21:04:39.2830405+08:00","level":"INFO","msg":"pipe not available, retrying","component":"api","simulation_id":13,"pipe":"events","path":"\\\\.\\pipe\\afsim_events","error":"CreateFile pipe: The system cannot find the file specified.","retry_in":2000000000}
{"time":"2026-06-10T21:04:41.2832415+08:00","level":"INFO","msg":"pipe not available, retrying","component":"api","simulation_id":13,"pipe":"events","path":"\\\\.\\pipe\\afsim_events","error":"CreateFile pipe: The system cannot find the file specified.","retry_in":2000000000}
{"time":"2026-06-10T21:04:43.2842826+08:00","level":"INFO","msg":"pipe not available, retrying","component":"api","simulation_id":13,"pipe":"events","path":"\\\\.\\pipe\\afsim_events","error":"CreateFile pipe: The system cannot find the file specified.","retry_in":2000000000}
{"time":"2026-06-10T21:04:45.2847693+08:00","level":"INFO","msg":"pipe not available, retrying","component":"api","simulation_id":13,"pipe":"events","path":"\\\\.\\pipe\\afsim_events","error":"CreateFile pipe: The system cannot find the file specified.","retry_in":2000000000}
2026/06/10 21:04:46 [DESKTOP-2269V6M/M1g0Pn02vs-000080] "GET http://localhost:8080/api/simulations/13 HTTP/1.1" from [::1]:58918 - 200 156B in 0s
2026/06/10 21:04:46 [DESKTOP-2269V6M/M1g0Pn02vs-000081] "GET http://localhost:8080/api/simulations HTTP/1.1" from [::1]:58919 - 405 0B in 0s
{"time":"2026-06-10T21:04:47.2849716+08:00","level":"INFO","msg":"pipe not available, retrying","component":"api","simulation_id":13,"pipe":"events","path":"\\\\.\\pipe\\afsim_events","error":"CreateFile pipe: The system cannot find the file specified.","retry_in":2000000000}
{"time":"2026-06-10T21:04:49.2856267+08:00","level":"INFO","msg":"pipe not available, retrying","component":"api","simulation_id":13,"pipe":"events","path":"\\\\.\\pipe\\afsim_events","error":"CreateFile pipe: The system cannot find the file specified.","retry_in":2000000000}
{"time":"2026-06-10T21:04:51.2864731+08:00","level":"INFO","msg":"pipe not available, retrying","component":"api","simulation_id":13,"pipe":"events","path":"\\\\.\\pipe\\afsim_events","error":"CreateFile pipe: The system cannot find the file specified.","retry_in":2000000000}
{"time":"2026-06-10T21:04:53.2872746+08:00","level":"INFO","msg":"pipe not available, retrying","component":"api","simulation_id":13,"pipe":"events","path":"\\\\.\\pipe\\afsim_events","error":"CreateFile pipe: The system cannot find the file specified.","retry_in":2000000000}
{"time":"2026-06-10T21:04:55.2881324+08:00","level":"INFO","msg":"pipe not available, retrying","component":"api","simulation_id":13,"pipe":"events","path":"\\\\.\\pipe\\afsim_events","error":"CreateFile pipe: The system cannot find the file specified.","retry_in":2000000000}
{"time":"2026-06-10T21:04:57.2888449+08:00","level":"INFO","msg":"pipe not available, retrying","component":"api","simulation_id":13,"pipe":"events","path":"\\\\.\\pipe\\afsim_events","error":"CreateFile pipe: The system cannot find the file specified.","retry_in":2000000000}
{"time":"2026-06-10T21:04:59.2894275+08:00","level":"INFO","msg":"pipe not available, retrying","component":"api","simulation_id":13,"pipe":"events","path":"\\\\.\\pipe\\afsim_events","error":"CreateFile pipe: The system cannot find the file specified.","retry_in":2000000000}
{"time":"2026-06-10T21:05:01.2903044+08:00","level":"INFO","msg":"pipe not available, retrying","component":"api","simulation_id":13,"pipe":"events","path":"\\\\.\\pipe\\afsim_events","error":"CreateFile pipe: The system cannot find the file specified.","retry_in":2000000000}
{"time":"2026-06-10T21:05:03.2904999+08:00","level":"INFO","msg":"pipe not available, retrying","component":"api","simulation_id":13,"pipe":"events","path":"\\\\.\\pipe\\afsim_events","error":"CreateFile pipe: The system cannot find the file specified.","retry_in":2000000000}
{"time":"2026-06-10T21:05:05.2914749+08:00","level":"INFO","msg":"pipe not available, retrying","component":"api","simulation_id":13,"pipe":"events","path":"\\\\.\\pipe\\afsim_events","error":"CreateFile pipe: The system cannot find the file specified.","retry_in":2000000000}
{"time":"2026-06-10T21:05:07.2922252+08:00","level":"INFO","msg":"pipe not available, retrying","component":"api","simulation_id":13,"pipe":"events","path":"\\\\.\\pipe\\afsim_events","error":"CreateFile pipe: The system cannot find the file specified.","retry_in":2000000000}
{"time":"2026-06-10T21:05:09.2931435+08:00","level":"INFO","msg":"pipe not available, retrying","component":"api","simulation_id":13,"pipe":"events","path":"\\\\.\\pipe\\afsim_events","error":"CreateFile pipe: The system cannot find the file specified.","retry_in":2000000000}
{"time":"2026-06-10T21:05:11.2936266+08:00","level":"INFO","msg":"pipe not available, retrying","component":"api","simulation_id":13,"pipe":"events","path":"\\\\.\\pipe\\afsim_events","error":"CreateFile pipe: The system cannot find the file specified.","retry_in":2000000000}
{"time":"2026-06-10T21:05:13.2942083+08:00","level":"INFO","msg":"pipe not available, retrying","component":"api","simulation_id":13,"pipe":"events","path":"\\\\.\\pipe\\afsim_events","error":"CreateFile pipe: The system cannot find the file specified.","retry_in":2000000000}
{"time":"2026-06-10T21:05:15.2948746+08:00","level":"INFO","msg":"pipe not available, retrying","component":"api","simulation_id":13,"pipe":"events","path":"\\\\.\\pipe\\afsim_events","error":"CreateFile pipe: The system cannot find the file specified.","retry_in":2000000000}
{"time":"2026-06-10T21:05:17.2952693+08:00","level":"INFO","msg":"pipe not available, retrying","component":"api","simulation_id":13,"pipe":"events","path":"\\\\.\\pipe\\afsim_events","error":"CreateFile pipe: The system cannot find the file specified.","retry_in":2000000000}
{"time":"2026-06-10T21:05:19.2959117+08:00","level":"INFO","msg":"pipe not available, retrying","component":"api","simulation_id":13,"pipe":"events","path":"\\\\.\\pipe\\afsim_events","error":"CreateFile pipe: The system cannot find the file specified.","retry_in":2000000000}
{"time":"2026-06-10T21:05:21.2965063+08:00","level":"INFO","msg":"pipe not available, retrying","component":"api","simulation_id":13,"pipe":"events","path":"\\\\.\\pipe\\afsim_events","error":"CreateFile pipe: The system cannot find the file specified.","retry_in":2000000000}
{"time":"2026-06-10T21:05:23.2977114+08:00","level":"INFO","msg":"pipe not available, retrying","component":"api","simulation_id":13,"pipe":"events","path":"\\\\.\\pipe\\afsim_events","error":"CreateFile pipe: The system cannot find the file specified.","retry_in":2000000000}
{"time":"2026-06-10T21:05:25.2987561+08:00","level":"INFO","msg":"pipe not available, retrying","component":"api","simulation_id":13,"pipe":"events","path":"\\\\.\\pipe\\afsim_events","error":"CreateFile pipe: The system cannot find the file specified.","retry_in":2000000000}
{"time":"2026-06-10T21:05:27.2997821+08:00","level":"INFO","msg":"pipe not available, retrying","component":"api","simulation_id":13,"pipe":"events","path":"\\\\.\\pipe\\afsim_events","error":"CreateFile pipe: The system cannot find the file specified.","retry_in":2000000000}
{"time":"2026-06-10T21:05:29.3000425+08:00","level":"INFO","msg":"pipe not available, retrying","component":"api","simulation_id":13,"pipe":"events","path":"\\\\.\\pipe\\afsim_events","error":"CreateFile pipe: The system cannot find the file specified.","retry_in":2000000000}
{"time":"2026-06-10T21:05:31.3011625+08:00","level":"INFO","msg":"pipe not available, retrying","component":"api","simulation_id":13,"pipe":"events","path":"\\\\.\\pipe\\afsim_events","error":"CreateFile pipe: The system cannot find the file specified.","retry_in":2000000000}
{"time":"2026-06-10T21:05:33.3014134+08:00","level":"INFO","msg":"pipe not available, retrying","component":"api","simulation_id":13,"pipe":"events","path":"\\\\.\\pipe\\afsim_events","error":"CreateFile pipe: The system cannot find the file specified.","retry_in":2000000000}
{"time":"2026-06-10T21:05:35.3018309+08:00","level":"INFO","msg":"pipe not available, retrying","component":"api","simulation_id":13,"pipe":"events","path":"\\\\.\\pipe\\afsim_events","error":"CreateFile pipe: The system cannot find the file specified.","retry_in":2000000000}
{"time":"2026-06-10T21:05:37.3028833+08:00","level":"INFO","msg":"pipe not available, retrying","component":"api","simulation_id":13,"pipe":"events","path":"\\\\.\\pipe\\afsim_events","error":"CreateFile pipe: The system cannot find the file specified.","retry_in":2000000000}
{"time":"2026-06-10T21:05:39.3036808+08:00","level":"INFO","msg":"pipe not available, retrying","component":"api","simulation_id":13,"pipe":"events","path":"\\\\.\\pipe\\afsim_events","error":"CreateFile pipe: The system cannot find the file specified.","retry_in":2000000000}
{"time":"2026-06-10T21:05:41.3045241+08:00","level":"INFO","msg":"pipe not available, retrying","component":"api","simulation_id":13,"pipe":"events","path":"\\\\.\\pipe\\afsim_events","error":"CreateFile pipe: The system cannot find the file specified.","retry_in":2000000000}
{"time":"2026-06-10T21:05:43.305641+08:00","level":"INFO","msg":"pipe not available, retrying","component":"api","simulation_id":13,"pipe":"events","path":"\\\\.\\pipe\\afsim_events","error":"CreateFile pipe: The system cannot find the file specified.","retry_in":2000000000}
{"time":"2026-06-10T21:05:45.3065926+08:00","level":"INFO","msg":"pipe not available, retrying","component":"api","simulation_id":13,"pipe":"events","path":"\\\\.\\pipe\\afsim_events","error":"CreateFile pipe: The system cannot find the file specified.","retry_in":2000000000}
{"time":"2026-06-10T21:05:47.3070725+08:00","level":"INFO","msg":"pipe not available, retrying","component":"api","simulation_id":13,"pipe":"events","path":"\\\\.\\pipe\\afsim_events","error":"CreateFile pipe: The system cannot find the file specified.","retry_in":2000000000}
{"time":"2026-06-10T21:05:49.3072704+08:00","level":"INFO","msg":"pipe not available, retrying","component":"api","simulation_id":13,"pipe":"events","path":"\\\\.\\pipe\\afsim_events","error":"CreateFile pipe: The system cannot find the file specified.","retry_in":2000000000}
{"time":"2026-06-10T21:05:51.3081629+08:00","level":"INFO","msg":"pipe not available, retrying","component":"api","simulation_id":13,"pipe":"events","path":"\\\\.\\pipe\\afsim_events","error":"CreateFile pipe: The system cannot find the file specified.","retry_in":2000000000}
{"time":"2026-06-10T21:05:53.3084338+08:00","level":"INFO","msg":"pipe not available, retrying","component":"api","simulation_id":13,"pipe":"events","path":"\\\\.\\pipe\\afsim_events","error":"CreateFile pipe: The system cannot find the file specified.","retry_in":2000000000}
{"time":"2026-06-10T21:05:55.3089075+08:00","level":"INFO","msg":"pipe not available, retrying","component":"api","simulation_id":13,"pipe":"events","path":"\\\\.\\pipe\\afsim_events","error":"CreateFile pipe: The system cannot find the file specified.","retry_in":2000000000}
{"time":"2026-06-10T21:05:57.3094297+08:00","level":"INFO","msg":"pipe not available, retrying","component":"api","simulation_id":13,"pipe":"events","path":"\\\\.\\pipe\\afsim_events","error":"CreateFile pipe: The system cannot find the file specified.","retry_in":2000000000}
{"time":"2026-06-10T21:05:59.3098294+08:00","level":"INFO","msg":"pipe not available, retrying","component":"api","simulation_id":13,"pipe":"events","path":"\\\\.\\pipe\\afsim_events","error":"CreateFile pipe: The system cannot find the file specified.","retry_in":2000000000}
{"time":"2026-06-10T21:06:01.3101331+08:00","level":"INFO","msg":"pipe not available, retrying","component":"api","simulation_id":13,"pipe":"events","path":"\\\\.\\pipe\\afsim_events","error":"CreateFile pipe: The system cannot find the file specified.","retry_in":2000000000}
{"time":"2026-06-10T21:06:03.3111328+08:00","level":"INFO","msg":"pipe not available, retrying","component":"api","simulation_id":13,"pipe":"events","path":"\\\\.\\pipe\\afsim_events","error":"CreateFile pipe: The system cannot find the file specified.","retry_in":2000000000}
{"time":"2026-06-10T21:06:05.3114732+08:00","level":"INFO","msg":"pipe not available, retrying","component":"api","simulation_id":13,"pipe":"events","path":"\\\\.\\pipe\\afsim_events","error":"CreateFile pipe: The system cannot find the file specified.","retry_in":2000000000}
{"time":"2026-06-10T21:06:07.3117985+08:00","level":"INFO","msg":"pipe not available, retrying","component":"api","simulation_id":13,"pipe":"events","path":"\\\\.\\pipe\\afsim_events","error":"CreateFile pipe: The system cannot find the file specified.","retry_in":2000000000}
{"time":"2026-06-10T21:06:09.3125631+08:00","level":"INFO","msg":"pipe not available, retrying","component":"api","simulation_id":13,"pipe":"events","path":"\\\\.\\pipe\\afsim_events","error":"CreateFile pipe: The system cannot find the file specified.","retry_in":2000000000}
{"time":"2026-06-10T21:06:11.3132578+08:00","level":"INFO","msg":"pipe not available, retrying","component":"api","simulation_id":13,"pipe":"events","path":"\\\\.\\pipe\\afsim_events","error":"CreateFile pipe: The system cannot find the file specified.","retry_in":2000000000}
{"time":"2026-06-10T21:06:13.3136113+08:00","level":"INFO","msg":"pipe not available, retrying","component":"api","simulation_id":13,"pipe":"events","path":"\\\\.\\pipe\\afsim_events","error":"CreateFile pipe: The system cannot find the file specified.","retry_in":2000000000}
{"time":"2026-06-10T21:06:15.314167+08:00","level":"INFO","msg":"pipe not available, retrying","component":"api","simulation_id":13,"pipe":"events","path":"\\\\.\\pipe\\afsim_events","error":"CreateFile pipe: The system cannot find the file specified.","retry_in":2000000000}
{"time":"2026-06-10T21:06:17.3145324+08:00","level":"INFO","msg":"pipe not available, retrying","component":"api","simulation_id":13,"pipe":"events","path":"\\\\.\\pipe\\afsim_events","error":"CreateFile pipe: The system cannot find the file specified.","retry_in":2000000000}
{"time":"2026-06-10T21:06:19.3152093+08:00","level":"INFO","msg":"pipe not available, retrying","component":"api","simulation_id":13,"pipe":"events","path":"\\\\.\\pipe\\afsim_events","error":"CreateFile pipe: The system cannot find the file specified.","retry_in":2000000000}
{"time":"2026-06-10T21:06:21.3157688+08:00","level":"INFO","msg":"pipe not available, retrying","component":"api","simulation_id":13,"pipe":"events","path":"\\\\.\\pipe\\afsim_events","error":"CreateFile pipe: The system cannot find the file specified.","retry_in":2000000000}
{"time":"2026-06-10T21:06:23.31682+08:00","level":"INFO","msg":"pipe not available, retrying","component":"api","simulation_id":13,"pipe":"events","path":"\\\\.\\pipe\\afsim_events","error":"CreateFile pipe: The system cannot find the file specified.","retry_in":2000000000}
{"time":"2026-06-10T21:06:25.3176571+08:00","level":"INFO","msg":"pipe not available, retrying","component":"api","simulation_id":13,"pipe":"events","path":"\\\\.\\pipe\\afsim_events","error":"CreateFile pipe: The system cannot find the file specified.","retry_in":2000000000}
{"time":"2026-06-10T21:06:27.3178964+08:00","level":"INFO","msg":"pipe not available, retrying","component":"api","simulation_id":13,"pipe":"events","path":"\\\\.\\pipe\\afsim_events","error":"CreateFile pipe: The system cannot find the file specified.","retry_in":2000000000}
{"time":"2026-06-10T21:06:29.3183678+08:00","level":"INFO","msg":"pipe not available, retrying","component":"api","simulation_id":13,"pipe":"events","path":"\\\\.\\pipe\\afsim_events","error":"CreateFile pipe: The system cannot find the file specified.","retry_in":2000000000}
{"time":"2026-06-10T21:06:31.3192317+08:00","level":"INFO","msg":"pipe not available, retrying","component":"api","simulation_id":13,"pipe":"events","path":"\\\\.\\pipe\\afsim_events","error":"CreateFile pipe: The system cannot find the file specified.","retry_in":2000000000}
{"time":"2026-06-10T21:06:33.3198193+08:00","level":"INFO","msg":"pipe not available, retrying","component":"api","simulation_id":13,"pipe":"events","path":"\\\\.\\pipe\\afsim_events","error":"CreateFile pipe: The system cannot find the file specified.","retry_in":2000000000}
{"time":"2026-06-10T21:06:35.3209703+08:00","level":"INFO","msg":"pipe not available, retrying","component":"api","simulation_id":13,"pipe":"events","path":"\\\\.\\pipe\\afsim_events","error":"CreateFile pipe: The system cannot find the file specified.","retry_in":2000000000}
{"time":"2026-06-10T21:06:37.3219123+08:00","level":"INFO","msg":"pipe not available, retrying","component":"api","simulation_id":13,"pipe":"events","path":"\\\\.\\pipe\\afsim_events","error":"CreateFile pipe: The system cannot find the file specified.","retry_in":2000000000}
{"time":"2026-06-10T21:06:39.3225871+08:00","level":"INFO","msg":"pipe not available, retrying","component":"api","simulation_id":13,"pipe":"events","path":"\\\\.\\pipe\\afsim_events","error":"CreateFile pipe: The system cannot find the file specified.","retry_in":2000000000}
{"time":"2026-06-10T21:06:41.3230156+08:00","level":"INFO","msg":"pipe not available, retrying","component":"api","simulation_id":13,"pipe":"events","path":"\\\\.\\pipe\\afsim_events","error":"CreateFile pipe: The system cannot find the file specified.","retry_in":2000000000}
{"time":"2026-06-10T21:06:43.3234364+08:00","level":"INFO","msg":"pipe not available, retrying","component":"api","simulation_id":13,"pipe":"events","path":"\\\\.\\pipe\\afsim_events","error":"CreateFile pipe: The system cannot find the file specified.","retry_in":2000000000}
{"time":"2026-06-10T21:06:45.3242702+08:00","level":"INFO","msg":"pipe not available, retrying","component":"api","simulation_id":13,"pipe":"events","path":"\\\\.\\pipe\\afsim_events","error":"CreateFile pipe: The system cannot find the file specified.","retry_in":2000000000}
{"time":"2026-06-10T21:06:47.3248768+08:00","level":"INFO","msg":"pipe not available, retrying","component":"api","simulation_id":13,"pipe":"events","path":"\\\\.\\pipe\\afsim_events","error":"CreateFile pipe: The system cannot find the file specified.","retry_in":2000000000}
{"time":"2026-06-10T21:06:49.3258308+08:00","level":"INFO","msg":"pipe not available, retrying","component":"api","simulation_id":13,"pipe":"events","path":"\\\\.\\pipe\\afsim_events","error":"CreateFile pipe: The system cannot find the file specified.","retry_in":2000000000}
{"time":"2026-06-10T21:06:51.3263649+08:00","level":"INFO","msg":"pipe not available, retrying","component":"api","simulation_id":13,"pipe":"events","path":"\\\\.\\pipe\\afsim_events","error":"CreateFile pipe: The system cannot find the file specified.","retry_in":2000000000}
{"time":"2026-06-10T21:06:53.3265523+08:00","level":"INFO","msg":"pipe not available, retrying","component":"api","simulation_id":13,"pipe":"events","path":"\\\\.\\pipe\\afsim_events","error":"CreateFile pipe: The system cannot find the file specified.","retry_in":2000000000}
{"time":"2026-06-10T21:06:55.326784+08:00","level":"INFO","msg":"pipe not available, retrying","component":"api","simulation_id":13,"pipe":"events","path":"\\\\.\\pipe\\afsim_events","error":"CreateFile pipe: The system cannot find the file specified.","retry_in":2000000000}
{"time":"2026-06-10T21:06:57.3274723+08:00","level":"INFO","msg":"pipe not available, retrying","component":"api","simulation_id":13,"pipe":"events","path":"\\\\.\\pipe\\afsim_events","error":"CreateFile pipe: The system cannot find the file specified.","retry_in":2000000000}
{"time":"2026-06-10T21:06:59.3283819+08:00","level":"INFO","msg":"pipe not available, retrying","component":"api","simulation_id":13,"pipe":"events","path":"\\\\.\\pipe\\afsim_events","error":"CreateFile pipe: The system cannot find the file specified.","retry_in":2000000000}
{"time":"2026-06-10T21:07:01.3292039+08:00","level":"INFO","msg":"pipe not available, retrying","component":"api","simulation_id":13,"pipe":"events","path":"\\\\.\\pipe\\afsim_events","error":"CreateFile pipe: The system cannot find the file specified.","retry_in":2000000000}
{"time":"2026-06-10T21:07:03.3299702+08:00","level":"INFO","msg":"pipe not available, retrying","component":"api","simulation_id":13,"pipe":"events","path":"\\\\.\\pipe\\afsim_events","error":"CreateFile pipe: The system cannot find the file specified.","retry_in":2000000000}
{"time":"2026-06-10T21:07:05.3304596+08:00","level":"INFO","msg":"pipe not available, retrying","component":"api","simulation_id":13,"pipe":"events","path":"\\\\.\\pipe\\afsim_events","error":"CreateFile pipe: The system cannot find the file specified.","retry_in":2000000000}
{"time":"2026-06-10T21:07:07.3312205+08:00","level":"INFO","msg":"pipe not available, retrying","component":"api","simulation_id":13,"pipe":"events","path":"\\\\.\\pipe\\afsim_events","error":"CreateFile pipe: The system cannot find the file specified.","retry_in":2000000000}
{"time":"2026-06-10T21:07:09.3322098+08:00","level":"INFO","msg":"pipe not available, retrying","component":"api","simulation_id":13,"pipe":"events","path":"\\\\.\\pipe\\afsim_events","error":"CreateFile pipe: The system cannot find the file specified.","retry_in":2000000000}
{"time":"2026-06-10T21:07:11.3332701+08:00","level":"INFO","msg":"pipe not available, retrying","component":"api","simulation_id":13,"pipe":"events","path":"\\\\.\\pipe\\afsim_events","error":"CreateFile pipe: The system cannot find the file specified.","retry_in":2000000000}
{"time":"2026-06-10T21:07:13.3339435+08:00","level":"INFO","msg":"pipe not available, retrying","component":"api","simulation_id":13,"pipe":"events","path":"\\\\.\\pipe\\afsim_events","error":"CreateFile pipe: The system cannot find the file specified.","retry_in":2000000000}
{"time":"2026-06-10T21:07:15.335004+08:00","level":"INFO","msg":"pipe not available, retrying","component":"api","simulation_id":13,"pipe":"events","path":"\\\\.\\pipe\\afsim_events","error":"CreateFile pipe: The system cannot find the file specified.","retry_in":2000000000}
{"time":"2026-06-10T21:07:17.3355475+08:00","level":"INFO","msg":"pipe not available, retrying","component":"api","simulation_id":13,"pipe":"events","path":"\\\\.\\pipe\\afsim_events","error":"CreateFile pipe: The system cannot find the file specified.","retry_in":2000000000}
{"time":"2026-06-10T21:07:19.3360804+08:00","level":"INFO","msg":"pipe not available, retrying","component":"api","simulation_id":13,"pipe":"events","path":"\\\\.\\pipe\\afsim_events","error":"CreateFile pipe: The system cannot find the file specified.","retry_in":2000000000}
{"time":"2026-06-10T21:07:21.3370244+08:00","level":"INFO","msg":"pipe not available, retrying","component":"api","simulation_id":13,"pipe":"events","path":"\\\\.\\pipe\\afsim_events","error":"CreateFile pipe: The system cannot find the file specified.","retry_in":2000000000}
{"time":"2026-06-10T21:07:23.3372396+08:00","level":"INFO","msg":"pipe not available, retrying","component":"api","simulation_id":13,"pipe":"events","path":"\\\\.\\pipe\\afsim_events","error":"CreateFile pipe: The system cannot find the file specified.","retry_in":2000000000}
{"time":"2026-06-10T21:07:25.3380119+08:00","level":"INFO","msg":"pipe not available, retrying","component":"api","simulation_id":13,"pipe":"events","path":"\\\\.\\pipe\\afsim_events","error":"CreateFile pipe: The system cannot find the file specified.","retry_in":2000000000}
{"time":"2026-06-10T21:07:27.338824+08:00","level":"INFO","msg":"pipe not available, retrying","component":"api","simulation_id":13,"pipe":"events","path":"\\\\.\\pipe\\afsim_events","error":"CreateFile pipe: The system cannot find the file specified.","retry_in":2000000000}
{"time":"2026-06-10T21:07:29.352666+08:00","level":"INFO","msg":"pipe not available, retrying","component":"api","simulation_id":13,"pipe":"events","path":"\\\\.\\pipe\\afsim_events","error":"CreateFile pipe: The system cannot find the file specified.","retry_in":2000000000}
{"time":"2026-06-10T21:07:31.3534897+08:00","level":"INFO","msg":"pipe not available, retrying","component":"api","simulation_id":13,"pipe":"events","path":"\\\\.\\pipe\\afsim_events","error":"CreateFile pipe: The system cannot find the file specified.","retry_in":2000000000}
{"time":"2026-06-10T21:07:33.3546201+08:00","level":"INFO","msg":"pipe not available, retrying","component":"api","simulation_id":13,"pipe":"events","path":"\\\\.\\pipe\\afsim_events","error":"CreateFile pipe: The system cannot find the file specified.","retry_in":2000000000}
{"time":"2026-06-10T21:07:35.3554421+08:00","level":"INFO","msg":"pipe not available, retrying","component":"api","simulation_id":13,"pipe":"events","path":"\\\\.\\pipe\\afsim_events","error":"CreateFile pipe: The system cannot find the file specified.","retry_in":2000000000}
{"time":"2026-06-10T21:07:37.3557674+08:00","level":"INFO","msg":"pipe not available, retrying","component":"api","simulation_id":13,"pipe":"events","path":"\\\\.\\pipe\\afsim_events","error":"CreateFile pipe: The system cannot find the file specified.","retry_in":2000000000}
{"time":"2026-06-10T21:07:39.3567915+08:00","level":"INFO","msg":"pipe not available, retrying","component":"api","simulation_id":13,"pipe":"events","path":"\\\\.\\pipe\\afsim_events","error":"CreateFile pipe: The system cannot find the file specified.","retry_in":2000000000}
{"time":"2026-06-10T21:07:41.3575454+08:00","level":"INFO","msg":"pipe not available, retrying","component":"api","simulation_id":13,"pipe":"events","path":"\\\\.\\pipe\\afsim_events","error":"CreateFile pipe: The system cannot find the file specified.","retry_in":2000000000}
{"time":"2026-06-10T21:07:43.3579578+08:00","level":"INFO","msg":"pipe not available, retrying","component":"api","simulation_id":13,"pipe":"events","path":"\\\\.\\pipe\\afsim_events","error":"CreateFile pipe: The system cannot find the file specified.","retry_in":2000000000}
{"time":"2026-06-10T21:07:45.3585162+08:00","level":"INFO","msg":"pipe not available, retrying","component":"api","simulation_id":13,"pipe":"events","path":"\\\\.\\pipe\\afsim_events","error":"CreateFile pipe: The system cannot find the file specified.","retry_in":2000000000}
{"time":"2026-06-10T21:07:47.3587413+08:00","level":"INFO","msg":"pipe not available, retrying","component":"api","simulation_id":13,"pipe":"events","path":"\\\\.\\pipe\\afsim_events","error":"CreateFile pipe: The system cannot find the file specified.","retry_in":2000000000}
{"time":"2026-06-10T21:07:49.3592788+08:00","level":"INFO","msg":"pipe not available, retrying","component":"api","simulation_id":13,"pipe":"events","path":"\\\\.\\pipe\\afsim_events","error":"CreateFile pipe: The system cannot find the file specified.","retry_in":2000000000}
{"time":"2026-06-10T21:07:51.3600544+08:00","level":"INFO","msg":"pipe not available, retrying","component":"api","simulation_id":13,"pipe":"events","path":"\\\\.\\pipe\\afsim_events","error":"CreateFile pipe: The system cannot find the file specified.","retry_in":2000000000}
{"time":"2026-06-10T21:07:53.3608479+08:00","level":"INFO","msg":"pipe not available, retrying","component":"api","simulation_id":13,"pipe":"events","path":"\\\\.\\pipe\\afsim_events","error":"CreateFile pipe: The system cannot find the file specified.","retry_in":2000000000}
{"time":"2026-06-10T21:07:55.3610491+08:00","level":"INFO","msg":"pipe not available, retrying","component":"api","simulation_id":13,"pipe":"events","path":"\\\\.\\pipe\\afsim_events","error":"CreateFile pipe: The system cannot find the file specified.","retry_in":2000000000}
{"time":"2026-06-10T21:07:57.3616802+08:00","level":"INFO","msg":"pipe not available, retrying","component":"api","simulation_id":13,"pipe":"events","path":"\\\\.\\pipe\\afsim_events","error":"CreateFile pipe: The system cannot find the file specified.","retry_in":2000000000}
{"time":"2026-06-10T21:07:59.3624595+08:00","level":"INFO","msg":"pipe not available, retrying","component":"api","simulation_id":13,"pipe":"events","path":"\\\\.\\pipe\\afsim_events","error":"CreateFile pipe: The system cannot find the file specified.","retry_in":2000000000}
{"time":"2026-06-10T21:08:01.3627612+08:00","level":"INFO","msg":"pipe not available, retrying","component":"api","simulation_id":13,"pipe":"events","path":"\\\\.\\pipe\\afsim_events","error":"CreateFile pipe: The system cannot find the file specified.","retry_in":2000000000}
{"time":"2026-06-10T21:08:03.3633499+08:00","level":"INFO","msg":"pipe not available, retrying","component":"api","simulation_id":13,"pipe":"events","path":"\\\\.\\pipe\\afsim_events","error":"CreateFile pipe: The system cannot find the file specified.","retry_in":2000000000}
{"time":"2026-06-10T21:08:05.3642026+08:00","level":"INFO","msg":"pipe not available, retrying","component":"api","simulation_id":13,"pipe":"events","path":"\\\\.\\pipe\\afsim_events","error":"CreateFile pipe: The system cannot find the file specified.","retry_in":2000000000}
{"time":"2026-06-10T21:08:07.3647343+08:00","level":"INFO","msg":"pipe not available, retrying","component":"api","simulation_id":13,"pipe":"events","path":"\\\\.\\pipe\\afsim_events","error":"CreateFile pipe: The system cannot find the file specified.","retry_in":2000000000}
{"time":"2026-06-10T21:08:09.3657019+08:00","level":"INFO","msg":"pipe not available, retrying","component":"api","simulation_id":13,"pipe":"events","path":"\\\\.\\pipe\\afsim_events","error":"CreateFile pipe: The system cannot find the file specified.","retry_in":2000000000}
{"time":"2026-06-10T21:08:11.3660674+08:00","level":"INFO","msg":"pipe not available, retrying","component":"api","simulation_id":13,"pipe":"events","path":"\\\\.\\pipe\\afsim_events","error":"CreateFile pipe: The system cannot find the file specified.","retry_in":2000000000}
{"time":"2026-06-10T21:08:13.3666272+08:00","level":"INFO","msg":"pipe not available, retrying","component":"api","simulation_id":13,"pipe":"events","path":"\\\\.\\pipe\\afsim_events","error":"CreateFile pipe: The system cannot find the file specified.","retry_in":2000000000}
{"time":"2026-06-10T21:08:15.3678015+08:00","level":"INFO","msg":"pipe not available, retrying","component":"api","simulation_id":13,"pipe":"events","path":"\\\\.\\pipe\\afsim_events","error":"CreateFile pipe: The system cannot find the file specified.","retry_in":2000000000}
{"time":"2026-06-10T21:08:17.3682839+08:00","level":"INFO","msg":"pipe not available, retrying","component":"api","simulation_id":13,"pipe":"events","path":"\\\\.\\pipe\\afsim_events","error":"CreateFile pipe: The system cannot find the file specified.","retry_in":2000000000}
{"time":"2026-06-10T21:08:19.3684345+08:00","level":"INFO","msg":"pipe not available, retrying","component":"api","simulation_id":13,"pipe":"events","path":"\\\\.\\pipe\\afsim_events","error":"CreateFile pipe: The system cannot find the file specified.","retry_in":2000000000}
{"time":"2026-06-10T21:08:21.3692876+08:00","level":"INFO","msg":"pipe not available, retrying","component":"api","simulation_id":13,"pipe":"events","path":"\\\\.\\pipe\\afsim_events","error":"CreateFile pipe: The system cannot find the file specified.","retry_in":2000000000}
{"time":"2026-06-10T21:08:23.3699571+08:00","level":"INFO","msg":"pipe not available, retrying","component":"api","simulation_id":13,"pipe":"events","path":"\\\\.\\pipe\\afsim_events","error":"CreateFile pipe: The system cannot find the file specified.","retry_in":2000000000}
{"time":"2026-06-10T21:08:25.3703097+08:00","level":"INFO","msg":"pipe not available, retrying","component":"api","simulation_id":13,"pipe":"events","path":"\\\\.\\pipe\\afsim_events","error":"CreateFile pipe: The system cannot find the file specified.","retry_in":2000000000}
{"time":"2026-06-10T21:08:27.3714433+08:00","level":"INFO","msg":"pipe not available, retrying","component":"api","simulation_id":13,"pipe":"events","path":"\\\\.\\pipe\\afsim_events","error":"CreateFile pipe: The system cannot find the file specified.","retry_in":2000000000}
{"time":"2026-06-10T21:08:29.3725308+08:00","level":"INFO","msg":"pipe not available, retrying","component":"api","simulation_id":13,"pipe":"events","path":"\\\\.\\pipe\\afsim_events","error":"CreateFile pipe: The system cannot find the file specified.","retry_in":2000000000}
{"time":"2026-06-10T21:08:31.3727357+08:00","level":"INFO","msg":"pipe not available, retrying","component":"api","simulation_id":13,"pipe":"events","path":"\\\\.\\pipe\\afsim_events","error":"CreateFile pipe: The system cannot find the file specified.","retry_in":2000000000}
{"time":"2026-06-10T21:08:33.3733741+08:00","level":"INFO","msg":"pipe not available, retrying","component":"api","simulation_id":13,"pipe":"events","path":"\\\\.\\pipe\\afsim_events","error":"CreateFile pipe: The system cannot find the file specified.","retry_in":2000000000}
{"time":"2026-06-10T21:08:35.3736699+08:00","level":"INFO","msg":"pipe not available, retrying","component":"api","simulation_id":13,"pipe":"events","path":"\\\\.\\pipe\\afsim_events","error":"CreateFile pipe: The system cannot find the file specified.","retry_in":2000000000}
{"time":"2026-06-10T21:08:37.3746558+08:00","level":"INFO","msg":"pipe not available, retrying","component":"api","simulation_id":13,"pipe":"events","path":"\\\\.\\pipe\\afsim_events","error":"CreateFile pipe: The system cannot find the file specified.","retry_in":2000000000}
{"time":"2026-06-10T21:08:39.3751796+08:00","level":"INFO","msg":"pipe not available, retrying","component":"api","simulation_id":13,"pipe":"events","path":"\\\\.\\pipe\\afsim_events","error":"CreateFile pipe: The system cannot find the file specified.","retry_in":2000000000}
2026/06/10 21:08:40 [DESKTOP-2269V6M/M1g0Pn02vs-000082] "GET http://localhost:8080/api/simulations HTTP/1.1" from [::1]:59070 - 405 0B in 0s
2026/06/10 21:08:40 [DESKTOP-2269V6M/M1g0Pn02vs-000083] "GET http://localhost:8080/api/simulations HTTP/1.1" from [::1]:59071 - 405 0B in 0s
{"time":"2026-06-10T21:08:41.3759657+08:00","level":"INFO","msg":"pipe not available, retrying","component":"api","simulation_id":13,"pipe":"events","path":"\\\\.\\pipe\\afsim_events","error":"CreateFile pipe: The system cannot find the file specified.","retry_in":2000000000}
{"time":"2026-06-10T21:08:43.3763727+08:00","level":"INFO","msg":"pipe not available, retrying","component":"api","simulation_id":13,"pipe":"events","path":"\\\\.\\pipe\\afsim_events","error":"CreateFile pipe: The system cannot find the file specified.","retry_in":2000000000}
{"time":"2026-06-10T21:08:45.3770549+08:00","level":"INFO","msg":"pipe not available, retrying","component":"api","simulation_id":13,"pipe":"events","path":"\\\\.\\pipe\\afsim_events","error":"CreateFile pipe: The system cannot find the file specified.","retry_in":2000000000}
{"time":"2026-06-10T21:08:47.3773456+08:00","level":"INFO","msg":"pipe not available, retrying","component":"api","simulation_id":13,"pipe":"events","path":"\\\\.\\pipe\\afsim_events","error":"CreateFile pipe: The system cannot find the file specified.","retry_in":2000000000}
{"time":"2026-06-10T21:08:49.37771+08:00","level":"INFO","msg":"pipe not available, retrying","component":"api","simulation_id":13,"pipe":"events","path":"\\\\.\\pipe\\afsim_events","error":"CreateFile pipe: The system cannot find the file specified.","retry_in":2000000000}
{"time":"2026-06-10T21:08:51.378806+08:00","level":"INFO","msg":"pipe not available, retrying","component":"api","simulation_id":13,"pipe":"events","path":"\\\\.\\pipe\\afsim_events","error":"CreateFile pipe: The system cannot find the file specified.","retry_in":2000000000}
2026/06/10 21:08:53 [DESKTOP-2269V6M/M1g0Pn02vs-000084] "GET http://localhost:8080/api/simulations HTTP/1.1" from [::1]:59078 - 405 0B in 0s
{"time":"2026-06-10T21:08:53.3793031+08:00","level":"INFO","msg":"pipe not available, retrying","component":"api","simulation_id":13,"pipe":"events","path":"\\\\.\\pipe\\afsim_events","error":"CreateFile pipe: The system cannot find the file specified.","retry_in":2000000000}
{"time":"2026-06-10T21:08:55.3805266+08:00","level":"INFO","msg":"pipe not available, retrying","component":"api","simulation_id":13,"pipe":"events","path":"\\\\.\\pipe\\afsim_events","error":"CreateFile pipe: The system cannot find the file specified.","retry_in":2000000000}
{"time":"2026-06-10T21:08:57.381578+08:00","level":"INFO","msg":"pipe not available, retrying","component":"api","simulation_id":13,"pipe":"events","path":"\\\\.\\pipe\\afsim_events","error":"CreateFile pipe: The system cannot find the file specified.","retry_in":2000000000}
{"time":"2026-06-10T21:08:59.3817774+08:00","level":"INFO","msg":"pipe not available, retrying","component":"api","simulation_id":13,"pipe":"events","path":"\\\\.\\pipe\\afsim_events","error":"CreateFile pipe: The system cannot find the file specified.","retry_in":2000000000}
{"time":"2026-06-10T21:09:01.3821766+08:00","level":"INFO","msg":"pipe not available, retrying","component":"api","simulation_id":13,"pipe":"events","path":"\\\\.\\pipe\\afsim_events","error":"CreateFile pipe: The system cannot find the file specified.","retry_in":2000000000}
{"time":"2026-06-10T21:09:03.3827102+08:00","level":"INFO","msg":"pipe not available, retrying","component":"api","simulation_id":13,"pipe":"events","path":"\\\\.\\pipe\\afsim_events","error":"CreateFile pipe: The system cannot find the file specified.","retry_in":2000000000}
2026/06/10 21:09:03 [DESKTOP-2269V6M/M1g0Pn02vs-000085] "GET http://localhost:8080/api/simulations HTTP/1.1" from [::1]:59085 - 405 0B in 0s
{"time":"2026-06-10T21:09:05.3832508+08:00","level":"INFO","msg":"pipe not available, retrying","component":"api","simulation_id":13,"pipe":"events","path":"\\\\.\\pipe\\afsim_events","error":"CreateFile pipe: The system cannot find the file specified.","retry_in":2000000000}
{"time":"2026-06-10T21:09:07.3834466+08:00","level":"INFO","msg":"pipe not available, retrying","component":"api","simulation_id":13,"pipe":"events","path":"\\\\.\\pipe\\afsim_events","error":"CreateFile pipe: The system cannot find the file specified.","retry_in":2000000000}
{"time":"2026-06-10T21:09:09.3841602+08:00","level":"INFO","msg":"pipe not available, retrying","component":"api","simulation_id":13,"pipe":"events","path":"\\\\.\\pipe\\afsim_events","error":"CreateFile pipe: The system cannot find the file specified.","retry_in":2000000000}
{"time":"2026-06-10T21:09:11.3845943+08:00","level":"INFO","msg":"pipe not available, retrying","component":"api","simulation_id":13,"pipe":"events","path":"\\\\.\\pipe\\afsim_events","error":"CreateFile pipe: The system cannot find the file specified.","retry_in":2000000000}
{"time":"2026-06-10T21:09:13.3855112+08:00","level":"INFO","msg":"pipe not available, retrying","component":"api","simulation_id":13,"pipe":"events","path":"\\\\.\\pipe\\afsim_events","error":"CreateFile pipe: The system cannot find the file specified.","retry_in":2000000000}
{"time":"2026-06-10T21:09:15.3862995+08:00","level":"INFO","msg":"pipe not available, retrying","component":"api","simulation_id":13,"pipe":"events","path":"\\\\.\\pipe\\afsim_events","error":"CreateFile pipe: The system cannot find the file specified.","retry_in":2000000000}
{"time":"2026-06-10T21:09:17.3869941+08:00","level":"INFO","msg":"pipe not available, retrying","component":"api","simulation_id":13,"pipe":"events","path":"\\\\.\\pipe\\afsim_events","error":"CreateFile pipe: The system cannot find the file specified.","retry_in":2000000000}
{"time":"2026-06-10T21:09:19.3880012+08:00","level":"INFO","msg":"pipe not available, retrying","component":"api","simulation_id":13,"pipe":"events","path":"\\\\.\\pipe\\afsim_events","error":"CreateFile pipe: The system cannot find the file specified.","retry_in":2000000000}
{"time":"2026-06-10T21:09:21.3883172+08:00","level":"INFO","msg":"pipe not available, retrying","component":"api","simulation_id":13,"pipe":"events","path":"\\\\.\\pipe\\afsim_events","error":"CreateFile pipe: The system cannot find the file specified.","retry_in":2000000000}
{"time":"2026-06-10T21:09:23.3889515+08:00","level":"INFO","msg":"pipe not available, retrying","component":"api","simulation_id":13,"pipe":"events","path":"\\\\.\\pipe\\afsim_events","error":"CreateFile pipe: The system cannot find the file specified.","retry_in":2000000000}
{"time":"2026-06-10T21:09:25.3899927+08:00","level":"INFO","msg":"pipe not available, retrying","component":"api","simulation_id":13,"pipe":"events","path":"\\\\.\\pipe\\afsim_events","error":"CreateFile pipe: The system cannot find the file specified.","retry_in":2000000000}
{"time":"2026-06-10T21:09:27.3911134+08:00","level":"INFO","msg":"pipe not available, retrying","component":"api","simulation_id":13,"pipe":"events","path":"\\\\.\\pipe\\afsim_events","error":"CreateFile pipe: The system cannot find the file specified.","retry_in":2000000000}
{"time":"2026-06-10T21:09:27.4192846+08:00","level":"INFO","msg":"uploaded scenario","component":"api","filename":"scn-coastal-campaign.scenario","size":4762}
2026/06/10 21:09:27 [DESKTOP-2269V6M/M1g0Pn02vs-000086] "POST http://localhost:8080/api/scenarios HTTP/1.1" from [::1]:59182 - 201 156B in 0s
{"time":"2026-06-10T21:09:27.4331139+08:00","level":"INFO","msg":"starting mission.exe","component":"api","simulation_id":14,"path":"E:/AFsim/afsimweb-master/afsim-gateway/../AFSim/afsim-2.9.0-win64/bin/mission.exe","scenario":"scenarios\\scn-coastal-campaign.scenario","mode":"realtime","args":["-rt","scn-coastal-campaign.scenario"]}
2026/06/10 21:09:27 [DESKTOP-2269V6M/M1g0Pn02vs-000087] "POST http://localhost:8080/api/simulations HTTP/1.1" from [::1]:59184 - 201 151B in 2.1159ms
{"time":"2026-06-10T21:09:27.4352298+08:00","level":"INFO","msg":"pipe not available, retrying","component":"api","simulation_id":14,"pipe":"events","path":"\\\\.\\pipe\\afsim_events","error":"CreateFile pipe: The system cannot find the file specified.","retry_in":2000000000}
{"time":"2026-06-10T21:09:27.4373276+08:00","level":"INFO","msg":"WebSocket connection request","component":"api","simulation_id":"14"}
2026/06/10 21:09:27 [DESKTOP-2269V6M/M1g0Pn02vs-000088] "GET http://localhost:8080/api/simulations/14/ws HTTP/1.1" from [::1]:59185 - 000 0B in 0s
{"time":"2026-06-10T21:09:27.6215048+08:00","level":"INFO","msg":"mission:\r","component":"api","simulation_id":14,"stream":"stdout"}
{"time":"2026-06-10T21:09:27.6218183+08:00","level":"INFO","msg":"    WSF Version: 2.9.0 02-25-2022\r","component":"api","simulation_id":14,"stream":"stdout"}
{"time":"2026-06-10T21:09:27.6218183+08:00","level":"INFO","msg":"    Built: Feb 25 2022 08:12:40\r","component":"api","simulation_id":14,"stream":"stdout"}
{"time":"2026-06-10T21:09:27.6218183+08:00","level":"INFO","msg":"Plugin API version info:\r","component":"api","simulation_id":14,"stream":"stdout"}
{"time":"2026-06-10T21:09:27.6218183+08:00","level":"INFO","msg":"    Version: 2.9\r","component":"api","simulation_id":14,"stream":"stdout"}
{"time":"2026-06-10T21:09:27.6218183+08:00","level":"INFO","msg":"    Compiler: win_1916_64bit_release-hwe\r","component":"api","simulation_id":14,"stream":"stdout"}
{"time":"2026-06-10T21:09:27.6218183+08:00","level":"INFO","msg":"Plugins Loaded:\r","component":"api","simulation_id":14,"stream":"stdout"}
{"time":"2026-06-10T21:09:27.6218183+08:00","level":"INFO","msg":"    wsf_alternate_locations.dll, wsf_coverage.dll, wsf_iads_c2.dll, wsf_prompt.dll, wsf_scenario_analyzer.dll, wsf_scenario_analyzer_iads_c2.dll, wsf_air_combat.dll, wsf_annotation.dll, wsf_argo8.dll, wsf_brawler.dll, wsf_event_gateway.dll, wsf_fires.dll, wsf_multiresolution.dll, wsf_oms_uci.dll, wsf_p6dof.dll, wsf_six_dof.dll, wsf_sosm.dll\r","component":"api","simulation_id":14,"stream":"stdout"}
{"time":"2026-06-10T21:09:27.6218183+08:00","level":"INFO","msg":"Extensions Included: \r","component":"api","simulation_id":14,"stream":"stdout"}
{"time":"2026-06-10T21:09:27.6218183+08:00","level":"INFO","msg":"    sensor_plot_lib, wsf_cyber, wsf_grammar_check, wsf_l16, wsf_mil, wsf_mil_parser, wsf_mtt, wsf_nx, wsf_parser, wsf_ripr, wsf_space, wsf_weapon_server, wsf_simdis\r","component":"api","simulation_id":14,"stream":"stdout"}
{"time":"2026-06-10T21:09:27.6218183+08:00","level":"INFO","msg":"\r","component":"api","simulation_id":14,"stream":"stdout"}
{"time":"2026-06-10T21:09:27.6218183+08:00","level":"INFO","msg":"Loading simulation input.\r","component":"api","simulation_id":14,"stream":"stdout"}
{"time":"2026-06-10T21:09:27.6218183+08:00","level":"INFO","msg":"\r","component":"api","simulation_id":14,"stream":"stdout"}
{"time":"2026-06-10T21:09:27.6218183+08:00","level":"INFO","msg":"Loading simulation input complete.\r","component":"api","simulation_id":14,"stream":"stdout"}
{"time":"2026-06-10T21:09:27.6218183+08:00","level":"INFO","msg":"    Elapsed Wall Clock Time: 0.0563998\r","component":"api","simulation_id":14,"stream":"stdout"}
{"time":"2026-06-10T21:09:27.6218183+08:00","level":"INFO","msg":"    Elapsed Processor Time : 0.046875\r","component":"api","simulation_id":14,"stream":"stdout"}
{"time":"2026-06-10T21:09:27.6218183+08:00","level":"INFO","msg":"***** FATAL: Could not process input files.\r","component":"api","simulation_id":14,"stream":"stdout"}
{"time":"2026-06-10T21:09:27.6218183+08:00","level":"INFO","msg":"    ***** ERROR: Cannot open file: ../signatures/blue_multirole_fighter_3_radar_signature.txt\r","component":"api","simulation_id":14,"stream":"stdout"}
{"time":"2026-06-10T21:09:27.6218183+08:00","level":"INFO","msg":"Reading of simulation input failed\r","component":"api","simulation_id":14,"stream":"stdout"}
{"time":"2026-06-10T21:09:27.6380557+08:00","level":"ERROR","msg":"mission.exe exited with error","component":"api","simulation_id":14,"error":"exit status 1"}
2026/06/10 21:09:27 [DESKTOP-2269V6M/M1g0Pn02vs-000089] "GET http://localhost:8080/api/scenarios HTTP/1.1" from [::1]:59192 - 200 1311B in 0s
2026/06/10 21:09:27 [DESKTOP-2269V6M/M1g0Pn02vs-000090] "GET http://localhost:8080/api/scenarios HTTP/1.1" from [::1]:59193 - 200 1311B in 0s
{"time":"2026-06-10T21:09:29.3916906+08:00","level":"INFO","msg":"pipe not available, retrying","component":"api","simulation_id":13,"pipe":"events","path":"\\\\.\\pipe\\afsim_events","error":"CreateFile pipe: The system cannot find the file specified.","retry_in":2000000000}
{"time":"2026-06-10T21:09:29.4359887+08:00","level":"INFO","msg":"pipe not available, retrying","component":"api","simulation_id":14,"pipe":"events","path":"\\\\.\\pipe\\afsim_events","error":"CreateFile pipe: The system cannot find the file specified.","retry_in":2000000000}
{"time":"2026-06-10T21:09:31.3926762+08:00","level":"INFO","msg":"pipe not available, retrying","component":"api","simulation_id":13,"pipe":"events","path":"\\\\.\\pipe\\afsim_events","error":"CreateFile pipe: The system cannot find the file specified.","retry_in":2000000000}
{"time":"2026-06-10T21:09:31.436376+08:00","level":"INFO","msg":"pipe not available, retrying","component":"api","simulation_id":14,"pipe":"events","path":"\\\\.\\pipe\\afsim_events","error":"CreateFile pipe: The system cannot find the file specified.","retry_in":2000000000}
{"time":"2026-06-10T21:09:33.393728+08:00","level":"INFO","msg":"pipe not available, retrying","component":"api","simulation_id":13,"pipe":"events","path":"\\\\.\\pipe\\afsim_events","error":"CreateFile pipe: The system cannot find the file specified.","retry_in":2000000000}
{"time":"2026-06-10T21:09:33.4369573+08:00","level":"INFO","msg":"pipe not available, retrying","component":"api","simulation_id":14,"pipe":"events","path":"\\\\.\\pipe\\afsim_events","error":"CreateFile pipe: The system cannot find the file specified.","retry_in":2000000000}
{"time":"2026-06-10T21:09:35.3940013+08:00","level":"INFO","msg":"pipe not available, retrying","component":"api","simulation_id":13,"pipe":"events","path":"\\\\.\\pipe\\afsim_events","error":"CreateFile pipe: The system cannot find the file specified.","retry_in":2000000000}
{"time":"2026-06-10T21:09:35.4370115+08:00","level":"INFO","msg":"pipe not available, retrying","component":"api","simulation_id":14,"pipe":"events","path":"\\\\.\\pipe\\afsim_events","error":"CreateFile pipe: The system cannot find the file specified.","retry_in":2000000000}
{"time":"2026-06-10T21:09:37.3947259+08:00","level":"INFO","msg":"pipe not available, retrying","component":"api","simulation_id":13,"pipe":"events","path":"\\\\.\\pipe\\afsim_events","error":"CreateFile pipe: The system cannot find the file specified.","retry_in":2000000000}
{"time":"2026-06-10T21:09:37.4373161+08:00","level":"INFO","msg":"pipe not available, retrying","component":"api","simulation_id":14,"pipe":"events","path":"\\\\.\\pipe\\afsim_events","error":"CreateFile pipe: The system cannot find the file specified.","retry_in":2000000000}
{"time":"2026-06-10T21:09:39.3952549+08:00","level":"INFO","msg":"pipe not available, retrying","component":"api","simulation_id":13,"pipe":"events","path":"\\\\.\\pipe\\afsim_events","error":"CreateFile pipe: The system cannot find the file specified.","retry_in":2000000000}
{"time":"2026-06-10T21:09:39.4378923+08:00","level":"INFO","msg":"pipe not available, retrying","component":"api","simulation_id":14,"pipe":"events","path":"\\\\.\\pipe\\afsim_events","error":"CreateFile pipe: The system cannot find the file specified.","retry_in":2000000000}
{"time":"2026-06-10T21:09:41.3962801+08:00","level":"INFO","msg":"pipe not available, retrying","component":"api","simulation_id":13,"pipe":"events","path":"\\\\.\\pipe\\afsim_events","error":"CreateFile pipe: The system cannot find the file specified.","retry_in":2000000000}
{"time":"2026-06-10T21:09:41.4383988+08:00","level":"INFO","msg":"pipe not available, retrying","component":"api","simulation_id":14,"pipe":"events","path":"\\\\.\\pipe\\afsim_events","error":"CreateFile pipe: The system cannot find the file specified.","retry_in":2000000000}
{"time":"2026-06-10T21:09:43.3964667+08:00","level":"INFO","msg":"pipe not available, retrying","component":"api","simulation_id":13,"pipe":"events","path":"\\\\.\\pipe\\afsim_events","error":"CreateFile pipe: The system cannot find the file specified.","retry_in":2000000000}
{"time":"2026-06-10T21:09:43.4385202+08:00","level":"INFO","msg":"pipe not available, retrying","component":"api","simulation_id":14,"pipe":"events","path":"\\\\.\\pipe\\afsim_events","error":"CreateFile pipe: The system cannot find the file specified.","retry_in":2000000000}
{"time":"2026-06-10T21:09:45.397482+08:00","level":"INFO","msg":"pipe not available, retrying","component":"api","simulation_id":13,"pipe":"events","path":"\\\\.\\pipe\\afsim_events","error":"CreateFile pipe: The system cannot find the file specified.","retry_in":2000000000}
{"time":"2026-06-10T21:09:45.4391183+08:00","level":"INFO","msg":"pipe not available, retrying","component":"api","simulation_id":14,"pipe":"events","path":"\\\\.\\pipe\\afsim_events","error":"CreateFile pipe: The system cannot find the file specified.","retry_in":2000000000}
{"time":"2026-06-10T21:09:47.399343+08:00","level":"INFO","msg":"pipe not available, retrying","component":"api","simulation_id":13,"pipe":"events","path":"\\\\.\\pipe\\afsim_events","error":"CreateFile pipe: The system cannot find the file specified.","retry_in":2000000000}
{"time":"2026-06-10T21:09:47.439864+08:00","level":"INFO","msg":"pipe not available, retrying","component":"api","simulation_id":14,"pipe":"events","path":"\\\\.\\pipe\\afsim_events","error":"CreateFile pipe: The system cannot find the file specified.","retry_in":2000000000}
{"time":"2026-06-10T21:09:49.3994195+08:00","level":"INFO","msg":"pipe not available, retrying","component":"api","simulation_id":13,"pipe":"events","path":"\\\\.\\pipe\\afsim_events","error":"CreateFile pipe: The system cannot find the file specified.","retry_in":2000000000}
{"time":"2026-06-10T21:09:49.4401182+08:00","level":"INFO","msg":"pipe not available, retrying","component":"api","simulation_id":14,"pipe":"events","path":"\\\\.\\pipe\\afsim_events","error":"CreateFile pipe: The system cannot find the file specified.","retry_in":2000000000}
{"time":"2026-06-10T21:09:51.3997624+08:00","level":"INFO","msg":"pipe not available, retrying","component":"api","simulation_id":13,"pipe":"events","path":"\\\\.\\pipe\\afsim_events","error":"CreateFile pipe: The system cannot find the file specified.","retry_in":2000000000}
{"time":"2026-06-10T21:09:51.440313+08:00","level":"INFO","msg":"pipe not available, retrying","component":"api","simulation_id":14,"pipe":"events","path":"\\\\.\\pipe\\afsim_events","error":"CreateFile pipe: The system cannot find the file specified.","retry_in":2000000000}
{"time":"2026-06-10T21:09:53.4002489+08:00","level":"INFO","msg":"pipe not available, retrying","component":"api","simulation_id":13,"pipe":"events","path":"\\\\.\\pipe\\afsim_events","error":"CreateFile pipe: The system cannot find the file specified.","retry_in":2000000000}
{"time":"2026-06-10T21:09:53.4409413+08:00","level":"INFO","msg":"pipe not available, retrying","component":"api","simulation_id":14,"pipe":"events","path":"\\\\.\\pipe\\afsim_events","error":"CreateFile pipe: The system cannot find the file specified.","retry_in":2000000000}
{"time":"2026-06-10T21:09:55.4007878+08:00","level":"INFO","msg":"pipe not available, retrying","component":"api","simulation_id":13,"pipe":"events","path":"\\\\.\\pipe\\afsim_events","error":"CreateFile pipe: The system cannot find the file specified.","retry_in":2000000000}
{"time":"2026-06-10T21:09:55.4412958+08:00","level":"INFO","msg":"pipe not available, retrying","component":"api","simulation_id":14,"pipe":"events","path":"\\\\.\\pipe\\afsim_events","error":"CreateFile pipe: The system cannot find the file specified.","retry_in":2000000000}
{"time":"2026-06-10T21:09:57.4010808+08:00","level":"INFO","msg":"pipe not available, retrying","component":"api","simulation_id":13,"pipe":"events","path":"\\\\.\\pipe\\afsim_events","error":"CreateFile pipe: The system cannot find the file specified.","retry_in":2000000000}
{"time":"2026-06-10T21:09:57.4415888+08:00","level":"INFO","msg":"pipe not available, retrying","component":"api","simulation_id":14,"pipe":"events","path":"\\\\.\\pipe\\afsim_events","error":"CreateFile pipe: The system cannot find the file specified.","retry_in":2000000000}
{"time":"2026-06-10T21:09:59.4014448+08:00","level":"INFO","msg":"pipe not available, retrying","component":"api","simulation_id":13,"pipe":"events","path":"\\\\.\\pipe\\afsim_events","error":"CreateFile pipe: The system cannot find the file specified.","retry_in":2000000000}
{"time":"2026-06-10T21:09:59.4424526+08:00","level":"INFO","msg":"pipe not available, retrying","component":"api","simulation_id":14,"pipe":"events","path":"\\\\.\\pipe\\afsim_events","error":"CreateFile pipe: The system cannot find the file specified.","retry_in":2000000000}
{"time":"2026-06-10T21:10:01.4021819+08:00","level":"INFO","msg":"pipe not available, retrying","component":"api","simulation_id":13,"pipe":"events","path":"\\\\.\\pipe\\afsim_events","error":"CreateFile pipe: The system cannot find the file specified.","retry_in":2000000000}
{"time":"2026-06-10T21:10:01.4428691+08:00","level":"INFO","msg":"pipe not available, retrying","component":"api","simulation_id":14,"pipe":"events","path":"\\\\.\\pipe\\afsim_events","error":"CreateFile pipe: The system cannot find the file specified.","retry_in":2000000000}
{"time":"2026-06-10T21:10:03.4027962+08:00","level":"INFO","msg":"pipe not available, retrying","component":"api","simulation_id":13,"pipe":"events","path":"\\\\.\\pipe\\afsim_events","error":"CreateFile pipe: The system cannot find the file specified.","retry_in":2000000000}
{"time":"2026-06-10T21:10:03.4434531+08:00","level":"INFO","msg":"pipe not available, retrying","component":"api","simulation_id":14,"pipe":"events","path":"\\\\.\\pipe\\afsim_events","error":"CreateFile pipe: The system cannot find the file specified.","retry_in":2000000000}
{"time":"2026-06-10T21:10:05.4028859+08:00","level":"INFO","msg":"pipe not available, retrying","component":"api","simulation_id":13,"pipe":"events","path":"\\\\.\\pipe\\afsim_events","error":"CreateFile pipe: The system cannot find the file specified.","retry_in":2000000000}
{"time":"2026-06-10T21:10:05.4444278+08:00","level":"INFO","msg":"pipe not available, retrying","component":"api","simulation_id":14,"pipe":"events","path":"\\\\.\\pipe\\afsim_events","error":"CreateFile pipe: The system cannot find the file specified.","retry_in":2000000000}
{"time":"2026-06-10T21:10:07.4035004+08:00","level":"INFO","msg":"pipe not available, retrying","component":"api","simulation_id":13,"pipe":"events","path":"\\\\.\\pipe\\afsim_events","error":"CreateFile pipe: The system cannot find the file specified.","retry_in":2000000000}
{"time":"2026-06-10T21:10:07.4450083+08:00","level":"INFO","msg":"pipe not available, retrying","component":"api","simulation_id":14,"pipe":"events","path":"\\\\.\\pipe\\afsim_events","error":"CreateFile pipe: The system cannot find the file specified.","retry_in":2000000000}
{"time":"2026-06-10T21:10:09.404559+08:00","level":"INFO","msg":"pipe not available, retrying","component":"api","simulation_id":13,"pipe":"events","path":"\\\\.\\pipe\\afsim_events","error":"CreateFile pipe: The system cannot find the file specified.","retry_in":2000000000}
{"time":"2026-06-10T21:10:09.4451209+08:00","level":"INFO","msg":"pipe not available, retrying","component":"api","simulation_id":14,"pipe":"events","path":"\\\\.\\pipe\\afsim_events","error":"CreateFile pipe: The system cannot find the file specified.","retry_in":2000000000}
2026/06/10 21:10:10 [DESKTOP-2269V6M/M1g0Pn02vs-000091] "GET http://localhost:8080/api/simulations/14 HTTP/1.1" from [::1]:59232 - 200 152B in 0s
{"time":"2026-06-10T21:10:11.4054109+08:00","level":"INFO","msg":"pipe not available, retrying","component":"api","simulation_id":13,"pipe":"events","path":"\\\\.\\pipe\\afsim_events","error":"CreateFile pipe: The system cannot find the file specified.","retry_in":2000000000}
{"time":"2026-06-10T21:10:11.445976+08:00","level":"INFO","msg":"pipe not available, retrying","component":"api","simulation_id":14,"pipe":"events","path":"\\\\.\\pipe\\afsim_events","error":"CreateFile pipe: The system cannot find the file specified.","retry_in":2000000000}
{"time":"2026-06-10T21:10:13.4056263+08:00","level":"INFO","msg":"pipe not available, retrying","component":"api","simulation_id":13,"pipe":"events","path":"\\\\.\\pipe\\afsim_events","error":"CreateFile pipe: The system cannot find the file specified.","retry_in":2000000000}
{"time":"2026-06-10T21:10:13.4466799+08:00","level":"INFO","msg":"pipe not available, retrying","component":"api","simulation_id":14,"pipe":"events","path":"\\\\.\\pipe\\afsim_events","error":"CreateFile pipe: The system cannot find the file specified.","retry_in":2000000000}
{"time":"2026-06-10T21:10:15.4062895+08:00","level":"INFO","msg":"pipe not available, retrying","component":"api","simulation_id":13,"pipe":"events","path":"\\\\.\\pipe\\afsim_events","error":"CreateFile pipe: The system cannot find the file specified.","retry_in":2000000000}
{"time":"2026-06-10T21:10:15.4471536+08:00","level":"INFO","msg":"pipe not available, retrying","component":"api","simulation_id":14,"pipe":"events","path":"\\\\.\\pipe\\afsim_events","error":"CreateFile pipe: The system cannot find the file specified.","retry_in":2000000000}
{"time":"2026-06-10T21:10:17.4072957+08:00","level":"INFO","msg":"pipe not available, retrying","component":"api","simulation_id":13,"pipe":"events","path":"\\\\.\\pipe\\afsim_events","error":"CreateFile pipe: The system cannot find the file specified.","retry_in":2000000000}
{"time":"2026-06-10T21:10:17.4480624+08:00","level":"INFO","msg":"pipe not available, retrying","component":"api","simulation_id":14,"pipe":"events","path":"\\\\.\\pipe\\afsim_events","error":"CreateFile pipe: The system cannot find the file specified.","retry_in":2000000000}
{"time":"2026-06-10T21:10:19.4080836+08:00","level":"INFO","msg":"pipe not available, retrying","component":"api","simulation_id":13,"pipe":"events","path":"\\\\.\\pipe\\afsim_events","error":"CreateFile pipe: The system cannot find the file specified.","retry_in":2000000000}
{"time":"2026-06-10T21:10:19.448771+08:00","level":"INFO","msg":"pipe not available, retrying","component":"api","simulation_id":14,"pipe":"events","path":"\\\\.\\pipe\\afsim_events","error":"CreateFile pipe: The system cannot find the file specified.","retry_in":2000000000}
{"time":"2026-06-10T21:10:21.4084773+08:00","level":"INFO","msg":"pipe not available, retrying","component":"api","simulation_id":13,"pipe":"events","path":"\\\\.\\pipe\\afsim_events","error":"CreateFile pipe: The system cannot find the file specified.","retry_in":2000000000}
{"time":"2026-06-10T21:10:21.4489846+08:00","level":"INFO","msg":"pipe not available, retrying","component":"api","simulation_id":14,"pipe":"events","path":"\\\\.\\pipe\\afsim_events","error":"CreateFile pipe: The system cannot find the file specified.","retry_in":2000000000}
{"time":"2026-06-10T21:10:23.4094693+08:00","level":"INFO","msg":"pipe not available, retrying","component":"api","simulation_id":13,"pipe":"events","path":"\\\\.\\pipe\\afsim_events","error":"CreateFile pipe: The system cannot find the file specified.","retry_in":2000000000}
{"time":"2026-06-10T21:10:23.4491237+08:00","level":"INFO","msg":"pipe not available, retrying","component":"api","simulation_id":14,"pipe":"events","path":"\\\\.\\pipe\\afsim_events","error":"CreateFile pipe: The system cannot find the file specified.","retry_in":2000000000}
{"time":"2026-06-10T21:10:25.410244+08:00","level":"INFO","msg":"pipe not available, retrying","component":"api","simulation_id":13,"pipe":"events","path":"\\\\.\\pipe\\afsim_events","error":"CreateFile pipe: The system cannot find the file specified.","retry_in":2000000000}
{"time":"2026-06-10T21:10:25.4499768+08:00","level":"INFO","msg":"pipe not available, retrying","component":"api","simulation_id":14,"pipe":"events","path":"\\\\.\\pipe\\afsim_events","error":"CreateFile pipe: The system cannot find the file specified.","retry_in":2000000000}
{"time":"2026-06-10T21:10:27.4104036+08:00","level":"INFO","msg":"pipe not available, retrying","component":"api","simulation_id":13,"pipe":"events","path":"\\\\.\\pipe\\afsim_events","error":"CreateFile pipe: The system cannot find the file specified.","retry_in":2000000000}
{"time":"2026-06-10T21:10:27.4509569+08:00","level":"INFO","msg":"pipe not available, retrying","component":"api","simulation_id":14,"pipe":"events","path":"\\\\.\\pipe\\afsim_events","error":"CreateFile pipe: The system cannot find the file specified.","retry_in":2000000000}
{"time":"2026-06-10T21:10:29.4107695+08:00","level":"INFO","msg":"pipe not available, retrying","component":"api","simulation_id":13,"pipe":"events","path":"\\\\.\\pipe\\afsim_events","error":"CreateFile pipe: The system cannot find the file specified.","retry_in":2000000000}
{"time":"2026-06-10T21:10:29.4513128+08:00","level":"INFO","msg":"pipe not available, retrying","component":"api","simulation_id":14,"pipe":"events","path":"\\\\.\\pipe\\afsim_events","error":"CreateFile pipe: The system cannot find the file specified.","retry_in":2000000000}
{"time":"2026-06-10T21:10:31.4115144+08:00","level":"INFO","msg":"pipe not available, retrying","component":"api","simulation_id":13,"pipe":"events","path":"\\\\.\\pipe\\afsim_events","error":"CreateFile pipe: The system cannot find the file specified.","retry_in":2000000000}
{"time":"2026-06-10T21:10:31.4524149+08:00","level":"INFO","msg":"pipe not available, retrying","component":"api","simulation_id":14,"pipe":"events","path":"\\\\.\\pipe\\afsim_events","error":"CreateFile pipe: The system cannot find the file specified.","retry_in":2000000000}
{"time":"2026-06-10T21:10:33.4124782+08:00","level":"INFO","msg":"pipe not available, retrying","component":"api","simulation_id":13,"pipe":"events","path":"\\\\.\\pipe\\afsim_events","error":"CreateFile pipe: The system cannot find the file specified.","retry_in":2000000000}
{"time":"2026-06-10T21:10:33.4533581+08:00","level":"INFO","msg":"pipe not available, retrying","component":"api","simulation_id":14,"pipe":"events","path":"\\\\.\\pipe\\afsim_events","error":"CreateFile pipe: The system cannot find the file specified.","retry_in":2000000000}
{"time":"2026-06-10T21:10:35.4135032+08:00","level":"INFO","msg":"pipe not available, retrying","component":"api","simulation_id":13,"pipe":"events","path":"\\\\.\\pipe\\afsim_events","error":"CreateFile pipe: The system cannot find the file specified.","retry_in":2000000000}
{"time":"2026-06-10T21:10:35.4541505+08:00","level":"INFO","msg":"pipe not available, retrying","component":"api","simulation_id":14,"pipe":"events","path":"\\\\.\\pipe\\afsim_events","error":"CreateFile pipe: The system cannot find the file specified.","retry_in":2000000000}
{"time":"2026-06-10T21:10:37.4143913+08:00","level":"INFO","msg":"pipe not available, retrying","component":"api","simulation_id":13,"pipe":"events","path":"\\\\.\\pipe\\afsim_events","error":"CreateFile pipe: The system cannot find the file specified.","retry_in":2000000000}
{"time":"2026-06-10T21:10:37.4550772+08:00","level":"INFO","msg":"pipe not available, retrying","component":"api","simulation_id":14,"pipe":"events","path":"\\\\.\\pipe\\afsim_events","error":"CreateFile pipe: The system cannot find the file specified.","retry_in":2000000000}
{"time":"2026-06-10T21:10:39.4147149+08:00","level":"INFO","msg":"pipe not available, retrying","component":"api","simulation_id":13,"pipe":"events","path":"\\\\.\\pipe\\afsim_events","error":"CreateFile pipe: The system cannot find the file specified.","retry_in":2000000000}
{"time":"2026-06-10T21:10:39.4552817+08:00","level":"INFO","msg":"pipe not available, retrying","component":"api","simulation_id":14,"pipe":"events","path":"\\\\.\\pipe\\afsim_events","error":"CreateFile pipe: The system cannot find the file specified.","retry_in":2000000000}
{"time":"2026-06-10T21:10:41.4153712+08:00","level":"INFO","msg":"pipe not available, retrying","component":"api","simulation_id":13,"pipe":"events","path":"\\\\.\\pipe\\afsim_events","error":"CreateFile pipe: The system cannot find the file specified.","retry_in":2000000000}
{"time":"2026-06-10T21:10:41.4560531+08:00","level":"INFO","msg":"pipe not available, retrying","component":"api","simulation_id":14,"pipe":"events","path":"\\\\.\\pipe\\afsim_events","error":"CreateFile pipe: The system cannot find the file specified.","retry_in":2000000000}
{"time":"2026-06-10T21:10:43.4161856+08:00","level":"INFO","msg":"pipe not available, retrying","component":"api","simulation_id":13,"pipe":"events","path":"\\\\.\\pipe\\afsim_events","error":"CreateFile pipe: The system cannot find the file specified.","retry_in":2000000000}
{"time":"2026-06-10T21:10:43.4568513+08:00","level":"INFO","msg":"pipe not available, retrying","component":"api","simulation_id":14,"pipe":"events","path":"\\\\.\\pipe\\afsim_events","error":"CreateFile pipe: The system cannot find the file specified.","retry_in":2000000000}
{"time":"2026-06-10T21:10:45.4173297+08:00","level":"INFO","msg":"pipe not available, retrying","component":"api","simulation_id":13,"pipe":"events","path":"\\\\.\\pipe\\afsim_events","error":"CreateFile pipe: The system cannot find the file specified.","retry_in":2000000000}
{"time":"2026-06-10T21:10:45.457337+08:00","level":"INFO","msg":"pipe not available, retrying","component":"api","simulation_id":14,"pipe":"events","path":"\\\\.\\pipe\\afsim_events","error":"CreateFile pipe: The system cannot find the file specified.","retry_in":2000000000}
{"time":"2026-06-10T21:10:47.4179348+08:00","level":"INFO","msg":"pipe not available, retrying","component":"api","simulation_id":13,"pipe":"events","path":"\\\\.\\pipe\\afsim_events","error":"CreateFile pipe: The system cannot find the file specified.","retry_in":2000000000}
{"time":"2026-06-10T21:10:47.4575896+08:00","level":"INFO","msg":"pipe not available, retrying","component":"api","simulation_id":14,"pipe":"events","path":"\\\\.\\pipe\\afsim_events","error":"CreateFile pipe: The system cannot find the file specified.","retry_in":2000000000}
{"time":"2026-06-10T21:10:49.4187321+08:00","level":"INFO","msg":"pipe not available, retrying","component":"api","simulation_id":13,"pipe":"events","path":"\\\\.\\pipe\\afsim_events","error":"CreateFile pipe: The system cannot find the file specified.","retry_in":2000000000}
{"time":"2026-06-10T21:10:49.458366+08:00","level":"INFO","msg":"pipe not available, retrying","component":"api","simulation_id":14,"pipe":"events","path":"\\\\.\\pipe\\afsim_events","error":"CreateFile pipe: The system cannot find the file specified.","retry_in":2000000000}
{"time":"2026-06-10T21:10:51.4188302+08:00","level":"INFO","msg":"pipe not available, retrying","component":"api","simulation_id":13,"pipe":"events","path":"\\\\.\\pipe\\afsim_events","error":"CreateFile pipe: The system cannot find the file specified.","retry_in":2000000000}
{"time":"2026-06-10T21:10:51.4589811+08:00","level":"INFO","msg":"pipe not available, retrying","component":"api","simulation_id":14,"pipe":"events","path":"\\\\.\\pipe\\afsim_events","error":"CreateFile pipe: The system cannot find the file specified.","retry_in":2000000000}
{"time":"2026-06-10T21:10:53.4192966+08:00","level":"INFO","msg":"pipe not available, retrying","component":"api","simulation_id":13,"pipe":"events","path":"\\\\.\\pipe\\afsim_events","error":"CreateFile pipe: The system cannot find the file specified.","retry_in":2000000000}
{"time":"2026-06-10T21:10:53.4598043+08:00","level":"INFO","msg":"pipe not available, retrying","component":"api","simulation_id":14,"pipe":"events","path":"\\\\.\\pipe\\afsim_events","error":"CreateFile pipe: The system cannot find the file specified.","retry_in":2000000000}
{"time":"2026-06-10T21:10:55.4197079+08:00","level":"INFO","msg":"pipe not available, retrying","component":"api","simulation_id":13,"pipe":"events","path":"\\\\.\\pipe\\afsim_events","error":"CreateFile pipe: The system cannot find the file specified.","retry_in":2000000000}
{"time":"2026-06-10T21:10:55.4602168+08:00","level":"INFO","msg":"pipe not available, retrying","component":"api","simulation_id":14,"pipe":"events","path":"\\\\.\\pipe\\afsim_events","error":"CreateFile pipe: The system cannot find the file specified.","retry_in":2000000000}
{"time":"2026-06-10T21:10:57.4204731+08:00","level":"INFO","msg":"pipe not available, retrying","component":"api","simulation_id":13,"pipe":"events","path":"\\\\.\\pipe\\afsim_events","error":"CreateFile pipe: The system cannot find the file specified.","retry_in":2000000000}
{"time":"2026-06-10T21:10:57.4611113+08:00","level":"INFO","msg":"pipe not available, retrying","component":"api","simulation_id":14,"pipe":"events","path":"\\\\.\\pipe\\afsim_events","error":"CreateFile pipe: The system cannot find the file specified.","retry_in":2000000000}
{"time":"2026-06-10T21:10:59.4209272+08:00","level":"INFO","msg":"pipe not available, retrying","component":"api","simulation_id":13,"pipe":"events","path":"\\\\.\\pipe\\afsim_events","error":"CreateFile pipe: The system cannot find the file specified.","retry_in":2000000000}
{"time":"2026-06-10T21:10:59.4614777+08:00","level":"INFO","msg":"pipe not available, retrying","component":"api","simulation_id":14,"pipe":"events","path":"\\\\.\\pipe\\afsim_events","error":"CreateFile pipe: The system cannot find the file specified.","retry_in":2000000000}
{"time":"2026-06-10T21:11:01.4217002+08:00","level":"INFO","msg":"pipe not available, retrying","component":"api","simulation_id":13,"pipe":"events","path":"\\\\.\\pipe\\afsim_events","error":"CreateFile pipe: The system cannot find the file specified.","retry_in":2000000000}
{"time":"2026-06-10T21:11:01.4623571+08:00","level":"INFO","msg":"pipe not available, retrying","component":"api","simulation_id":14,"pipe":"events","path":"\\\\.\\pipe\\afsim_events","error":"CreateFile pipe: The system cannot find the file specified.","retry_in":2000000000}
{"time":"2026-06-10T21:11:03.4227422+08:00","level":"INFO","msg":"pipe not available, retrying","component":"api","simulation_id":13,"pipe":"events","path":"\\\\.\\pipe\\afsim_events","error":"CreateFile pipe: The system cannot find the file specified.","retry_in":2000000000}
{"time":"2026-06-10T21:11:03.4632521+08:00","level":"INFO","msg":"pipe not available, retrying","component":"api","simulation_id":14,"pipe":"events","path":"\\\\.\\pipe\\afsim_events","error":"CreateFile pipe: The system cannot find the file specified.","retry_in":2000000000}
{"time":"2026-06-10T21:11:05.4229449+08:00","level":"INFO","msg":"pipe not available, retrying","component":"api","simulation_id":13,"pipe":"events","path":"\\\\.\\pipe\\afsim_events","error":"CreateFile pipe: The system cannot find the file specified.","retry_in":2000000000}
{"time":"2026-06-10T21:11:05.4634933+08:00","level":"INFO","msg":"pipe not available, retrying","component":"api","simulation_id":14,"pipe":"events","path":"\\\\.\\pipe\\afsim_events","error":"CreateFile pipe: The system cannot find the file specified.","retry_in":2000000000}
{"time":"2026-06-10T21:11:07.4239027+08:00","level":"INFO","msg":"pipe not available, retrying","component":"api","simulation_id":13,"pipe":"events","path":"\\\\.\\pipe\\afsim_events","error":"CreateFile pipe: The system cannot find the file specified.","retry_in":2000000000}
{"time":"2026-06-10T21:11:07.4644883+08:00","level":"INFO","msg":"pipe not available, retrying","component":"api","simulation_id":14,"pipe":"events","path":"\\\\.\\pipe\\afsim_events","error":"CreateFile pipe: The system cannot find the file specified.","retry_in":2000000000}
{"time":"2026-06-10T21:11:09.4243685+08:00","level":"INFO","msg":"pipe not available, retrying","component":"api","simulation_id":13,"pipe":"events","path":"\\\\.\\pipe\\afsim_events","error":"CreateFile pipe: The system cannot find the file specified.","retry_in":2000000000}
{"time":"2026-06-10T21:11:09.4650723+08:00","level":"INFO","msg":"pipe not available, retrying","component":"api","simulation_id":14,"pipe":"events","path":"\\\\.\\pipe\\afsim_events","error":"CreateFile pipe: The system cannot find the file specified.","retry_in":2000000000}
{"time":"2026-06-10T21:11:11.4253769+08:00","level":"INFO","msg":"pipe not available, retrying","component":"api","simulation_id":13,"pipe":"events","path":"\\\\.\\pipe\\afsim_events","error":"CreateFile pipe: The system cannot find the file specified.","retry_in":2000000000}
{"time":"2026-06-10T21:11:11.465886+08:00","level":"INFO","msg":"pipe not available, retrying","component":"api","simulation_id":14,"pipe":"events","path":"\\\\.\\pipe\\afsim_events","error":"CreateFile pipe: The system cannot find the file specified.","retry_in":2000000000}
{"time":"2026-06-10T21:11:13.4260177+08:00","level":"INFO","msg":"pipe not available, retrying","component":"api","simulation_id":13,"pipe":"events","path":"\\\\.\\pipe\\afsim_events","error":"CreateFile pipe: The system cannot find the file specified.","retry_in":2000000000}
{"time":"2026-06-10T21:11:13.4661092+08:00","level":"INFO","msg":"pipe not available, retrying","component":"api","simulation_id":14,"pipe":"events","path":"\\\\.\\pipe\\afsim_events","error":"CreateFile pipe: The system cannot find the file specified.","retry_in":2000000000}
{"time":"2026-06-10T21:11:15.4269508+08:00","level":"INFO","msg":"pipe not available, retrying","component":"api","simulation_id":13,"pipe":"events","path":"\\\\.\\pipe\\afsim_events","error":"CreateFile pipe: The system cannot find the file specified.","retry_in":2000000000}
{"time":"2026-06-10T21:11:15.466592+08:00","level":"INFO","msg":"pipe not available, retrying","component":"api","simulation_id":14,"pipe":"events","path":"\\\\.\\pipe\\afsim_events","error":"CreateFile pipe: The system cannot find the file specified.","retry_in":2000000000}
{"time":"2026-06-10T21:11:17.4271353+08:00","level":"INFO","msg":"pipe not available, retrying","component":"api","simulation_id":13,"pipe":"events","path":"\\\\.\\pipe\\afsim_events","error":"CreateFile pipe: The system cannot find the file specified.","retry_in":2000000000}
{"time":"2026-06-10T21:11:17.4671441+08:00","level":"INFO","msg":"pipe not available, retrying","component":"api","simulation_id":14,"pipe":"events","path":"\\\\.\\pipe\\afsim_events","error":"CreateFile pipe: The system cannot find the file specified.","retry_in":2000000000}
{"time":"2026-06-10T21:11:19.4274629+08:00","level":"INFO","msg":"pipe not available, retrying","component":"api","simulation_id":13,"pipe":"events","path":"\\\\.\\pipe\\afsim_events","error":"CreateFile pipe: The system cannot find the file specified.","retry_in":2000000000}
{"time":"2026-06-10T21:11:19.4674717+08:00","level":"INFO","msg":"pipe not available, retrying","component":"api","simulation_id":14,"pipe":"events","path":"\\\\.\\pipe\\afsim_events","error":"CreateFile pipe: The system cannot find the file specified.","retry_in":2000000000}
{"time":"2026-06-10T21:11:21.4282406+08:00","level":"INFO","msg":"pipe not available, retrying","component":"api","simulation_id":13,"pipe":"events","path":"\\\\.\\pipe\\afsim_events","error":"CreateFile pipe: The system cannot find the file specified.","retry_in":2000000000}
{"time":"2026-06-10T21:11:21.4682668+08:00","level":"INFO","msg":"pipe not available, retrying","component":"api","simulation_id":14,"pipe":"events","path":"\\\\.\\pipe\\afsim_events","error":"CreateFile pipe: The system cannot find the file specified.","retry_in":2000000000}
{"time":"2026-06-10T21:11:23.4287593+08:00","level":"INFO","msg":"pipe not available, retrying","component":"api","simulation_id":13,"pipe":"events","path":"\\\\.\\pipe\\afsim_events","error":"CreateFile pipe: The system cannot find the file specified.","retry_in":2000000000}
{"time":"2026-06-10T21:11:23.4692671+08:00","level":"INFO","msg":"pipe not available, retrying","component":"api","simulation_id":14,"pipe":"events","path":"\\\\.\\pipe\\afsim_events","error":"CreateFile pipe: The system cannot find the file specified.","retry_in":2000000000}
{"time":"2026-06-10T21:11:25.4290786+08:00","level":"INFO","msg":"pipe not available, retrying","component":"api","simulation_id":13,"pipe":"events","path":"\\\\.\\pipe\\afsim_events","error":"CreateFile pipe: The system cannot find the file specified.","retry_in":2000000000}
{"time":"2026-06-10T21:11:25.4697849+08:00","level":"INFO","msg":"pipe not available, retrying","component":"api","simulation_id":14,"pipe":"events","path":"\\\\.\\pipe\\afsim_events","error":"CreateFile pipe: The system cannot find the file specified.","retry_in":2000000000}
{"time":"2026-06-10T21:11:27.4301041+08:00","level":"INFO","msg":"pipe not available, retrying","component":"api","simulation_id":13,"pipe":"events","path":"\\\\.\\pipe\\afsim_events","error":"CreateFile pipe: The system cannot find the file specified.","retry_in":2000000000}
{"time":"2026-06-10T21:11:27.4699366+08:00","level":"INFO","msg":"pipe not available, retrying","component":"api","simulation_id":14,"pipe":"events","path":"\\\\.\\pipe\\afsim_events","error":"CreateFile pipe: The system cannot find the file specified.","retry_in":2000000000}
{"time":"2026-06-10T21:11:29.4302327+08:00","level":"INFO","msg":"pipe not available, retrying","component":"api","simulation_id":13,"pipe":"events","path":"\\\\.\\pipe\\afsim_events","error":"CreateFile pipe: The system cannot find the file specified.","retry_in":2000000000}
{"time":"2026-06-10T21:11:29.4703781+08:00","level":"INFO","msg":"pipe not available, retrying","component":"api","simulation_id":14,"pipe":"events","path":"\\\\.\\pipe\\afsim_events","error":"CreateFile pipe: The system cannot find the file specified.","retry_in":2000000000}
{"time":"2026-06-10T21:11:31.4306144+08:00","level":"INFO","msg":"pipe not available, retrying","component":"api","simulation_id":13,"pipe":"events","path":"\\\\.\\pipe\\afsim_events","error":"CreateFile pipe: The system cannot find the file specified.","retry_in":2000000000}
{"time":"2026-06-10T21:11:31.471236+08:00","level":"INFO","msg":"pipe not available, retrying","component":"api","simulation_id":14,"pipe":"events","path":"\\\\.\\pipe\\afsim_events","error":"CreateFile pipe: The system cannot find the file specified.","retry_in":2000000000}
{"time":"2026-06-10T21:11:33.4314824+08:00","level":"INFO","msg":"pipe not available, retrying","component":"api","simulation_id":13,"pipe":"events","path":"\\\\.\\pipe\\afsim_events","error":"CreateFile pipe: The system cannot find the file specified.","retry_in":2000000000}
{"time":"2026-06-10T21:11:33.4721718+08:00","level":"INFO","msg":"pipe not available, retrying","component":"api","simulation_id":14,"pipe":"events","path":"\\\\.\\pipe\\afsim_events","error":"CreateFile pipe: The system cannot find the file specified.","retry_in":2000000000}
{"time":"2026-06-10T21:11:35.432425+08:00","level":"INFO","msg":"pipe not available, retrying","component":"api","simulation_id":13,"pipe":"events","path":"\\\\.\\pipe\\afsim_events","error":"CreateFile pipe: The system cannot find the file specified.","retry_in":2000000000}
{"time":"2026-06-10T21:11:35.4729752+08:00","level":"INFO","msg":"pipe not available, retrying","component":"api","simulation_id":14,"pipe":"events","path":"\\\\.\\pipe\\afsim_events","error":"CreateFile pipe: The system cannot find the file specified.","retry_in":2000000000}
{"time":"2026-06-10T21:11:37.4333264+08:00","level":"INFO","msg":"pipe not available, retrying","component":"api","simulation_id":13,"pipe":"events","path":"\\\\.\\pipe\\afsim_events","error":"CreateFile pipe: The system cannot find the file specified.","retry_in":2000000000}
{"time":"2026-06-10T21:11:37.473899+08:00","level":"INFO","msg":"pipe not available, retrying","component":"api","simulation_id":14,"pipe":"events","path":"\\\\.\\pipe\\afsim_events","error":"CreateFile pipe: The system cannot find the file specified.","retry_in":2000000000}
{"time":"2026-06-10T21:11:39.4337489+08:00","level":"INFO","msg":"pipe not available, retrying","component":"api","simulation_id":13,"pipe":"events","path":"\\\\.\\pipe\\afsim_events","error":"CreateFile pipe: The system cannot find the file specified.","retry_in":2000000000}
{"time":"2026-06-10T21:11:39.4742574+08:00","level":"INFO","msg":"pipe not available, retrying","component":"api","simulation_id":14,"pipe":"events","path":"\\\\.\\pipe\\afsim_events","error":"CreateFile pipe: The system cannot find the file specified.","retry_in":2000000000}
{"time":"2026-06-10T21:11:41.4344922+08:00","level":"INFO","msg":"pipe not available, retrying","component":"api","simulation_id":13,"pipe":"events","path":"\\\\.\\pipe\\afsim_events","error":"CreateFile pipe: The system cannot find the file specified.","retry_in":2000000000}
{"time":"2026-06-10T21:11:41.4749992+08:00","level":"INFO","msg":"pipe not available, retrying","component":"api","simulation_id":14,"pipe":"events","path":"\\\\.\\pipe\\afsim_events","error":"CreateFile pipe: The system cannot find the file specified.","retry_in":2000000000}
{"time":"2026-06-10T21:11:43.4353405+08:00","level":"INFO","msg":"pipe not available, retrying","component":"api","simulation_id":13,"pipe":"events","path":"\\\\.\\pipe\\afsim_events","error":"CreateFile pipe: The system cannot find the file specified.","retry_in":2000000000}
{"time":"2026-06-10T21:11:43.4754813+08:00","level":"INFO","msg":"pipe not available, retrying","component":"api","simulation_id":14,"pipe":"events","path":"\\\\.\\pipe\\afsim_events","error":"CreateFile pipe: The system cannot find the file specified.","retry_in":2000000000}
{"time":"2026-06-10T21:11:45.4358728+08:00","level":"INFO","msg":"pipe not available, retrying","component":"api","simulation_id":13,"pipe":"events","path":"\\\\.\\pipe\\afsim_events","error":"CreateFile pipe: The system cannot find the file specified.","retry_in":2000000000}
{"time":"2026-06-10T21:11:45.4763798+08:00","level":"INFO","msg":"pipe not available, retrying","component":"api","simulation_id":14,"pipe":"events","path":"\\\\.\\pipe\\afsim_events","error":"CreateFile pipe: The system cannot find the file specified.","retry_in":2000000000}
{"time":"2026-06-10T21:11:47.4365031+08:00","level":"INFO","msg":"pipe not available, retrying","component":"api","simulation_id":13,"pipe":"events","path":"\\\\.\\pipe\\afsim_events","error":"CreateFile pipe: The system cannot find the file specified.","retry_in":2000000000}
{"time":"2026-06-10T21:11:47.4772198+08:00","level":"INFO","msg":"pipe not available, retrying","component":"api","simulation_id":14,"pipe":"events","path":"\\\\.\\pipe\\afsim_events","error":"CreateFile pipe: The system cannot find the file specified.","retry_in":2000000000}
{"time":"2026-06-10T21:11:49.4370624+08:00","level":"INFO","msg":"pipe not available, retrying","component":"api","simulation_id":13,"pipe":"events","path":"\\\\.\\pipe\\afsim_events","error":"CreateFile pipe: The system cannot find the file specified.","retry_in":2000000000}
{"time":"2026-06-10T21:11:49.4777513+08:00","level":"INFO","msg":"pipe not available, retrying","component":"api","simulation_id":14,"pipe":"events","path":"\\\\.\\pipe\\afsim_events","error":"CreateFile pipe: The system cannot find the file specified.","retry_in":2000000000}
{"time":"2026-06-10T21:11:51.437345+08:00","level":"INFO","msg":"pipe not available, retrying","component":"api","simulation_id":13,"pipe":"events","path":"\\\\.\\pipe\\afsim_events","error":"CreateFile pipe: The system cannot find the file specified.","retry_in":2000000000}
{"time":"2026-06-10T21:11:51.4778889+08:00","level":"INFO","msg":"pipe not available, retrying","component":"api","simulation_id":14,"pipe":"events","path":"\\\\.\\pipe\\afsim_events","error":"CreateFile pipe: The system cannot find the file specified.","retry_in":2000000000}
{"time":"2026-06-10T21:11:53.4374574+08:00","level":"INFO","msg":"pipe not available, retrying","component":"api","simulation_id":13,"pipe":"events","path":"\\\\.\\pipe\\afsim_events","error":"CreateFile pipe: The system cannot find the file specified.","retry_in":2000000000}
{"time":"2026-06-10T21:11:53.4780053+08:00","level":"INFO","msg":"pipe not available, retrying","component":"api","simulation_id":14,"pipe":"events","path":"\\\\.\\pipe\\afsim_events","error":"CreateFile pipe: The system cannot find the file specified.","retry_in":2000000000}
{"time":"2026-06-10T21:11:55.4380514+08:00","level":"INFO","msg":"pipe not available, retrying","component":"api","simulation_id":13,"pipe":"events","path":"\\\\.\\pipe\\afsim_events","error":"CreateFile pipe: The system cannot find the file specified.","retry_in":2000000000}
{"time":"2026-06-10T21:11:55.4790594+08:00","level":"INFO","msg":"pipe not available, retrying","component":"api","simulation_id":14,"pipe":"events","path":"\\\\.\\pipe\\afsim_events","error":"CreateFile pipe: The system cannot find the file specified.","retry_in":2000000000}
{"time":"2026-06-10T21:11:57.4382192+08:00","level":"INFO","msg":"pipe not available, retrying","component":"api","simulation_id":13,"pipe":"events","path":"\\\\.\\pipe\\afsim_events","error":"CreateFile pipe: The system cannot find the file specified.","retry_in":2000000000}
{"time":"2026-06-10T21:11:57.4798628+08:00","level":"INFO","msg":"pipe not available, retrying","component":"api","simulation_id":14,"pipe":"events","path":"\\\\.\\pipe\\afsim_events","error":"CreateFile pipe: The system cannot find the file specified.","retry_in":2000000000}
{"time":"2026-06-10T21:11:59.4391444+08:00","level":"INFO","msg":"pipe not available, retrying","component":"api","simulation_id":13,"pipe":"events","path":"\\\\.\\pipe\\afsim_events","error":"CreateFile pipe: The system cannot find the file specified.","retry_in":2000000000}
{"time":"2026-06-10T21:11:59.4805634+08:00","level":"INFO","msg":"pipe not available, retrying","component":"api","simulation_id":14,"pipe":"events","path":"\\\\.\\pipe\\afsim_events","error":"CreateFile pipe: The system cannot find the file specified.","retry_in":2000000000}
{"time":"2026-06-10T21:12:01.4398014+08:00","level":"INFO","msg":"pipe not available, retrying","component":"api","simulation_id":13,"pipe":"events","path":"\\\\.\\pipe\\afsim_events","error":"CreateFile pipe: The system cannot find the file specified.","retry_in":2000000000}
{"time":"2026-06-10T21:12:01.481365+08:00","level":"INFO","msg":"pipe not available, retrying","component":"api","simulation_id":14,"pipe":"events","path":"\\\\.\\pipe\\afsim_events","error":"CreateFile pipe: The system cannot find the file specified.","retry_in":2000000000}
{"time":"2026-06-10T21:12:03.4403521+08:00","level":"INFO","msg":"pipe not available, retrying","component":"api","simulation_id":13,"pipe":"events","path":"\\\\.\\pipe\\afsim_events","error":"CreateFile pipe: The system cannot find the file specified.","retry_in":2000000000}
{"time":"2026-06-10T21:12:03.4819094+08:00","level":"INFO","msg":"pipe not available, retrying","component":"api","simulation_id":14,"pipe":"events","path":"\\\\.\\pipe\\afsim_events","error":"CreateFile pipe: The system cannot find the file specified.","retry_in":2000000000}
{"time":"2026-06-10T21:12:05.4407891+08:00","level":"INFO","msg":"pipe not available, retrying","component":"api","simulation_id":13,"pipe":"events","path":"\\\\.\\pipe\\afsim_events","error":"CreateFile pipe: The system cannot find the file specified.","retry_in":2000000000}
{"time":"2026-06-10T21:12:05.4823516+08:00","level":"INFO","msg":"pipe not available, retrying","component":"api","simulation_id":14,"pipe":"events","path":"\\\\.\\pipe\\afsim_events","error":"CreateFile pipe: The system cannot find the file specified.","retry_in":2000000000}
{"time":"2026-06-10T21:12:07.4414602+08:00","level":"INFO","msg":"pipe not available, retrying","component":"api","simulation_id":13,"pipe":"events","path":"\\\\.\\pipe\\afsim_events","error":"CreateFile pipe: The system cannot find the file specified.","retry_in":2000000000}
{"time":"2026-06-10T21:12:07.4830957+08:00","level":"INFO","msg":"pipe not available, retrying","component":"api","simulation_id":14,"pipe":"events","path":"\\\\.\\pipe\\afsim_events","error":"CreateFile pipe: The system cannot find the file specified.","retry_in":2000000000}
{"time":"2026-06-10T21:12:09.4422805+08:00","level":"INFO","msg":"pipe not available, retrying","component":"api","simulation_id":13,"pipe":"events","path":"\\\\.\\pipe\\afsim_events","error":"CreateFile pipe: The system cannot find the file specified.","retry_in":2000000000}
{"time":"2026-06-10T21:12:09.4833767+08:00","level":"INFO","msg":"pipe not available, retrying","component":"api","simulation_id":14,"pipe":"events","path":"\\\\.\\pipe\\afsim_events","error":"CreateFile pipe: The system cannot find the file specified.","retry_in":2000000000}
{"time":"2026-06-10T21:12:11.4429297+08:00","level":"INFO","msg":"pipe not available, retrying","component":"api","simulation_id":13,"pipe":"events","path":"\\\\.\\pipe\\afsim_events","error":"CreateFile pipe: The system cannot find the file specified.","retry_in":2000000000}
{"time":"2026-06-10T21:12:11.4834873+08:00","level":"INFO","msg":"pipe not available, retrying","component":"api","simulation_id":14,"pipe":"events","path":"\\\\.\\pipe\\afsim_events","error":"CreateFile pipe: The system cannot find the file specified.","retry_in":2000000000}
{"time":"2026-06-10T21:12:13.4434107+08:00","level":"INFO","msg":"pipe not available, retrying","component":"api","simulation_id":13,"pipe":"events","path":"\\\\.\\pipe\\afsim_events","error":"CreateFile pipe: The system cannot find the file specified.","retry_in":2000000000}
{"time":"2026-06-10T21:12:13.484505+08:00","level":"INFO","msg":"pipe not available, retrying","component":"api","simulation_id":14,"pipe":"events","path":"\\\\.\\pipe\\afsim_events","error":"CreateFile pipe: The system cannot find the file specified.","retry_in":2000000000}
{"time":"2026-06-10T21:12:15.4440133+08:00","level":"INFO","msg":"pipe not available, retrying","component":"api","simulation_id":13,"pipe":"events","path":"\\\\.\\pipe\\afsim_events","error":"CreateFile pipe: The system cannot find the file specified.","retry_in":2000000000}
{"time":"2026-06-10T21:12:15.4855667+08:00","level":"INFO","msg":"pipe not available, retrying","component":"api","simulation_id":14,"pipe":"events","path":"\\\\.\\pipe\\afsim_events","error":"CreateFile pipe: The system cannot find the file specified.","retry_in":2000000000}
{"time":"2026-06-10T21:12:17.4444564+08:00","level":"INFO","msg":"pipe not available, retrying","component":"api","simulation_id":13,"pipe":"events","path":"\\\\.\\pipe\\afsim_events","error":"CreateFile pipe: The system cannot find the file specified.","retry_in":2000000000}
{"time":"2026-06-10T21:12:17.4858088+08:00","level":"INFO","msg":"pipe not available, retrying","component":"api","simulation_id":14,"pipe":"events","path":"\\\\.\\pipe\\afsim_events","error":"CreateFile pipe: The system cannot find the file specified.","retry_in":2000000000}
{"time":"2026-06-10T21:12:19.4448306+08:00","level":"INFO","msg":"pipe not available, retrying","component":"api","simulation_id":13,"pipe":"events","path":"\\\\.\\pipe\\afsim_events","error":"CreateFile pipe: The system cannot find the file specified.","retry_in":2000000000}
{"time":"2026-06-10T21:12:19.4863399+08:00","level":"INFO","msg":"pipe not available, retrying","component":"api","simulation_id":14,"pipe":"events","path":"\\\\.\\pipe\\afsim_events","error":"CreateFile pipe: The system cannot find the file specified.","retry_in":2000000000}
{"time":"2026-06-10T21:12:21.4452316+08:00","level":"INFO","msg":"pipe not available, retrying","component":"api","simulation_id":13,"pipe":"events","path":"\\\\.\\pipe\\afsim_events","error":"CreateFile pipe: The system cannot find the file specified.","retry_in":2000000000}
{"time":"2026-06-10T21:12:21.4867881+08:00","level":"INFO","msg":"pipe not available, retrying","component":"api","simulation_id":14,"pipe":"events","path":"\\\\.\\pipe\\afsim_events","error":"CreateFile pipe: The system cannot find the file specified.","retry_in":2000000000}
{"time":"2026-06-10T21:12:23.4454326+08:00","level":"INFO","msg":"pipe not available, retrying","component":"api","simulation_id":13,"pipe":"events","path":"\\\\.\\pipe\\afsim_events","error":"CreateFile pipe: The system cannot find the file specified.","retry_in":2000000000}
{"time":"2026-06-10T21:12:23.4871698+08:00","level":"INFO","msg":"pipe not available, retrying","component":"api","simulation_id":14,"pipe":"events","path":"\\\\.\\pipe\\afsim_events","error":"CreateFile pipe: The system cannot find the file specified.","retry_in":2000000000}
{"time":"2026-06-10T21:12:25.4458284+08:00","level":"INFO","msg":"pipe not available, retrying","component":"api","simulation_id":13,"pipe":"events","path":"\\\\.\\pipe\\afsim_events","error":"CreateFile pipe: The system cannot find the file specified.","retry_in":2000000000}
{"time":"2026-06-10T21:12:25.4876621+08:00","level":"INFO","msg":"pipe not available, retrying","component":"api","simulation_id":14,"pipe":"events","path":"\\\\.\\pipe\\afsim_events","error":"CreateFile pipe: The system cannot find the file specified.","retry_in":2000000000}
{"time":"2026-06-10T21:12:27.4460747+08:00","level":"INFO","msg":"pipe not available, retrying","component":"api","simulation_id":13,"pipe":"events","path":"\\\\.\\pipe\\afsim_events","error":"CreateFile pipe: The system cannot find the file specified.","retry_in":2000000000}
{"time":"2026-06-10T21:12:27.4886888+08:00","level":"INFO","msg":"pipe not available, retrying","component":"api","simulation_id":14,"pipe":"events","path":"\\\\.\\pipe\\afsim_events","error":"CreateFile pipe: The system cannot find the file specified.","retry_in":2000000000}
{"time":"2026-06-10T21:12:29.4464463+08:00","level":"INFO","msg":"pipe not available, retrying","component":"api","simulation_id":13,"pipe":"events","path":"\\\\.\\pipe\\afsim_events","error":"CreateFile pipe: The system cannot find the file specified.","retry_in":2000000000}
{"time":"2026-06-10T21:12:29.4890763+08:00","level":"INFO","msg":"pipe not available, retrying","component":"api","simulation_id":14,"pipe":"events","path":"\\\\.\\pipe\\afsim_events","error":"CreateFile pipe: The system cannot find the file specified.","retry_in":2000000000}
{"time":"2026-06-10T21:12:31.4472152+08:00","level":"INFO","msg":"pipe not available, retrying","component":"api","simulation_id":13,"pipe":"events","path":"\\\\.\\pipe\\afsim_events","error":"CreateFile pipe: The system cannot find the file specified.","retry_in":2000000000}
{"time":"2026-06-10T21:12:31.4897225+08:00","level":"INFO","msg":"pipe not available, retrying","component":"api","simulation_id":14,"pipe":"events","path":"\\\\.\\pipe\\afsim_events","error":"CreateFile pipe: The system cannot find the file specified.","retry_in":2000000000}
{"time":"2026-06-10T21:12:33.4475754+08:00","level":"INFO","msg":"pipe not available, retrying","component":"api","simulation_id":13,"pipe":"events","path":"\\\\.\\pipe\\afsim_events","error":"CreateFile pipe: The system cannot find the file specified.","retry_in":2000000000}
{"time":"2026-06-10T21:12:33.490211+08:00","level":"INFO","msg":"pipe not available, retrying","component":"api","simulation_id":14,"pipe":"events","path":"\\\\.\\pipe\\afsim_events","error":"CreateFile pipe: The system cannot find the file specified.","retry_in":2000000000}
{"time":"2026-06-10T21:12:35.44819+08:00","level":"INFO","msg":"pipe not available, retrying","component":"api","simulation_id":13,"pipe":"events","path":"\\\\.\\pipe\\afsim_events","error":"CreateFile pipe: The system cannot find the file specified.","retry_in":2000000000}
{"time":"2026-06-10T21:12:35.4906978+08:00","level":"INFO","msg":"pipe not available, retrying","component":"api","simulation_id":14,"pipe":"events","path":"\\\\.\\pipe\\afsim_events","error":"CreateFile pipe: The system cannot find the file specified.","retry_in":2000000000}
{"time":"2026-06-10T21:12:37.4487215+08:00","level":"INFO","msg":"pipe not available, retrying","component":"api","simulation_id":13,"pipe":"events","path":"\\\\.\\pipe\\afsim_events","error":"CreateFile pipe: The system cannot find the file specified.","retry_in":2000000000}
{"time":"2026-06-10T21:12:37.491384+08:00","level":"INFO","msg":"pipe not available, retrying","component":"api","simulation_id":14,"pipe":"events","path":"\\\\.\\pipe\\afsim_events","error":"CreateFile pipe: The system cannot find the file specified.","retry_in":2000000000}
{"time":"2026-06-10T21:12:39.4490562+08:00","level":"INFO","msg":"pipe not available, retrying","component":"api","simulation_id":13,"pipe":"events","path":"\\\\.\\pipe\\afsim_events","error":"CreateFile pipe: The system cannot find the file specified.","retry_in":2000000000}
{"time":"2026-06-10T21:12:39.4917017+08:00","level":"INFO","msg":"pipe not available, retrying","component":"api","simulation_id":14,"pipe":"events","path":"\\\\.\\pipe\\afsim_events","error":"CreateFile pipe: The system cannot find the file specified.","retry_in":2000000000}
{"time":"2026-06-10T21:12:41.4495565+08:00","level":"INFO","msg":"pipe not available, retrying","component":"api","simulation_id":13,"pipe":"events","path":"\\\\.\\pipe\\afsim_events","error":"CreateFile pipe: The system cannot find the file specified.","retry_in":2000000000}
{"time":"2026-06-10T21:12:41.4922513+08:00","level":"INFO","msg":"pipe not available, retrying","component":"api","simulation_id":14,"pipe":"events","path":"\\\\.\\pipe\\afsim_events","error":"CreateFile pipe: The system cannot find the file specified.","retry_in":2000000000}
{"time":"2026-06-10T21:12:43.4497302+08:00","level":"INFO","msg":"pipe not available, retrying","component":"api","simulation_id":13,"pipe":"events","path":"\\\\.\\pipe\\afsim_events","error":"CreateFile pipe: The system cannot find the file specified.","retry_in":2000000000}
{"time":"2026-06-10T21:12:43.4923807+08:00","level":"INFO","msg":"pipe not available, retrying","component":"api","simulation_id":14,"pipe":"events","path":"\\\\.\\pipe\\afsim_events","error":"CreateFile pipe: The system cannot find the file specified.","retry_in":2000000000}
{"time":"2026-06-10T21:12:45.4500355+08:00","level":"INFO","msg":"pipe not available, retrying","component":"api","simulation_id":13,"pipe":"events","path":"\\\\.\\pipe\\afsim_events","error":"CreateFile pipe: The system cannot find the file specified.","retry_in":2000000000}
{"time":"2026-06-10T21:12:45.4925429+08:00","level":"INFO","msg":"pipe not available, retrying","component":"api","simulation_id":14,"pipe":"events","path":"\\\\.\\pipe\\afsim_events","error":"CreateFile pipe: The system cannot find the file specified.","retry_in":2000000000}
{"time":"2026-06-10T21:12:47.4503714+08:00","level":"INFO","msg":"pipe not available, retrying","component":"api","simulation_id":13,"pipe":"events","path":"\\\\.\\pipe\\afsim_events","error":"CreateFile pipe: The system cannot find the file specified.","retry_in":2000000000}
{"time":"2026-06-10T21:12:47.4933784+08:00","level":"INFO","msg":"pipe not available, retrying","component":"api","simulation_id":14,"pipe":"events","path":"\\\\.\\pipe\\afsim_events","error":"CreateFile pipe: The system cannot find the file specified.","retry_in":2000000000}
{"time":"2026-06-10T21:12:49.451279+08:00","level":"INFO","msg":"pipe not available, retrying","component":"api","simulation_id":13,"pipe":"events","path":"\\\\.\\pipe\\afsim_events","error":"CreateFile pipe: The system cannot find the file specified.","retry_in":2000000000}
{"time":"2026-06-10T21:12:49.493978+08:00","level":"INFO","msg":"pipe not available, retrying","component":"api","simulation_id":14,"pipe":"events","path":"\\\\.\\pipe\\afsim_events","error":"CreateFile pipe: The system cannot find the file specified.","retry_in":2000000000}
{"time":"2026-06-10T21:12:51.4514471+08:00","level":"INFO","msg":"pipe not available, retrying","component":"api","simulation_id":13,"pipe":"events","path":"\\\\.\\pipe\\afsim_events","error":"CreateFile pipe: The system cannot find the file specified.","retry_in":2000000000}
{"time":"2026-06-10T21:12:51.4949926+08:00","level":"INFO","msg":"pipe not available, retrying","component":"api","simulation_id":14,"pipe":"events","path":"\\\\.\\pipe\\afsim_events","error":"CreateFile pipe: The system cannot find the file specified.","retry_in":2000000000}
{"time":"2026-06-10T21:12:53.4522448+08:00","level":"INFO","msg":"pipe not available, retrying","component":"api","simulation_id":13,"pipe":"events","path":"\\\\.\\pipe\\afsim_events","error":"CreateFile pipe: The system cannot find the file specified.","retry_in":2000000000}
{"time":"2026-06-10T21:12:53.4951064+08:00","level":"INFO","msg":"pipe not available, retrying","component":"api","simulation_id":14,"pipe":"events","path":"\\\\.\\pipe\\afsim_events","error":"CreateFile pipe: The system cannot find the file specified.","retry_in":2000000000}
{"time":"2026-06-10T21:12:55.4523998+08:00","level":"INFO","msg":"pipe not available, retrying","component":"api","simulation_id":13,"pipe":"events","path":"\\\\.\\pipe\\afsim_events","error":"CreateFile pipe: The system cannot find the file specified.","retry_in":2000000000}
{"time":"2026-06-10T21:12:55.4959119+08:00","level":"INFO","msg":"pipe not available, retrying","component":"api","simulation_id":14,"pipe":"events","path":"\\\\.\\pipe\\afsim_events","error":"CreateFile pipe: The system cannot find the file specified.","retry_in":2000000000}
{"time":"2026-06-10T21:12:57.4524567+08:00","level":"INFO","msg":"pipe not available, retrying","component":"api","simulation_id":13,"pipe":"events","path":"\\\\.\\pipe\\afsim_events","error":"CreateFile pipe: The system cannot find the file specified.","retry_in":2000000000}
{"time":"2026-06-10T21:12:57.4961549+08:00","level":"INFO","msg":"pipe not available, retrying","component":"api","simulation_id":14,"pipe":"events","path":"\\\\.\\pipe\\afsim_events","error":"CreateFile pipe: The system cannot find the file specified.","retry_in":2000000000}
{"time":"2026-06-10T21:12:59.4530891+08:00","level":"INFO","msg":"pipe not available, retrying","component":"api","simulation_id":13,"pipe":"events","path":"\\\\.\\pipe\\afsim_events","error":"CreateFile pipe: The system cannot find the file specified.","retry_in":2000000000}
{"time":"2026-06-10T21:12:59.4971372+08:00","level":"INFO","msg":"pipe not available, retrying","component":"api","simulation_id":14,"pipe":"events","path":"\\\\.\\pipe\\afsim_events","error":"CreateFile pipe: The system cannot find the file specified.","retry_in":2000000000}
{"time":"2026-06-10T21:13:01.4541574+08:00","level":"INFO","msg":"pipe not available, retrying","component":"api","simulation_id":13,"pipe":"events","path":"\\\\.\\pipe\\afsim_events","error":"CreateFile pipe: The system cannot find the file specified.","retry_in":2000000000}
{"time":"2026-06-10T21:13:01.4977086+08:00","level":"INFO","msg":"pipe not available, retrying","component":"api","simulation_id":14,"pipe":"events","path":"\\\\.\\pipe\\afsim_events","error":"CreateFile pipe: The system cannot find the file specified.","retry_in":2000000000}
{"time":"2026-06-10T21:13:03.4547209+08:00","level":"INFO","msg":"pipe not available, retrying","component":"api","simulation_id":13,"pipe":"events","path":"\\\\.\\pipe\\afsim_events","error":"CreateFile pipe: The system cannot find the file specified.","retry_in":2000000000}
{"time":"2026-06-10T21:13:03.4977276+08:00","level":"INFO","msg":"pipe not available, retrying","component":"api","simulation_id":14,"pipe":"events","path":"\\\\.\\pipe\\afsim_events","error":"CreateFile pipe: The system cannot find the file specified.","retry_in":2000000000}
{"time":"2026-06-10T21:13:05.4555062+08:00","level":"INFO","msg":"pipe not available, retrying","component":"api","simulation_id":13,"pipe":"events","path":"\\\\.\\pipe\\afsim_events","error":"CreateFile pipe: The system cannot find the file specified.","retry_in":2000000000}
{"time":"2026-06-10T21:13:05.4980719+08:00","level":"INFO","msg":"pipe not available, retrying","component":"api","simulation_id":14,"pipe":"events","path":"\\\\.\\pipe\\afsim_events","error":"CreateFile pipe: The system cannot find the file specified.","retry_in":2000000000}
{"time":"2026-06-10T21:13:07.4561264+08:00","level":"INFO","msg":"pipe not available, retrying","component":"api","simulation_id":13,"pipe":"events","path":"\\\\.\\pipe\\afsim_events","error":"CreateFile pipe: The system cannot find the file specified.","retry_in":2000000000}
{"time":"2026-06-10T21:13:07.4987796+08:00","level":"INFO","msg":"pipe not available, retrying","component":"api","simulation_id":14,"pipe":"events","path":"\\\\.\\pipe\\afsim_events","error":"CreateFile pipe: The system cannot find the file specified.","retry_in":2000000000}
{"time":"2026-06-10T21:13:09.4571488+08:00","level":"INFO","msg":"pipe not available, retrying","component":"api","simulation_id":13,"pipe":"events","path":"\\\\.\\pipe\\afsim_events","error":"CreateFile pipe: The system cannot find the file specified.","retry_in":2000000000}
{"time":"2026-06-10T21:13:09.4997996+08:00","level":"INFO","msg":"pipe not available, retrying","component":"api","simulation_id":14,"pipe":"events","path":"\\\\.\\pipe\\afsim_events","error":"CreateFile pipe: The system cannot find the file specified.","retry_in":2000000000}
{"time":"2026-06-10T21:13:11.457349+08:00","level":"INFO","msg":"pipe not available, retrying","component":"api","simulation_id":13,"pipe":"events","path":"\\\\.\\pipe\\afsim_events","error":"CreateFile pipe: The system cannot find the file specified.","retry_in":2000000000}
{"time":"2026-06-10T21:13:11.5000309+08:00","level":"INFO","msg":"pipe not available, retrying","component":"api","simulation_id":14,"pipe":"events","path":"\\\\.\\pipe\\afsim_events","error":"CreateFile pipe: The system cannot find the file specified.","retry_in":2000000000}
{"time":"2026-06-10T21:13:13.4583195+08:00","level":"INFO","msg":"pipe not available, retrying","component":"api","simulation_id":13,"pipe":"events","path":"\\\\.\\pipe\\afsim_events","error":"CreateFile pipe: The system cannot find the file specified.","retry_in":2000000000}
{"time":"2026-06-10T21:13:13.5008859+08:00","level":"INFO","msg":"pipe not available, retrying","component":"api","simulation_id":14,"pipe":"events","path":"\\\\.\\pipe\\afsim_events","error":"CreateFile pipe: The system cannot find the file specified.","retry_in":2000000000}
{"time":"2026-06-10T21:13:15.4587439+08:00","level":"INFO","msg":"pipe not available, retrying","component":"api","simulation_id":13,"pipe":"events","path":"\\\\.\\pipe\\afsim_events","error":"CreateFile pipe: The system cannot find the file specified.","retry_in":2000000000}
{"time":"2026-06-10T21:13:15.5013962+08:00","level":"INFO","msg":"pipe not available, retrying","component":"api","simulation_id":14,"pipe":"events","path":"\\\\.\\pipe\\afsim_events","error":"CreateFile pipe: The system cannot find the file specified.","retry_in":2000000000}
{"time":"2026-06-10T21:13:17.4590642+08:00","level":"INFO","msg":"pipe not available, retrying","component":"api","simulation_id":13,"pipe":"events","path":"\\\\.\\pipe\\afsim_events","error":"CreateFile pipe: The system cannot find the file specified.","retry_in":2000000000}
{"time":"2026-06-10T21:13:17.5015454+08:00","level":"INFO","msg":"pipe not available, retrying","component":"api","simulation_id":14,"pipe":"events","path":"\\\\.\\pipe\\afsim_events","error":"CreateFile pipe: The system cannot find the file specified.","retry_in":2000000000}
{"time":"2026-06-10T21:13:19.4595919+08:00","level":"INFO","msg":"pipe not available, retrying","component":"api","simulation_id":13,"pipe":"events","path":"\\\\.\\pipe\\afsim_events","error":"CreateFile pipe: The system cannot find the file specified.","retry_in":2000000000}
{"time":"2026-06-10T21:13:19.5020996+08:00","level":"INFO","msg":"pipe not available, retrying","component":"api","simulation_id":14,"pipe":"events","path":"\\\\.\\pipe\\afsim_events","error":"CreateFile pipe: The system cannot find the file specified.","retry_in":2000000000}
{"time":"2026-06-10T21:13:21.4601217+08:00","level":"INFO","msg":"pipe not available, retrying","component":"api","simulation_id":13,"pipe":"events","path":"\\\\.\\pipe\\afsim_events","error":"CreateFile pipe: The system cannot find the file specified.","retry_in":2000000000}
{"time":"2026-06-10T21:13:21.5026704+08:00","level":"INFO","msg":"pipe not available, retrying","component":"api","simulation_id":14,"pipe":"events","path":"\\\\.\\pipe\\afsim_events","error":"CreateFile pipe: The system cannot find the file specified.","retry_in":2000000000}
{"time":"2026-06-10T21:13:23.4609228+08:00","level":"INFO","msg":"pipe not available, retrying","component":"api","simulation_id":13,"pipe":"events","path":"\\\\.\\pipe\\afsim_events","error":"CreateFile pipe: The system cannot find the file specified.","retry_in":2000000000}
{"time":"2026-06-10T21:13:23.5029644+08:00","level":"INFO","msg":"pipe not available, retrying","component":"api","simulation_id":14,"pipe":"events","path":"\\\\.\\pipe\\afsim_events","error":"CreateFile pipe: The system cannot find the file specified.","retry_in":2000000000}
{"time":"2026-06-10T21:13:25.4618412+08:00","level":"INFO","msg":"pipe not available, retrying","component":"api","simulation_id":13,"pipe":"events","path":"\\\\.\\pipe\\afsim_events","error":"CreateFile pipe: The system cannot find the file specified.","retry_in":2000000000}
{"time":"2026-06-10T21:13:25.5033834+08:00","level":"INFO","msg":"pipe not available, retrying","component":"api","simulation_id":14,"pipe":"events","path":"\\\\.\\pipe\\afsim_events","error":"CreateFile pipe: The system cannot find the file specified.","retry_in":2000000000}
{"time":"2026-06-10T21:13:27.4625895+08:00","level":"INFO","msg":"pipe not available, retrying","component":"api","simulation_id":13,"pipe":"events","path":"\\\\.\\pipe\\afsim_events","error":"CreateFile pipe: The system cannot find the file specified.","retry_in":2000000000}
{"time":"2026-06-10T21:13:27.5042397+08:00","level":"INFO","msg":"pipe not available, retrying","component":"api","simulation_id":14,"pipe":"events","path":"\\\\.\\pipe\\afsim_events","error":"CreateFile pipe: The system cannot find the file specified.","retry_in":2000000000}
{"time":"2026-06-10T21:13:29.4631951+08:00","level":"INFO","msg":"pipe not available, retrying","component":"api","simulation_id":13,"pipe":"events","path":"\\\\.\\pipe\\afsim_events","error":"CreateFile pipe: The system cannot find the file specified.","retry_in":2000000000}
{"time":"2026-06-10T21:13:29.5049155+08:00","level":"INFO","msg":"pipe not available, retrying","component":"api","simulation_id":14,"pipe":"events","path":"\\\\.\\pipe\\afsim_events","error":"CreateFile pipe: The system cannot find the file specified.","retry_in":2000000000}
{"time":"2026-06-10T21:13:31.4639736+08:00","level":"INFO","msg":"pipe not available, retrying","component":"api","simulation_id":13,"pipe":"events","path":"\\\\.\\pipe\\afsim_events","error":"CreateFile pipe: The system cannot find the file specified.","retry_in":2000000000}
{"time":"2026-06-10T21:13:31.5056468+08:00","level":"INFO","msg":"pipe not available, retrying","component":"api","simulation_id":14,"pipe":"events","path":"\\\\.\\pipe\\afsim_events","error":"CreateFile pipe: The system cannot find the file specified.","retry_in":2000000000}
{"time":"2026-06-10T21:13:33.4647442+08:00","level":"INFO","msg":"pipe not available, retrying","component":"api","simulation_id":13,"pipe":"events","path":"\\\\.\\pipe\\afsim_events","error":"CreateFile pipe: The system cannot find the file specified.","retry_in":2000000000}
{"time":"2026-06-10T21:13:33.5062901+08:00","level":"INFO","msg":"pipe not available, retrying","component":"api","simulation_id":14,"pipe":"events","path":"\\\\.\\pipe\\afsim_events","error":"CreateFile pipe: The system cannot find the file specified.","retry_in":2000000000}
{"time":"2026-06-10T21:13:35.4656607+08:00","level":"INFO","msg":"pipe not available, retrying","component":"api","simulation_id":13,"pipe":"events","path":"\\\\.\\pipe\\afsim_events","error":"CreateFile pipe: The system cannot find the file specified.","retry_in":2000000000}
{"time":"2026-06-10T21:13:35.5073362+08:00","level":"INFO","msg":"pipe not available, retrying","component":"api","simulation_id":14,"pipe":"events","path":"\\\\.\\pipe\\afsim_events","error":"CreateFile pipe: The system cannot find the file specified.","retry_in":2000000000}
{"time":"2026-06-10T21:13:37.4661161+08:00","level":"INFO","msg":"pipe not available, retrying","component":"api","simulation_id":13,"pipe":"events","path":"\\\\.\\pipe\\afsim_events","error":"CreateFile pipe: The system cannot find the file specified.","retry_in":2000000000}
{"time":"2026-06-10T21:13:37.50783+08:00","level":"INFO","msg":"pipe not available, retrying","component":"api","simulation_id":14,"pipe":"events","path":"\\\\.\\pipe\\afsim_events","error":"CreateFile pipe: The system cannot find the file specified.","retry_in":2000000000}
{"time":"2026-06-10T21:13:39.46709+08:00","level":"INFO","msg":"pipe not available, retrying","component":"api","simulation_id":13,"pipe":"events","path":"\\\\.\\pipe\\afsim_events","error":"CreateFile pipe: The system cannot find the file specified.","retry_in":2000000000}
{"time":"2026-06-10T21:13:39.5087444+08:00","level":"INFO","msg":"pipe not available, retrying","component":"api","simulation_id":14,"pipe":"events","path":"\\\\.\\pipe\\afsim_events","error":"CreateFile pipe: The system cannot find the file specified.","retry_in":2000000000}
{"time":"2026-06-10T21:13:40.0373151+08:00","level":"INFO","msg":"uploaded scenario","component":"api","filename":"scn-coastal-campaign.scenario","size":4691}
2026/06/10 21:13:40 [DESKTOP-2269V6M/M1g0Pn02vs-000092] "POST http://localhost:8080/api/scenarios HTTP/1.1" from [::1]:59443 - 201 156B in 0s
{"time":"2026-06-10T21:13:40.0512999+08:00","level":"INFO","msg":"starting mission.exe","component":"api","simulation_id":15,"path":"E:/AFsim/afsimweb-master/afsim-gateway/../AFSim/afsim-2.9.0-win64/bin/mission.exe","scenario":"scenarios\\scn-coastal-campaign.scenario","mode":"realtime","args":["-rt","scn-coastal-campaign.scenario"]}
2026/06/10 21:13:40 [DESKTOP-2269V6M/M1g0Pn02vs-000093] "POST http://localhost:8080/api/simulations HTTP/1.1" from [::1]:59445 - 201 151B in 1.5935ms
{"time":"2026-06-10T21:13:40.0528934+08:00","level":"INFO","msg":"pipe not available, retrying","component":"api","simulation_id":15,"pipe":"events","path":"\\\\.\\pipe\\afsim_events","error":"CreateFile pipe: The system cannot find the file specified.","retry_in":2000000000}
{"time":"2026-06-10T21:13:40.0556151+08:00","level":"INFO","msg":"WebSocket connection request","component":"api","simulation_id":"15"}
2026/06/10 21:13:40 [DESKTOP-2269V6M/M1g0Pn02vs-000094] "GET http://localhost:8080/api/simulations/15/ws HTTP/1.1" from [::1]:59446 - 000 0B in 35µs
{"time":"2026-06-10T21:13:40.2540971+08:00","level":"INFO","msg":"mission:\r","component":"api","simulation_id":15,"stream":"stdout"}
{"time":"2026-06-10T21:13:40.254652+08:00","level":"INFO","msg":"    WSF Version: 2.9.0 02-25-2022\r","component":"api","simulation_id":15,"stream":"stdout"}
{"time":"2026-06-10T21:13:40.254652+08:00","level":"INFO","msg":"    Built: Feb 25 2022 08:12:40\r","component":"api","simulation_id":15,"stream":"stdout"}
{"time":"2026-06-10T21:13:40.254652+08:00","level":"INFO","msg":"Plugin API version info:\r","component":"api","simulation_id":15,"stream":"stdout"}
{"time":"2026-06-10T21:13:40.254652+08:00","level":"INFO","msg":"    Version: 2.9\r","component":"api","simulation_id":15,"stream":"stdout"}
{"time":"2026-06-10T21:13:40.254652+08:00","level":"INFO","msg":"    Compiler: win_1916_64bit_release-hwe\r","component":"api","simulation_id":15,"stream":"stdout"}
{"time":"2026-06-10T21:13:40.254652+08:00","level":"INFO","msg":"Plugins Loaded:\r","component":"api","simulation_id":15,"stream":"stdout"}
{"time":"2026-06-10T21:13:40.254652+08:00","level":"INFO","msg":"    wsf_alternate_locations.dll, wsf_coverage.dll, wsf_iads_c2.dll, wsf_prompt.dll, wsf_scenario_analyzer.dll, wsf_scenario_analyzer_iads_c2.dll, wsf_air_combat.dll, wsf_annotation.dll, wsf_argo8.dll, wsf_brawler.dll, wsf_event_gateway.dll, wsf_fires.dll, wsf_multiresolution.dll, wsf_oms_uci.dll, wsf_p6dof.dll, wsf_six_dof.dll, wsf_sosm.dll\r","component":"api","simulation_id":15,"stream":"stdout"}
{"time":"2026-06-10T21:13:40.254652+08:00","level":"INFO","msg":"Extensions Included: \r","component":"api","simulation_id":15,"stream":"stdout"}
{"time":"2026-06-10T21:13:40.254652+08:00","level":"INFO","msg":"    sensor_plot_lib, wsf_cyber, wsf_grammar_check, wsf_l16, wsf_mil, wsf_mil_parser, wsf_mtt, wsf_nx, wsf_parser, wsf_ripr, wsf_space, wsf_weapon_server, wsf_simdis\r","component":"api","simulation_id":15,"stream":"stdout"}
{"time":"2026-06-10T21:13:40.254652+08:00","level":"INFO","msg":"\r","component":"api","simulation_id":15,"stream":"stdout"}
{"time":"2026-06-10T21:13:40.254652+08:00","level":"INFO","msg":"Loading simulation input.\r","component":"api","simulation_id":15,"stream":"stdout"}
{"time":"2026-06-10T21:13:40.254652+08:00","level":"INFO","msg":"\r","component":"api","simulation_id":15,"stream":"stdout"}
{"time":"2026-06-10T21:13:40.254652+08:00","level":"INFO","msg":"Loading simulation input complete.\r","component":"api","simulation_id":15,"stream":"stdout"}
{"time":"2026-06-10T21:13:40.254652+08:00","level":"INFO","msg":"    Elapsed Wall Clock Time: 0.0746703\r","component":"api","simulation_id":15,"stream":"stdout"}
{"time":"2026-06-10T21:13:40.254652+08:00","level":"INFO","msg":"    Elapsed Processor Time : 0.0625\r","component":"api","simulation_id":15,"stream":"stdout"}
{"time":"2026-06-10T21:13:40.254652+08:00","level":"INFO","msg":"***** FATAL: Could not process input files.\r","component":"api","simulation_id":15,"stream":"stdout"}
{"time":"2026-06-10T21:13:40.254652+08:00","level":"INFO","msg":"    ***** ERROR: Unknown command: speed\r","component":"api","simulation_id":15,"stream":"stdout"}
{"time":"2026-06-10T21:13:40.254652+08:00","level":"INFO","msg":"             'scn-coastal-campaign.scenario', line 74, near column 9\r","component":"api","simulation_id":15,"stream":"stdout"}
{"time":"2026-06-10T21:13:40.254652+08:00","level":"INFO","msg":"\r","component":"api","simulation_id":15,"stream":"stdout"}
{"time":"2026-06-10T21:13:40.254652+08:00","level":"INFO","msg":"Reading of simulation input failed\r","component":"api","simulation_id":15,"stream":"stdout"}
{"time":"2026-06-10T21:13:40.2696361+08:00","level":"ERROR","msg":"mission.exe exited with error","component":"api","simulation_id":15,"error":"exit status 1"}
2026/06/10 21:13:40 [DESKTOP-2269V6M/M1g0Pn02vs-000095] "GET http://localhost:8080/api/scenarios HTTP/1.1" from [::1]:59453 - 200 1311B in 0s
2026/06/10 21:13:40 [DESKTOP-2269V6M/M1g0Pn02vs-000096] "GET http://localhost:8080/api/scenarios HTTP/1.1" from [::1]:59454 - 200 1311B in 0s
{"time":"2026-06-10T21:13:41.4678962+08:00","level":"INFO","msg":"pipe not available, retrying","component":"api","simulation_id":13,"pipe":"events","path":"\\\\.\\pipe\\afsim_events","error":"CreateFile pipe: The system cannot find the file specified.","retry_in":2000000000}
{"time":"2026-06-10T21:13:41.5090113+08:00","level":"INFO","msg":"pipe not available, retrying","component":"api","simulation_id":14,"pipe":"events","path":"\\\\.\\pipe\\afsim_events","error":"CreateFile pipe: The system cannot find the file specified.","retry_in":2000000000}
{"time":"2026-06-10T21:13:42.0537909+08:00","level":"INFO","msg":"pipe not available, retrying","component":"api","simulation_id":15,"pipe":"events","path":"\\\\.\\pipe\\afsim_events","error":"CreateFile pipe: The system cannot find the file specified.","retry_in":2000000000}
{"time":"2026-06-10T21:13:43.4682746+08:00","level":"INFO","msg":"pipe not available, retrying","component":"api","simulation_id":13,"pipe":"events","path":"\\\\.\\pipe\\afsim_events","error":"CreateFile pipe: The system cannot find the file specified.","retry_in":2000000000}
{"time":"2026-06-10T21:13:43.50911+08:00","level":"INFO","msg":"pipe not available, retrying","component":"api","simulation_id":14,"pipe":"events","path":"\\\\.\\pipe\\afsim_events","error":"CreateFile pipe: The system cannot find the file specified.","retry_in":2000000000}
{"time":"2026-06-10T21:13:44.0541708+08:00","level":"INFO","msg":"pipe not available, retrying","component":"api","simulation_id":15,"pipe":"events","path":"\\\\.\\pipe\\afsim_events","error":"CreateFile pipe: The system cannot find the file specified.","retry_in":2000000000}
{"time":"2026-06-10T21:13:45.4688648+08:00","level":"INFO","msg":"pipe not available, retrying","component":"api","simulation_id":13,"pipe":"events","path":"\\\\.\\pipe\\afsim_events","error":"CreateFile pipe: The system cannot find the file specified.","retry_in":2000000000}
{"time":"2026-06-10T21:13:45.5094828+08:00","level":"INFO","msg":"pipe not available, retrying","component":"api","simulation_id":14,"pipe":"events","path":"\\\\.\\pipe\\afsim_events","error":"CreateFile pipe: The system cannot find the file specified.","retry_in":2000000000}
{"time":"2026-06-10T21:13:46.0542942+08:00","level":"INFO","msg":"pipe not available, retrying","component":"api","simulation_id":15,"pipe":"events","path":"\\\\.\\pipe\\afsim_events","error":"CreateFile pipe: The system cannot find the file specified.","retry_in":2000000000}
{"time":"2026-06-10T21:13:47.4695592+08:00","level":"INFO","msg":"pipe not available, retrying","component":"api","simulation_id":13,"pipe":"events","path":"\\\\.\\pipe\\afsim_events","error":"CreateFile pipe: The system cannot find the file specified.","retry_in":2000000000}
{"time":"2026-06-10T21:13:47.5101166+08:00","level":"INFO","msg":"pipe not available, retrying","component":"api","simulation_id":14,"pipe":"events","path":"\\\\.\\pipe\\afsim_events","error":"CreateFile pipe: The system cannot find the file specified.","retry_in":2000000000}
{"time":"2026-06-10T21:13:48.0550713+08:00","level":"INFO","msg":"pipe not available, retrying","component":"api","simulation_id":15,"pipe":"events","path":"\\\\.\\pipe\\afsim_events","error":"CreateFile pipe: The system cannot find the file specified.","retry_in":2000000000}
{"time":"2026-06-10T21:13:49.4700172+08:00","level":"INFO","msg":"pipe not available, retrying","component":"api","simulation_id":13,"pipe":"events","path":"\\\\.\\pipe\\afsim_events","error":"CreateFile pipe: The system cannot find the file specified.","retry_in":2000000000}
{"time":"2026-06-10T21:13:49.510723+08:00","level":"INFO","msg":"pipe not available, retrying","component":"api","simulation_id":14,"pipe":"events","path":"\\\\.\\pipe\\afsim_events","error":"CreateFile pipe: The system cannot find the file specified.","retry_in":2000000000}
{"time":"2026-06-10T21:13:50.0560433+08:00","level":"INFO","msg":"pipe not available, retrying","component":"api","simulation_id":15,"pipe":"events","path":"\\\\.\\pipe\\afsim_events","error":"CreateFile pipe: The system cannot find the file specified.","retry_in":2000000000}
{"time":"2026-06-10T21:13:51.4707606+08:00","level":"INFO","msg":"pipe not available, retrying","component":"api","simulation_id":13,"pipe":"events","path":"\\\\.\\pipe\\afsim_events","error":"CreateFile pipe: The system cannot find the file specified.","retry_in":2000000000}
{"time":"2026-06-10T21:13:51.5116825+08:00","level":"INFO","msg":"pipe not available, retrying","component":"api","simulation_id":14,"pipe":"events","path":"\\\\.\\pipe\\afsim_events","error":"CreateFile pipe: The system cannot find the file specified.","retry_in":2000000000}
{"time":"2026-06-10T21:13:52.0565219+08:00","level":"INFO","msg":"pipe not available, retrying","component":"api","simulation_id":15,"pipe":"events","path":"\\\\.\\pipe\\afsim_events","error":"CreateFile pipe: The system cannot find the file specified.","retry_in":2000000000}
{"time":"2026-06-10T21:13:53.4714325+08:00","level":"INFO","msg":"pipe not available, retrying","component":"api","simulation_id":13,"pipe":"events","path":"\\\\.\\pipe\\afsim_events","error":"CreateFile pipe: The system cannot find the file specified.","retry_in":2000000000}
{"time":"2026-06-10T21:13:53.5120503+08:00","level":"INFO","msg":"pipe not available, retrying","component":"api","simulation_id":14,"pipe":"events","path":"\\\\.\\pipe\\afsim_events","error":"CreateFile pipe: The system cannot find the file specified.","retry_in":2000000000}
{"time":"2026-06-10T21:13:54.056651+08:00","level":"INFO","msg":"pipe not available, retrying","component":"api","simulation_id":15,"pipe":"events","path":"\\\\.\\pipe\\afsim_events","error":"CreateFile pipe: The system cannot find the file specified.","retry_in":2000000000}
{"time":"2026-06-10T21:13:55.4724547+08:00","level":"INFO","msg":"pipe not available, retrying","component":"api","simulation_id":13,"pipe":"events","path":"\\\\.\\pipe\\afsim_events","error":"CreateFile pipe: The system cannot find the file specified.","retry_in":2000000000}
{"time":"2026-06-10T21:13:55.5130337+08:00","level":"INFO","msg":"pipe not available, retrying","component":"api","simulation_id":14,"pipe":"events","path":"\\\\.\\pipe\\afsim_events","error":"CreateFile pipe: The system cannot find the file specified.","retry_in":2000000000}
{"time":"2026-06-10T21:13:56.0573954+08:00","level":"INFO","msg":"pipe not available, retrying","component":"api","simulation_id":15,"pipe":"events","path":"\\\\.\\pipe\\afsim_events","error":"CreateFile pipe: The system cannot find the file specified.","retry_in":2000000000}
{"time":"2026-06-10T21:13:57.4900831+08:00","level":"INFO","msg":"pipe not available, retrying","component":"api","simulation_id":13,"pipe":"events","path":"\\\\.\\pipe\\afsim_events","error":"CreateFile pipe: The system cannot find the file specified.","retry_in":2000000000}
{"time":"2026-06-10T21:13:57.5135955+08:00","level":"INFO","msg":"pipe not available, retrying","component":"api","simulation_id":14,"pipe":"events","path":"\\\\.\\pipe\\afsim_events","error":"CreateFile pipe: The system cannot find the file specified.","retry_in":2000000000}
{"time":"2026-06-10T21:13:58.058114+08:00","level":"INFO","msg":"pipe not available, retrying","component":"api","simulation_id":15,"pipe":"events","path":"\\\\.\\pipe\\afsim_events","error":"CreateFile pipe: The system cannot find the file specified.","retry_in":2000000000}
{"time":"2026-06-10T21:13:59.4910606+08:00","level":"INFO","msg":"pipe not available, retrying","component":"api","simulation_id":13,"pipe":"events","path":"\\\\.\\pipe\\afsim_events","error":"CreateFile pipe: The system cannot find the file specified.","retry_in":2000000000}
{"time":"2026-06-10T21:13:59.5145683+08:00","level":"INFO","msg":"pipe not available, retrying","component":"api","simulation_id":14,"pipe":"events","path":"\\\\.\\pipe\\afsim_events","error":"CreateFile pipe: The system cannot find the file specified.","retry_in":2000000000}
{"time":"2026-06-10T21:14:00.058944+08:00","level":"INFO","msg":"pipe not available, retrying","component":"api","simulation_id":15,"pipe":"events","path":"\\\\.\\pipe\\afsim_events","error":"CreateFile pipe: The system cannot find the file specified.","retry_in":2000000000}
{"time":"2026-06-10T21:14:01.4917295+08:00","level":"INFO","msg":"pipe not available, retrying","component":"api","simulation_id":13,"pipe":"events","path":"\\\\.\\pipe\\afsim_events","error":"CreateFile pipe: The system cannot find the file specified.","retry_in":2000000000}
{"time":"2026-06-10T21:14:01.5154013+08:00","level":"INFO","msg":"pipe not available, retrying","component":"api","simulation_id":14,"pipe":"events","path":"\\\\.\\pipe\\afsim_events","error":"CreateFile pipe: The system cannot find the file specified.","retry_in":2000000000}
{"time":"2026-06-10T21:14:02.0596678+08:00","level":"INFO","msg":"pipe not available, retrying","component":"api","simulation_id":15,"pipe":"events","path":"\\\\.\\pipe\\afsim_events","error":"CreateFile pipe: The system cannot find the file specified.","retry_in":2000000000}
{"time":"2026-06-10T21:14:03.4920062+08:00","level":"INFO","msg":"pipe not available, retrying","component":"api","simulation_id":13,"pipe":"events","path":"\\\\.\\pipe\\afsim_events","error":"CreateFile pipe: The system cannot find the file specified.","retry_in":2000000000}
{"time":"2026-06-10T21:14:03.5155131+08:00","level":"INFO","msg":"pipe not available, retrying","component":"api","simulation_id":14,"pipe":"events","path":"\\\\.\\pipe\\afsim_events","error":"CreateFile pipe: The system cannot find the file specified.","retry_in":2000000000}
{"time":"2026-06-10T21:14:04.0601891+08:00","level":"INFO","msg":"pipe not available, retrying","component":"api","simulation_id":15,"pipe":"events","path":"\\\\.\\pipe\\afsim_events","error":"CreateFile pipe: The system cannot find the file specified.","retry_in":2000000000}
{"time":"2026-06-10T21:14:05.4924+08:00","level":"INFO","msg":"pipe not available, retrying","component":"api","simulation_id":13,"pipe":"events","path":"\\\\.\\pipe\\afsim_events","error":"CreateFile pipe: The system cannot find the file specified.","retry_in":2000000000}
{"time":"2026-06-10T21:14:05.5160337+08:00","level":"INFO","msg":"pipe not available, retrying","component":"api","simulation_id":14,"pipe":"events","path":"\\\\.\\pipe\\afsim_events","error":"CreateFile pipe: The system cannot find the file specified.","retry_in":2000000000}
{"time":"2026-06-10T21:14:06.0608262+08:00","level":"INFO","msg":"pipe not available, retrying","component":"api","simulation_id":15,"pipe":"events","path":"\\\\.\\pipe\\afsim_events","error":"CreateFile pipe: The system cannot find the file specified.","retry_in":2000000000}
{"time":"2026-06-10T21:14:07.49329+08:00","level":"INFO","msg":"pipe not available, retrying","component":"api","simulation_id":13,"pipe":"events","path":"\\\\.\\pipe\\afsim_events","error":"CreateFile pipe: The system cannot find the file specified.","retry_in":2000000000}
{"time":"2026-06-10T21:14:07.5167971+08:00","level":"INFO","msg":"pipe not available, retrying","component":"api","simulation_id":14,"pipe":"events","path":"\\\\.\\pipe\\afsim_events","error":"CreateFile pipe: The system cannot find the file specified.","retry_in":2000000000}
{"time":"2026-06-10T21:14:08.0618362+08:00","level":"INFO","msg":"pipe not available, retrying","component":"api","simulation_id":15,"pipe":"events","path":"\\\\.\\pipe\\afsim_events","error":"CreateFile pipe: The system cannot find the file specified.","retry_in":2000000000}
{"time":"2026-06-10T21:14:09.4939052+08:00","level":"INFO","msg":"pipe not available, retrying","component":"api","simulation_id":13,"pipe":"events","path":"\\\\.\\pipe\\afsim_events","error":"CreateFile pipe: The system cannot find the file specified.","retry_in":2000000000}
{"time":"2026-06-10T21:14:09.5174544+08:00","level":"INFO","msg":"pipe not available, retrying","component":"api","simulation_id":14,"pipe":"events","path":"\\\\.\\pipe\\afsim_events","error":"CreateFile pipe: The system cannot find the file specified.","retry_in":2000000000}
{"time":"2026-06-10T21:14:10.0620392+08:00","level":"INFO","msg":"pipe not available, retrying","component":"api","simulation_id":15,"pipe":"events","path":"\\\\.\\pipe\\afsim_events","error":"CreateFile pipe: The system cannot find the file specified.","retry_in":2000000000}
{"time":"2026-06-10T21:14:11.4944952+08:00","level":"INFO","msg":"pipe not available, retrying","component":"api","simulation_id":13,"pipe":"events","path":"\\\\.\\pipe\\afsim_events","error":"CreateFile pipe: The system cannot find the file specified.","retry_in":2000000000}
{"time":"2026-06-10T21:14:11.5177843+08:00","level":"INFO","msg":"pipe not available, retrying","component":"api","simulation_id":14,"pipe":"events","path":"\\\\.\\pipe\\afsim_events","error":"CreateFile pipe: The system cannot find the file specified.","retry_in":2000000000}
2026/06/10 21:14:11 [DESKTOP-2269V6M/M1g0Pn02vs-000097] "GET http://localhost:8080/api/simulations/15 HTTP/1.1" from [::1]:59501 - 200 152B in 0s
{"time":"2026-06-10T21:14:12.0626401+08:00","level":"INFO","msg":"pipe not available, retrying","component":"api","simulation_id":15,"pipe":"events","path":"\\\\.\\pipe\\afsim_events","error":"CreateFile pipe: The system cannot find the file specified.","retry_in":2000000000}
{"time":"2026-06-10T21:14:13.4956097+08:00","level":"INFO","msg":"pipe not available, retrying","component":"api","simulation_id":13,"pipe":"events","path":"\\\\.\\pipe\\afsim_events","error":"CreateFile pipe: The system cannot find the file specified.","retry_in":2000000000}
{"time":"2026-06-10T21:14:13.5181176+08:00","level":"INFO","msg":"pipe not available, retrying","component":"api","simulation_id":14,"pipe":"events","path":"\\\\.\\pipe\\afsim_events","error":"CreateFile pipe: The system cannot find the file specified.","retry_in":2000000000}
{"time":"2026-06-10T21:14:14.062901+08:00","level":"INFO","msg":"pipe not available, retrying","component":"api","simulation_id":15,"pipe":"events","path":"\\\\.\\pipe\\afsim_events","error":"CreateFile pipe: The system cannot find the file specified.","retry_in":2000000000}
{"time":"2026-06-10T21:14:15.4962983+08:00","level":"INFO","msg":"pipe not available, retrying","component":"api","simulation_id":13,"pipe":"events","path":"\\\\.\\pipe\\afsim_events","error":"CreateFile pipe: The system cannot find the file specified.","retry_in":2000000000}
{"time":"2026-06-10T21:14:15.5189444+08:00","level":"INFO","msg":"pipe not available, retrying","component":"api","simulation_id":14,"pipe":"events","path":"\\\\.\\pipe\\afsim_events","error":"CreateFile pipe: The system cannot find the file specified.","retry_in":2000000000}
{"time":"2026-06-10T21:14:16.0632273+08:00","level":"INFO","msg":"pipe not available, retrying","component":"api","simulation_id":15,"pipe":"events","path":"\\\\.\\pipe\\afsim_events","error":"CreateFile pipe: The system cannot find the file specified.","retry_in":2000000000}
{"time":"2026-06-10T21:14:17.497164+08:00","level":"INFO","msg":"pipe not available, retrying","component":"api","simulation_id":13,"pipe":"events","path":"\\\\.\\pipe\\afsim_events","error":"CreateFile pipe: The system cannot find the file specified.","retry_in":2000000000}
{"time":"2026-06-10T21:14:17.5196724+08:00","level":"INFO","msg":"pipe not available, retrying","component":"api","simulation_id":14,"pipe":"events","path":"\\\\.\\pipe\\afsim_events","error":"CreateFile pipe: The system cannot find the file specified.","retry_in":2000000000}
{"time":"2026-06-10T21:14:18.0635522+08:00","level":"INFO","msg":"pipe not available, retrying","component":"api","simulation_id":15,"pipe":"events","path":"\\\\.\\pipe\\afsim_events","error":"CreateFile pipe: The system cannot find the file specified.","retry_in":2000000000}
{"time":"2026-06-10T21:14:19.4975246+08:00","level":"INFO","msg":"pipe not available, retrying","component":"api","simulation_id":13,"pipe":"events","path":"\\\\.\\pipe\\afsim_events","error":"CreateFile pipe: The system cannot find the file specified.","retry_in":2000000000}
{"time":"2026-06-10T21:14:19.5205323+08:00","level":"INFO","msg":"pipe not available, retrying","component":"api","simulation_id":14,"pipe":"events","path":"\\\\.\\pipe\\afsim_events","error":"CreateFile pipe: The system cannot find the file specified.","retry_in":2000000000}
{"time":"2026-06-10T21:14:20.0638032+08:00","level":"INFO","msg":"pipe not available, retrying","component":"api","simulation_id":15,"pipe":"events","path":"\\\\.\\pipe\\afsim_events","error":"CreateFile pipe: The system cannot find the file specified.","retry_in":2000000000}
{"time":"2026-06-10T21:14:21.4985541+08:00","level":"INFO","msg":"pipe not available, retrying","component":"api","simulation_id":13,"pipe":"events","path":"\\\\.\\pipe\\afsim_events","error":"CreateFile pipe: The system cannot find the file specified.","retry_in":2000000000}
{"time":"2026-06-10T21:14:21.5208374+08:00","level":"INFO","msg":"pipe not available, retrying","component":"api","simulation_id":14,"pipe":"events","path":"\\\\.\\pipe\\afsim_events","error":"CreateFile pipe: The system cannot find the file specified.","retry_in":2000000000}
{"time":"2026-06-10T21:14:22.0647388+08:00","level":"INFO","msg":"pipe not available, retrying","component":"api","simulation_id":15,"pipe":"events","path":"\\\\.\\pipe\\afsim_events","error":"CreateFile pipe: The system cannot find the file specified.","retry_in":2000000000}
{"time":"2026-06-10T21:14:23.4996171+08:00","level":"INFO","msg":"pipe not available, retrying","component":"api","simulation_id":13,"pipe":"events","path":"\\\\.\\pipe\\afsim_events","error":"CreateFile pipe: The system cannot find the file specified.","retry_in":2000000000}
{"time":"2026-06-10T21:14:23.5211247+08:00","level":"INFO","msg":"pipe not available, retrying","component":"api","simulation_id":14,"pipe":"events","path":"\\\\.\\pipe\\afsim_events","error":"CreateFile pipe: The system cannot find the file specified.","retry_in":2000000000}
{"time":"2026-06-10T21:14:24.0653912+08:00","level":"INFO","msg":"pipe not available, retrying","component":"api","simulation_id":15,"pipe":"events","path":"\\\\.\\pipe\\afsim_events","error":"CreateFile pipe: The system cannot find the file specified.","retry_in":2000000000}
{"time":"2026-06-10T21:14:25.4997521+08:00","level":"INFO","msg":"pipe not available, retrying","component":"api","simulation_id":13,"pipe":"events","path":"\\\\.\\pipe\\afsim_events","error":"CreateFile pipe: The system cannot find the file specified.","retry_in":2000000000}
{"time":"2026-06-10T21:14:25.5212615+08:00","level":"INFO","msg":"pipe not available, retrying","component":"api","simulation_id":14,"pipe":"events","path":"\\\\.\\pipe\\afsim_events","error":"CreateFile pipe: The system cannot find the file specified.","retry_in":2000000000}
{"time":"2026-06-10T21:14:26.0660141+08:00","level":"INFO","msg":"pipe not available, retrying","component":"api","simulation_id":15,"pipe":"events","path":"\\\\.\\pipe\\afsim_events","error":"CreateFile pipe: The system cannot find the file specified.","retry_in":2000000000}
{"time":"2026-06-10T21:14:27.4999002+08:00","level":"INFO","msg":"pipe not available, retrying","component":"api","simulation_id":13,"pipe":"events","path":"\\\\.\\pipe\\afsim_events","error":"CreateFile pipe: The system cannot find the file specified.","retry_in":2000000000}
{"time":"2026-06-10T21:14:27.5213331+08:00","level":"INFO","msg":"pipe not available, retrying","component":"api","simulation_id":14,"pipe":"events","path":"\\\\.\\pipe\\afsim_events","error":"CreateFile pipe: The system cannot find the file specified.","retry_in":2000000000}
{"time":"2026-06-10T21:14:28.0664492+08:00","level":"INFO","msg":"pipe not available, retrying","component":"api","simulation_id":15,"pipe":"events","path":"\\\\.\\pipe\\afsim_events","error":"CreateFile pipe: The system cannot find the file specified.","retry_in":2000000000}
{"time":"2026-06-10T21:14:29.5006181+08:00","level":"INFO","msg":"pipe not available, retrying","component":"api","simulation_id":13,"pipe":"events","path":"\\\\.\\pipe\\afsim_events","error":"CreateFile pipe: The system cannot find the file specified.","retry_in":2000000000}
{"time":"2026-06-10T21:14:29.5223058+08:00","level":"INFO","msg":"pipe not available, retrying","component":"api","simulation_id":14,"pipe":"events","path":"\\\\.\\pipe\\afsim_events","error":"CreateFile pipe: The system cannot find the file specified.","retry_in":2000000000}
{"time":"2026-06-10T21:14:30.0665459+08:00","level":"INFO","msg":"pipe not available, retrying","component":"api","simulation_id":15,"pipe":"events","path":"\\\\.\\pipe\\afsim_events","error":"CreateFile pipe: The system cannot find the file specified.","retry_in":2000000000}
{"time":"2026-06-10T21:14:31.5014747+08:00","level":"INFO","msg":"pipe not available, retrying","component":"api","simulation_id":13,"pipe":"events","path":"\\\\.\\pipe\\afsim_events","error":"CreateFile pipe: The system cannot find the file specified.","retry_in":2000000000}
{"time":"2026-06-10T21:14:31.5231746+08:00","level":"INFO","msg":"pipe not available, retrying","component":"api","simulation_id":14,"pipe":"events","path":"\\\\.\\pipe\\afsim_events","error":"CreateFile pipe: The system cannot find the file specified.","retry_in":2000000000}
{"time":"2026-06-10T21:14:32.067499+08:00","level":"INFO","msg":"pipe not available, retrying","component":"api","simulation_id":15,"pipe":"events","path":"\\\\.\\pipe\\afsim_events","error":"CreateFile pipe: The system cannot find the file specified.","retry_in":2000000000}
{"time":"2026-06-10T21:14:33.5022621+08:00","level":"INFO","msg":"pipe not available, retrying","component":"api","simulation_id":13,"pipe":"events","path":"\\\\.\\pipe\\afsim_events","error":"CreateFile pipe: The system cannot find the file specified.","retry_in":2000000000}
{"time":"2026-06-10T21:14:33.5239095+08:00","level":"INFO","msg":"pipe not available, retrying","component":"api","simulation_id":14,"pipe":"events","path":"\\\\.\\pipe\\afsim_events","error":"CreateFile pipe: The system cannot find the file specified.","retry_in":2000000000}
{"time":"2026-06-10T21:14:34.0683724+08:00","level":"INFO","msg":"pipe not available, retrying","component":"api","simulation_id":15,"pipe":"events","path":"\\\\.\\pipe\\afsim_events","error":"CreateFile pipe: The system cannot find the file specified.","retry_in":2000000000}
{"time":"2026-06-10T21:14:35.5025475+08:00","level":"INFO","msg":"pipe not available, retrying","component":"api","simulation_id":13,"pipe":"events","path":"\\\\.\\pipe\\afsim_events","error":"CreateFile pipe: The system cannot find the file specified.","retry_in":2000000000}
{"time":"2026-06-10T21:14:35.5240547+08:00","level":"INFO","msg":"pipe not available, retrying","component":"api","simulation_id":14,"pipe":"events","path":"\\\\.\\pipe\\afsim_events","error":"CreateFile pipe: The system cannot find the file specified.","retry_in":2000000000}
{"time":"2026-06-10T21:14:36.0688722+08:00","level":"INFO","msg":"pipe not available, retrying","component":"api","simulation_id":15,"pipe":"events","path":"\\\\.\\pipe\\afsim_events","error":"CreateFile pipe: The system cannot find the file specified.","retry_in":2000000000}
{"time":"2026-06-10T21:14:37.5028856+08:00","level":"INFO","msg":"pipe not available, retrying","component":"api","simulation_id":13,"pipe":"events","path":"\\\\.\\pipe\\afsim_events","error":"CreateFile pipe: The system cannot find the file specified.","retry_in":2000000000}
{"time":"2026-06-10T21:14:37.5244344+08:00","level":"INFO","msg":"pipe not available, retrying","component":"api","simulation_id":14,"pipe":"events","path":"\\\\.\\pipe\\afsim_events","error":"CreateFile pipe: The system cannot find the file specified.","retry_in":2000000000}
{"time":"2026-06-10T21:14:38.0694484+08:00","level":"INFO","msg":"pipe not available, retrying","component":"api","simulation_id":15,"pipe":"events","path":"\\\\.\\pipe\\afsim_events","error":"CreateFile pipe: The system cannot find the file specified.","retry_in":2000000000}
{"time":"2026-06-10T21:14:39.5036353+08:00","level":"INFO","msg":"pipe not available, retrying","component":"api","simulation_id":13,"pipe":"events","path":"\\\\.\\pipe\\afsim_events","error":"CreateFile pipe: The system cannot find the file specified.","retry_in":2000000000}
{"time":"2026-06-10T21:14:39.5252729+08:00","level":"INFO","msg":"pipe not available, retrying","component":"api","simulation_id":14,"pipe":"events","path":"\\\\.\\pipe\\afsim_events","error":"CreateFile pipe: The system cannot find the file specified.","retry_in":2000000000}
{"time":"2026-06-10T21:14:40.0697351+08:00","level":"INFO","msg":"pipe not available, retrying","component":"api","simulation_id":15,"pipe":"events","path":"\\\\.\\pipe\\afsim_events","error":"CreateFile pipe: The system cannot find the file specified.","retry_in":2000000000}
{"time":"2026-06-10T21:14:41.5045347+08:00","level":"INFO","msg":"pipe not available, retrying","component":"api","simulation_id":13,"pipe":"events","path":"\\\\.\\pipe\\afsim_events","error":"CreateFile pipe: The system cannot find the file specified.","retry_in":2000000000}
{"time":"2026-06-10T21:14:41.5261835+08:00","level":"INFO","msg":"pipe not available, retrying","component":"api","simulation_id":14,"pipe":"events","path":"\\\\.\\pipe\\afsim_events","error":"CreateFile pipe: The system cannot find the file specified.","retry_in":2000000000}
{"time":"2026-06-10T21:14:42.0702332+08:00","level":"INFO","msg":"pipe not available, retrying","component":"api","simulation_id":15,"pipe":"events","path":"\\\\.\\pipe\\afsim_events","error":"CreateFile pipe: The system cannot find the file specified.","retry_in":2000000000}
{"time":"2026-06-10T21:14:43.5054887+08:00","level":"INFO","msg":"pipe not available, retrying","component":"api","simulation_id":13,"pipe":"events","path":"\\\\.\\pipe\\afsim_events","error":"CreateFile pipe: The system cannot find the file specified.","retry_in":2000000000}
{"time":"2026-06-10T21:14:43.5264961+08:00","level":"INFO","msg":"pipe not available, retrying","component":"api","simulation_id":14,"pipe":"events","path":"\\\\.\\pipe\\afsim_events","error":"CreateFile pipe: The system cannot find the file specified.","retry_in":2000000000}
{"time":"2026-06-10T21:14:44.0703422+08:00","level":"INFO","msg":"pipe not available, retrying","component":"api","simulation_id":15,"pipe":"events","path":"\\\\.\\pipe\\afsim_events","error":"CreateFile pipe: The system cannot find the file specified.","retry_in":2000000000}
{"time":"2026-06-10T21:14:45.5065212+08:00","level":"INFO","msg":"pipe not available, retrying","component":"api","simulation_id":13,"pipe":"events","path":"\\\\.\\pipe\\afsim_events","error":"CreateFile pipe: The system cannot find the file specified.","retry_in":2000000000}
{"time":"2026-06-10T21:14:45.5270725+08:00","level":"INFO","msg":"pipe not available, retrying","component":"api","simulation_id":14,"pipe":"events","path":"\\\\.\\pipe\\afsim_events","error":"CreateFile pipe: The system cannot find the file specified.","retry_in":2000000000}
{"time":"2026-06-10T21:14:46.0713574+08:00","level":"INFO","msg":"pipe not available, retrying","component":"api","simulation_id":15,"pipe":"events","path":"\\\\.\\pipe\\afsim_events","error":"CreateFile pipe: The system cannot find the file specified.","retry_in":2000000000}
{"time":"2026-06-10T21:14:47.5075301+08:00","level":"INFO","msg":"pipe not available, retrying","component":"api","simulation_id":13,"pipe":"events","path":"\\\\.\\pipe\\afsim_events","error":"CreateFile pipe: The system cannot find the file specified.","retry_in":2000000000}
{"time":"2026-06-10T21:14:47.5272192+08:00","level":"INFO","msg":"pipe not available, retrying","component":"api","simulation_id":14,"pipe":"events","path":"\\\\.\\pipe\\afsim_events","error":"CreateFile pipe: The system cannot find the file specified.","retry_in":2000000000}
{"time":"2026-06-10T21:14:48.0715664+08:00","level":"INFO","msg":"pipe not available, retrying","component":"api","simulation_id":15,"pipe":"events","path":"\\\\.\\pipe\\afsim_events","error":"CreateFile pipe: The system cannot find the file specified.","retry_in":2000000000}
{"time":"2026-06-10T21:14:49.5077051+08:00","level":"INFO","msg":"pipe not available, retrying","component":"api","simulation_id":13,"pipe":"events","path":"\\\\.\\pipe\\afsim_events","error":"CreateFile pipe: The system cannot find the file specified.","retry_in":2000000000}
{"time":"2026-06-10T21:14:49.5273593+08:00","level":"INFO","msg":"pipe not available, retrying","component":"api","simulation_id":14,"pipe":"events","path":"\\\\.\\pipe\\afsim_events","error":"CreateFile pipe: The system cannot find the file specified.","retry_in":2000000000}
{"time":"2026-06-10T21:14:50.0722247+08:00","level":"INFO","msg":"pipe not available, retrying","component":"api","simulation_id":15,"pipe":"events","path":"\\\\.\\pipe\\afsim_events","error":"CreateFile pipe: The system cannot find the file specified.","retry_in":2000000000}
{"time":"2026-06-10T21:14:51.5079251+08:00","level":"INFO","msg":"pipe not available, retrying","component":"api","simulation_id":13,"pipe":"events","path":"\\\\.\\pipe\\afsim_events","error":"CreateFile pipe: The system cannot find the file specified.","retry_in":2000000000}
{"time":"2026-06-10T21:14:51.5274331+08:00","level":"INFO","msg":"pipe not available, retrying","component":"api","simulation_id":14,"pipe":"events","path":"\\\\.\\pipe\\afsim_events","error":"CreateFile pipe: The system cannot find the file specified.","retry_in":2000000000}
{"time":"2026-06-10T21:14:52.0728957+08:00","level":"INFO","msg":"pipe not available, retrying","component":"api","simulation_id":15,"pipe":"events","path":"\\\\.\\pipe\\afsim_events","error":"CreateFile pipe: The system cannot find the file specified.","retry_in":2000000000}
{"time":"2026-06-10T21:14:53.5087326+08:00","level":"INFO","msg":"pipe not available, retrying","component":"api","simulation_id":13,"pipe":"events","path":"\\\\.\\pipe\\afsim_events","error":"CreateFile pipe: The system cannot find the file specified.","retry_in":2000000000}
{"time":"2026-06-10T21:14:53.528239+08:00","level":"INFO","msg":"pipe not available, retrying","component":"api","simulation_id":14,"pipe":"events","path":"\\\\.\\pipe\\afsim_events","error":"CreateFile pipe: The system cannot find the file specified.","retry_in":2000000000}
{"time":"2026-06-10T21:14:54.0735502+08:00","level":"INFO","msg":"pipe not available, retrying","component":"api","simulation_id":15,"pipe":"events","path":"\\\\.\\pipe\\afsim_events","error":"CreateFile pipe: The system cannot find the file specified.","retry_in":2000000000}
{"time":"2026-06-10T21:14:55.5093591+08:00","level":"INFO","msg":"pipe not available, retrying","component":"api","simulation_id":13,"pipe":"events","path":"\\\\.\\pipe\\afsim_events","error":"CreateFile pipe: The system cannot find the file specified.","retry_in":2000000000}
{"time":"2026-06-10T21:14:55.5288675+08:00","level":"INFO","msg":"pipe not available, retrying","component":"api","simulation_id":14,"pipe":"events","path":"\\\\.\\pipe\\afsim_events","error":"CreateFile pipe: The system cannot find the file specified.","retry_in":2000000000}
{"time":"2026-06-10T21:14:56.0744737+08:00","level":"INFO","msg":"pipe not available, retrying","component":"api","simulation_id":15,"pipe":"events","path":"\\\\.\\pipe\\afsim_events","error":"CreateFile pipe: The system cannot find the file specified.","retry_in":2000000000}
{"time":"2026-06-10T21:14:57.509696+08:00","level":"INFO","msg":"pipe not available, retrying","component":"api","simulation_id":13,"pipe":"events","path":"\\\\.\\pipe\\afsim_events","error":"CreateFile pipe: The system cannot find the file specified.","retry_in":2000000000}
{"time":"2026-06-10T21:14:57.5292032+08:00","level":"INFO","msg":"pipe not available, retrying","component":"api","simulation_id":14,"pipe":"events","path":"\\\\.\\pipe\\afsim_events","error":"CreateFile pipe: The system cannot find the file specified.","retry_in":2000000000}
{"time":"2026-06-10T21:14:58.0750819+08:00","level":"INFO","msg":"pipe not available, retrying","component":"api","simulation_id":15,"pipe":"events","path":"\\\\.\\pipe\\afsim_events","error":"CreateFile pipe: The system cannot find the file specified.","retry_in":2000000000}
{"time":"2026-06-10T21:14:59.5102546+08:00","level":"INFO","msg":"pipe not available, retrying","component":"api","simulation_id":13,"pipe":"events","path":"\\\\.\\pipe\\afsim_events","error":"CreateFile pipe: The system cannot find the file specified.","retry_in":2000000000}
{"time":"2026-06-10T21:14:59.5298915+08:00","level":"INFO","msg":"pipe not available, retrying","component":"api","simulation_id":14,"pipe":"events","path":"\\\\.\\pipe\\afsim_events","error":"CreateFile pipe: The system cannot find the file specified.","retry_in":2000000000}
{"time":"2026-06-10T21:15:00.0753375+08:00","level":"INFO","msg":"pipe not available, retrying","component":"api","simulation_id":15,"pipe":"events","path":"\\\\.\\pipe\\afsim_events","error":"CreateFile pipe: The system cannot find the file specified.","retry_in":2000000000}
{"time":"2026-06-10T21:15:01.5110704+08:00","level":"INFO","msg":"pipe not available, retrying","component":"api","simulation_id":13,"pipe":"events","path":"\\\\.\\pipe\\afsim_events","error":"CreateFile pipe: The system cannot find the file specified.","retry_in":2000000000}
{"time":"2026-06-10T21:15:01.5306311+08:00","level":"INFO","msg":"pipe not available, retrying","component":"api","simulation_id":14,"pipe":"events","path":"\\\\.\\pipe\\afsim_events","error":"CreateFile pipe: The system cannot find the file specified.","retry_in":2000000000}
{"time":"2026-06-10T21:15:02.0758814+08:00","level":"INFO","msg":"pipe not available, retrying","component":"api","simulation_id":15,"pipe":"events","path":"\\\\.\\pipe\\afsim_events","error":"CreateFile pipe: The system cannot find the file specified.","retry_in":2000000000}
{"time":"2026-06-10T21:15:03.5117512+08:00","level":"INFO","msg":"pipe not available, retrying","component":"api","simulation_id":13,"pipe":"events","path":"\\\\.\\pipe\\afsim_events","error":"CreateFile pipe: The system cannot find the file specified.","retry_in":2000000000}
{"time":"2026-06-10T21:15:03.5307585+08:00","level":"INFO","msg":"pipe not available, retrying","component":"api","simulation_id":14,"pipe":"events","path":"\\\\.\\pipe\\afsim_events","error":"CreateFile pipe: The system cannot find the file specified.","retry_in":2000000000}
{"time":"2026-06-10T21:15:04.0761762+08:00","level":"INFO","msg":"pipe not available, retrying","component":"api","simulation_id":15,"pipe":"events","path":"\\\\.\\pipe\\afsim_events","error":"CreateFile pipe: The system cannot find the file specified.","retry_in":2000000000}
{"time":"2026-06-10T21:15:05.5121317+08:00","level":"INFO","msg":"pipe not available, retrying","component":"api","simulation_id":13,"pipe":"events","path":"\\\\.\\pipe\\afsim_events","error":"CreateFile pipe: The system cannot find the file specified.","retry_in":2000000000}
{"time":"2026-06-10T21:15:05.5316785+08:00","level":"INFO","msg":"pipe not available, retrying","component":"api","simulation_id":14,"pipe":"events","path":"\\\\.\\pipe\\afsim_events","error":"CreateFile pipe: The system cannot find the file specified.","retry_in":2000000000}
{"time":"2026-06-10T21:15:06.0767625+08:00","level":"INFO","msg":"pipe not available, retrying","component":"api","simulation_id":15,"pipe":"events","path":"\\\\.\\pipe\\afsim_events","error":"CreateFile pipe: The system cannot find the file specified.","retry_in":2000000000}
{"time":"2026-06-10T21:15:07.5125016+08:00","level":"INFO","msg":"pipe not available, retrying","component":"api","simulation_id":13,"pipe":"events","path":"\\\\.\\pipe\\afsim_events","error":"CreateFile pipe: The system cannot find the file specified.","retry_in":2000000000}
{"time":"2026-06-10T21:15:07.5321593+08:00","level":"INFO","msg":"pipe not available, retrying","component":"api","simulation_id":14,"pipe":"events","path":"\\\\.\\pipe\\afsim_events","error":"CreateFile pipe: The system cannot find the file specified.","retry_in":2000000000}
{"time":"2026-06-10T21:15:08.0775623+08:00","level":"INFO","msg":"pipe not available, retrying","component":"api","simulation_id":15,"pipe":"events","path":"\\\\.\\pipe\\afsim_events","error":"CreateFile pipe: The system cannot find the file specified.","retry_in":2000000000}
{"time":"2026-06-10T21:15:09.5130903+08:00","level":"INFO","msg":"pipe not available, retrying","component":"api","simulation_id":13,"pipe":"events","path":"\\\\.\\pipe\\afsim_events","error":"CreateFile pipe: The system cannot find the file specified.","retry_in":2000000000}
{"time":"2026-06-10T21:15:09.532633+08:00","level":"INFO","msg":"pipe not available, retrying","component":"api","simulation_id":14,"pipe":"events","path":"\\\\.\\pipe\\afsim_events","error":"CreateFile pipe: The system cannot find the file specified.","retry_in":2000000000}
{"time":"2026-06-10T21:15:10.0777948+08:00","level":"INFO","msg":"pipe not available, retrying","component":"api","simulation_id":15,"pipe":"events","path":"\\\\.\\pipe\\afsim_events","error":"CreateFile pipe: The system cannot find the file specified.","retry_in":2000000000}
{"time":"2026-06-10T21:15:11.5138065+08:00","level":"INFO","msg":"pipe not available, retrying","component":"api","simulation_id":13,"pipe":"events","path":"\\\\.\\pipe\\afsim_events","error":"CreateFile pipe: The system cannot find the file specified.","retry_in":2000000000}
{"time":"2026-06-10T21:15:11.5329642+08:00","level":"INFO","msg":"pipe not available, retrying","component":"api","simulation_id":14,"pipe":"events","path":"\\\\.\\pipe\\afsim_events","error":"CreateFile pipe: The system cannot find the file specified.","retry_in":2000000000}
{"time":"2026-06-10T21:15:12.0783782+08:00","level":"INFO","msg":"pipe not available, retrying","component":"api","simulation_id":15,"pipe":"events","path":"\\\\.\\pipe\\afsim_events","error":"CreateFile pipe: The system cannot find the file specified.","retry_in":2000000000}
{"time":"2026-06-10T21:15:13.5142468+08:00","level":"INFO","msg":"pipe not available, retrying","component":"api","simulation_id":13,"pipe":"events","path":"\\\\.\\pipe\\afsim_events","error":"CreateFile pipe: The system cannot find the file specified.","retry_in":2000000000}
{"time":"2026-06-10T21:15:13.5337888+08:00","level":"INFO","msg":"pipe not available, retrying","component":"api","simulation_id":14,"pipe":"events","path":"\\\\.\\pipe\\afsim_events","error":"CreateFile pipe: The system cannot find the file specified.","retry_in":2000000000}
{"time":"2026-06-10T21:15:14.0791716+08:00","level":"INFO","msg":"pipe not available, retrying","component":"api","simulation_id":15,"pipe":"events","path":"\\\\.\\pipe\\afsim_events","error":"CreateFile pipe: The system cannot find the file specified.","retry_in":2000000000}
{"time":"2026-06-10T21:15:15.5146666+08:00","level":"INFO","msg":"pipe not available, retrying","component":"api","simulation_id":13,"pipe":"events","path":"\\\\.\\pipe\\afsim_events","error":"CreateFile pipe: The system cannot find the file specified.","retry_in":2000000000}
{"time":"2026-06-10T21:15:15.5343431+08:00","level":"INFO","msg":"pipe not available, retrying","component":"api","simulation_id":14,"pipe":"events","path":"\\\\.\\pipe\\afsim_events","error":"CreateFile pipe: The system cannot find the file specified.","retry_in":2000000000}
{"time":"2026-06-10T21:15:16.0796358+08:00","level":"INFO","msg":"pipe not available, retrying","component":"api","simulation_id":15,"pipe":"events","path":"\\\\.\\pipe\\afsim_events","error":"CreateFile pipe: The system cannot find the file specified.","retry_in":2000000000}
{"time":"2026-06-10T21:15:17.5149443+08:00","level":"INFO","msg":"pipe not available, retrying","component":"api","simulation_id":13,"pipe":"events","path":"\\\\.\\pipe\\afsim_events","error":"CreateFile pipe: The system cannot find the file specified.","retry_in":2000000000}
{"time":"2026-06-10T21:15:17.5344525+08:00","level":"INFO","msg":"pipe not available, retrying","component":"api","simulation_id":14,"pipe":"events","path":"\\\\.\\pipe\\afsim_events","error":"CreateFile pipe: The system cannot find the file specified.","retry_in":2000000000}
{"time":"2026-06-10T21:15:18.079703+08:00","level":"INFO","msg":"pipe not available, retrying","component":"api","simulation_id":15,"pipe":"events","path":"\\\\.\\pipe\\afsim_events","error":"CreateFile pipe: The system cannot find the file specified.","retry_in":2000000000}
{"time":"2026-06-10T21:15:19.5153776+08:00","level":"INFO","msg":"pipe not available, retrying","component":"api","simulation_id":13,"pipe":"events","path":"\\\\.\\pipe\\afsim_events","error":"CreateFile pipe: The system cannot find the file specified.","retry_in":2000000000}
{"time":"2026-06-10T21:15:19.5350321+08:00","level":"INFO","msg":"pipe not available, retrying","component":"api","simulation_id":14,"pipe":"events","path":"\\\\.\\pipe\\afsim_events","error":"CreateFile pipe: The system cannot find the file specified.","retry_in":2000000000}
{"time":"2026-06-10T21:15:20.0798079+08:00","level":"INFO","msg":"pipe not available, retrying","component":"api","simulation_id":15,"pipe":"events","path":"\\\\.\\pipe\\afsim_events","error":"CreateFile pipe: The system cannot find the file specified.","retry_in":2000000000}
{"time":"2026-06-10T21:15:21.5163168+08:00","level":"INFO","msg":"pipe not available, retrying","component":"api","simulation_id":13,"pipe":"events","path":"\\\\.\\pipe\\afsim_events","error":"CreateFile pipe: The system cannot find the file specified.","retry_in":2000000000}
{"time":"2026-06-10T21:15:21.5359699+08:00","level":"INFO","msg":"pipe not available, retrying","component":"api","simulation_id":14,"pipe":"events","path":"\\\\.\\pipe\\afsim_events","error":"CreateFile pipe: The system cannot find the file specified.","retry_in":2000000000}
{"time":"2026-06-10T21:15:22.0802203+08:00","level":"INFO","msg":"pipe not available, retrying","component":"api","simulation_id":15,"pipe":"events","path":"\\\\.\\pipe\\afsim_events","error":"CreateFile pipe: The system cannot find the file specified.","retry_in":2000000000}
{"time":"2026-06-10T21:15:23.5169512+08:00","level":"INFO","msg":"pipe not available, retrying","component":"api","simulation_id":13,"pipe":"events","path":"\\\\.\\pipe\\afsim_events","error":"CreateFile pipe: The system cannot find the file specified.","retry_in":2000000000}
{"time":"2026-06-10T21:15:23.5364206+08:00","level":"INFO","msg":"pipe not available, retrying","component":"api","simulation_id":14,"pipe":"events","path":"\\\\.\\pipe\\afsim_events","error":"CreateFile pipe: The system cannot find the file specified.","retry_in":2000000000}
{"time":"2026-06-10T21:15:24.0806046+08:00","level":"INFO","msg":"pipe not available, retrying","component":"api","simulation_id":15,"pipe":"events","path":"\\\\.\\pipe\\afsim_events","error":"CreateFile pipe: The system cannot find the file specified.","retry_in":2000000000}
{"time":"2026-06-10T21:15:25.5177434+08:00","level":"INFO","msg":"pipe not available, retrying","component":"api","simulation_id":13,"pipe":"events","path":"\\\\.\\pipe\\afsim_events","error":"CreateFile pipe: The system cannot find the file specified.","retry_in":2000000000}
{"time":"2026-06-10T21:15:25.5372898+08:00","level":"INFO","msg":"pipe not available, retrying","component":"api","simulation_id":14,"pipe":"events","path":"\\\\.\\pipe\\afsim_events","error":"CreateFile pipe: The system cannot find the file specified.","retry_in":2000000000}
{"time":"2026-06-10T21:15:26.0816744+08:00","level":"INFO","msg":"pipe not available, retrying","component":"api","simulation_id":15,"pipe":"events","path":"\\\\.\\pipe\\afsim_events","error":"CreateFile pipe: The system cannot find the file specified.","retry_in":2000000000}
{"time":"2026-06-10T21:15:27.5187031+08:00","level":"INFO","msg":"pipe not available, retrying","component":"api","simulation_id":13,"pipe":"events","path":"\\\\.\\pipe\\afsim_events","error":"CreateFile pipe: The system cannot find the file specified.","retry_in":2000000000}
{"time":"2026-06-10T21:15:27.5373851+08:00","level":"INFO","msg":"pipe not available, retrying","component":"api","simulation_id":14,"pipe":"events","path":"\\\\.\\pipe\\afsim_events","error":"CreateFile pipe: The system cannot find the file specified.","retry_in":2000000000}
{"time":"2026-06-10T21:15:28.0825079+08:00","level":"INFO","msg":"pipe not available, retrying","component":"api","simulation_id":15,"pipe":"events","path":"\\\\.\\pipe\\afsim_events","error":"CreateFile pipe: The system cannot find the file specified.","retry_in":2000000000}
{"time":"2026-06-10T21:15:29.5193847+08:00","level":"INFO","msg":"pipe not available, retrying","component":"api","simulation_id":13,"pipe":"events","path":"\\\\.\\pipe\\afsim_events","error":"CreateFile pipe: The system cannot find the file specified.","retry_in":2000000000}
{"time":"2026-06-10T21:15:29.53793+08:00","level":"INFO","msg":"pipe not available, retrying","component":"api","simulation_id":14,"pipe":"events","path":"\\\\.\\pipe\\afsim_events","error":"CreateFile pipe: The system cannot find the file specified.","retry_in":2000000000}
{"time":"2026-06-10T21:15:30.0829977+08:00","level":"INFO","msg":"pipe not available, retrying","component":"api","simulation_id":15,"pipe":"events","path":"\\\\.\\pipe\\afsim_events","error":"CreateFile pipe: The system cannot find the file specified.","retry_in":2000000000}
{"time":"2026-06-10T21:15:31.5197886+08:00","level":"INFO","msg":"pipe not available, retrying","component":"api","simulation_id":13,"pipe":"events","path":"\\\\.\\pipe\\afsim_events","error":"CreateFile pipe: The system cannot find the file specified.","retry_in":2000000000}
{"time":"2026-06-10T21:15:31.5384627+08:00","level":"INFO","msg":"pipe not available, retrying","component":"api","simulation_id":14,"pipe":"events","path":"\\\\.\\pipe\\afsim_events","error":"CreateFile pipe: The system cannot find the file specified.","retry_in":2000000000}
{"time":"2026-06-10T21:15:32.0836392+08:00","level":"INFO","msg":"pipe not available, retrying","component":"api","simulation_id":15,"pipe":"events","path":"\\\\.\\pipe\\afsim_events","error":"CreateFile pipe: The system cannot find the file specified.","retry_in":2000000000}
{"time":"2026-06-10T21:15:33.5204426+08:00","level":"INFO","msg":"pipe not available, retrying","component":"api","simulation_id":13,"pipe":"events","path":"\\\\.\\pipe\\afsim_events","error":"CreateFile pipe: The system cannot find the file specified.","retry_in":2000000000}
{"time":"2026-06-10T21:15:33.5391273+08:00","level":"INFO","msg":"pipe not available, retrying","component":"api","simulation_id":14,"pipe":"events","path":"\\\\.\\pipe\\afsim_events","error":"CreateFile pipe: The system cannot find the file specified.","retry_in":2000000000}
{"time":"2026-06-10T21:15:34.0841115+08:00","level":"INFO","msg":"pipe not available, retrying","component":"api","simulation_id":15,"pipe":"events","path":"\\\\.\\pipe\\afsim_events","error":"CreateFile pipe: The system cannot find the file specified.","retry_in":2000000000}
{"time":"2026-06-10T21:15:35.52076+08:00","level":"INFO","msg":"pipe not available, retrying","component":"api","simulation_id":13,"pipe":"events","path":"\\\\.\\pipe\\afsim_events","error":"CreateFile pipe: The system cannot find the file specified.","retry_in":2000000000}
{"time":"2026-06-10T21:15:35.5394112+08:00","level":"INFO","msg":"pipe not available, retrying","component":"api","simulation_id":14,"pipe":"events","path":"\\\\.\\pipe\\afsim_events","error":"CreateFile pipe: The system cannot find the file specified.","retry_in":2000000000}
{"time":"2026-06-10T21:15:36.0844394+08:00","level":"INFO","msg":"pipe not available, retrying","component":"api","simulation_id":15,"pipe":"events","path":"\\\\.\\pipe\\afsim_events","error":"CreateFile pipe: The system cannot find the file specified.","retry_in":2000000000}
{"time":"2026-06-10T21:15:37.5215011+08:00","level":"INFO","msg":"pipe not available, retrying","component":"api","simulation_id":13,"pipe":"events","path":"\\\\.\\pipe\\afsim_events","error":"CreateFile pipe: The system cannot find the file specified.","retry_in":2000000000}
{"time":"2026-06-10T21:15:37.5400093+08:00","level":"INFO","msg":"pipe not available, retrying","component":"api","simulation_id":14,"pipe":"events","path":"\\\\.\\pipe\\afsim_events","error":"CreateFile pipe: The system cannot find the file specified.","retry_in":2000000000}
{"time":"2026-06-10T21:15:38.0845435+08:00","level":"INFO","msg":"pipe not available, retrying","component":"api","simulation_id":15,"pipe":"events","path":"\\\\.\\pipe\\afsim_events","error":"CreateFile pipe: The system cannot find the file specified.","retry_in":2000000000}
{"time":"2026-06-10T21:15:39.5222529+08:00","level":"INFO","msg":"pipe not available, retrying","component":"api","simulation_id":13,"pipe":"events","path":"\\\\.\\pipe\\afsim_events","error":"CreateFile pipe: The system cannot find the file specified.","retry_in":2000000000}
{"time":"2026-06-10T21:15:39.5409077+08:00","level":"INFO","msg":"pipe not available, retrying","component":"api","simulation_id":14,"pipe":"events","path":"\\\\.\\pipe\\afsim_events","error":"CreateFile pipe: The system cannot find the file specified.","retry_in":2000000000}
{"time":"2026-06-10T21:15:40.0846506+08:00","level":"INFO","msg":"pipe not available, retrying","component":"api","simulation_id":15,"pipe":"events","path":"\\\\.\\pipe\\afsim_events","error":"CreateFile pipe: The system cannot find the file specified.","retry_in":2000000000}
{"time":"2026-06-10T21:15:41.5224911+08:00","level":"INFO","msg":"pipe not available, retrying","component":"api","simulation_id":13,"pipe":"events","path":"\\\\.\\pipe\\afsim_events","error":"CreateFile pipe: The system cannot find the file specified.","retry_in":2000000000}
{"time":"2026-06-10T21:15:41.5411813+08:00","level":"INFO","msg":"pipe not available, retrying","component":"api","simulation_id":14,"pipe":"events","path":"\\\\.\\pipe\\afsim_events","error":"CreateFile pipe: The system cannot find the file specified.","retry_in":2000000000}
{"time":"2026-06-10T21:15:42.0857025+08:00","level":"INFO","msg":"pipe not available, retrying","component":"api","simulation_id":15,"pipe":"events","path":"\\\\.\\pipe\\afsim_events","error":"CreateFile pipe: The system cannot find the file specified.","retry_in":2000000000}
{"time":"2026-06-10T21:15:43.5235416+08:00","level":"INFO","msg":"pipe not available, retrying","component":"api","simulation_id":13,"pipe":"events","path":"\\\\.\\pipe\\afsim_events","error":"CreateFile pipe: The system cannot find the file specified.","retry_in":2000000000}
{"time":"2026-06-10T21:15:43.5415974+08:00","level":"INFO","msg":"pipe not available, retrying","component":"api","simulation_id":14,"pipe":"events","path":"\\\\.\\pipe\\afsim_events","error":"CreateFile pipe: The system cannot find the file specified.","retry_in":2000000000}
{"time":"2026-06-10T21:15:44.0862171+08:00","level":"INFO","msg":"pipe not available, retrying","component":"api","simulation_id":15,"pipe":"events","path":"\\\\.\\pipe\\afsim_events","error":"CreateFile pipe: The system cannot find the file specified.","retry_in":2000000000}
{"time":"2026-06-10T21:15:45.5241315+08:00","level":"INFO","msg":"pipe not available, retrying","component":"api","simulation_id":13,"pipe":"events","path":"\\\\.\\pipe\\afsim_events","error":"CreateFile pipe: The system cannot find the file specified.","retry_in":2000000000}
{"time":"2026-06-10T21:15:45.541998+08:00","level":"INFO","msg":"pipe not available, retrying","component":"api","simulation_id":14,"pipe":"events","path":"\\\\.\\pipe\\afsim_events","error":"CreateFile pipe: The system cannot find the file specified.","retry_in":2000000000}
{"time":"2026-06-10T21:15:46.0863015+08:00","level":"INFO","msg":"pipe not available, retrying","component":"api","simulation_id":15,"pipe":"events","path":"\\\\.\\pipe\\afsim_events","error":"CreateFile pipe: The system cannot find the file specified.","retry_in":2000000000}
{"time":"2026-06-10T21:15:47.5246057+08:00","level":"INFO","msg":"pipe not available, retrying","component":"api","simulation_id":13,"pipe":"events","path":"\\\\.\\pipe\\afsim_events","error":"CreateFile pipe: The system cannot find the file specified.","retry_in":2000000000}
{"time":"2026-06-10T21:15:47.5422633+08:00","level":"INFO","msg":"pipe not available, retrying","component":"api","simulation_id":14,"pipe":"events","path":"\\\\.\\pipe\\afsim_events","error":"CreateFile pipe: The system cannot find the file specified.","retry_in":2000000000}
{"time":"2026-06-10T21:15:48.0866434+08:00","level":"INFO","msg":"pipe not available, retrying","component":"api","simulation_id":15,"pipe":"events","path":"\\\\.\\pipe\\afsim_events","error":"CreateFile pipe: The system cannot find the file specified.","retry_in":2000000000}
{"time":"2026-06-10T21:15:49.5250567+08:00","level":"INFO","msg":"pipe not available, retrying","component":"api","simulation_id":13,"pipe":"events","path":"\\\\.\\pipe\\afsim_events","error":"CreateFile pipe: The system cannot find the file specified.","retry_in":2000000000}
{"time":"2026-06-10T21:15:49.5425669+08:00","level":"INFO","msg":"pipe not available, retrying","component":"api","simulation_id":14,"pipe":"events","path":"\\\\.\\pipe\\afsim_events","error":"CreateFile pipe: The system cannot find the file specified.","retry_in":2000000000}
{"time":"2026-06-10T21:15:50.0869407+08:00","level":"INFO","msg":"pipe not available, retrying","component":"api","simulation_id":15,"pipe":"events","path":"\\\\.\\pipe\\afsim_events","error":"CreateFile pipe: The system cannot find the file specified.","retry_in":2000000000}
{"time":"2026-06-10T21:15:51.5256401+08:00","level":"INFO","msg":"pipe not available, retrying","component":"api","simulation_id":13,"pipe":"events","path":"\\\\.\\pipe\\afsim_events","error":"CreateFile pipe: The system cannot find the file specified.","retry_in":2000000000}
{"time":"2026-06-10T21:15:51.5431488+08:00","level":"INFO","msg":"pipe not available, retrying","component":"api","simulation_id":14,"pipe":"events","path":"\\\\.\\pipe\\afsim_events","error":"CreateFile pipe: The system cannot find the file specified.","retry_in":2000000000}
{"time":"2026-06-10T21:15:52.087382+08:00","level":"INFO","msg":"pipe not available, retrying","component":"api","simulation_id":15,"pipe":"events","path":"\\\\.\\pipe\\afsim_events","error":"CreateFile pipe: The system cannot find the file specified.","retry_in":2000000000}
{"time":"2026-06-10T21:15:53.5260996+08:00","level":"INFO","msg":"pipe not available, retrying","component":"api","simulation_id":13,"pipe":"events","path":"\\\\.\\pipe\\afsim_events","error":"CreateFile pipe: The system cannot find the file specified.","retry_in":2000000000}
{"time":"2026-06-10T21:15:53.5433435+08:00","level":"INFO","msg":"pipe not available, retrying","component":"api","simulation_id":14,"pipe":"events","path":"\\\\.\\pipe\\afsim_events","error":"CreateFile pipe: The system cannot find the file specified.","retry_in":2000000000}
{"time":"2026-06-10T21:15:54.0882228+08:00","level":"INFO","msg":"pipe not available, retrying","component":"api","simulation_id":15,"pipe":"events","path":"\\\\.\\pipe\\afsim_events","error":"CreateFile pipe: The system cannot find the file specified.","retry_in":2000000000}
{"time":"2026-06-10T21:15:55.5266544+08:00","level":"INFO","msg":"pipe not available, retrying","component":"api","simulation_id":13,"pipe":"events","path":"\\\\.\\pipe\\afsim_events","error":"CreateFile pipe: The system cannot find the file specified.","retry_in":2000000000}
{"time":"2026-06-10T21:15:55.5443025+08:00","level":"INFO","msg":"pipe not available, retrying","component":"api","simulation_id":14,"pipe":"events","path":"\\\\.\\pipe\\afsim_events","error":"CreateFile pipe: The system cannot find the file specified.","retry_in":2000000000}
{"time":"2026-06-10T21:15:56.0886472+08:00","level":"INFO","msg":"pipe not available, retrying","component":"api","simulation_id":15,"pipe":"events","path":"\\\\.\\pipe\\afsim_events","error":"CreateFile pipe: The system cannot find the file specified.","retry_in":2000000000}
{"time":"2026-06-10T21:15:57.5275409+08:00","level":"INFO","msg":"pipe not available, retrying","component":"api","simulation_id":13,"pipe":"events","path":"\\\\.\\pipe\\afsim_events","error":"CreateFile pipe: The system cannot find the file specified.","retry_in":2000000000}
{"time":"2026-06-10T21:15:57.5447172+08:00","level":"INFO","msg":"pipe not available, retrying","component":"api","simulation_id":14,"pipe":"events","path":"\\\\.\\pipe\\afsim_events","error":"CreateFile pipe: The system cannot find the file specified.","retry_in":2000000000}
{"time":"2026-06-10T21:15:58.0890692+08:00","level":"INFO","msg":"pipe not available, retrying","component":"api","simulation_id":15,"pipe":"events","path":"\\\\.\\pipe\\afsim_events","error":"CreateFile pipe: The system cannot find the file specified.","retry_in":2000000000}
{"time":"2026-06-10T21:15:59.5284248+08:00","level":"INFO","msg":"pipe not available, retrying","component":"api","simulation_id":13,"pipe":"events","path":"\\\\.\\pipe\\afsim_events","error":"CreateFile pipe: The system cannot find the file specified.","retry_in":2000000000}
{"time":"2026-06-10T21:15:59.5456103+08:00","level":"INFO","msg":"pipe not available, retrying","component":"api","simulation_id":14,"pipe":"events","path":"\\\\.\\pipe\\afsim_events","error":"CreateFile pipe: The system cannot find the file specified.","retry_in":2000000000}
{"time":"2026-06-10T21:16:00.0898956+08:00","level":"INFO","msg":"pipe not available, retrying","component":"api","simulation_id":15,"pipe":"events","path":"\\\\.\\pipe\\afsim_events","error":"CreateFile pipe: The system cannot find the file specified.","retry_in":2000000000}
{"time":"2026-06-10T21:16:01.5291226+08:00","level":"INFO","msg":"pipe not available, retrying","component":"api","simulation_id":13,"pipe":"events","path":"\\\\.\\pipe\\afsim_events","error":"CreateFile pipe: The system cannot find the file specified.","retry_in":2000000000}
{"time":"2026-06-10T21:16:01.5465111+08:00","level":"INFO","msg":"pipe not available, retrying","component":"api","simulation_id":14,"pipe":"events","path":"\\\\.\\pipe\\afsim_events","error":"CreateFile pipe: The system cannot find the file specified.","retry_in":2000000000}
{"time":"2026-06-10T21:16:02.0903363+08:00","level":"INFO","msg":"pipe not available, retrying","component":"api","simulation_id":15,"pipe":"events","path":"\\\\.\\pipe\\afsim_events","error":"CreateFile pipe: The system cannot find the file specified.","retry_in":2000000000}
{"time":"2026-06-10T21:16:03.5298966+08:00","level":"INFO","msg":"pipe not available, retrying","component":"api","simulation_id":13,"pipe":"events","path":"\\\\.\\pipe\\afsim_events","error":"CreateFile pipe: The system cannot find the file specified.","retry_in":2000000000}
{"time":"2026-06-10T21:16:03.54709+08:00","level":"INFO","msg":"pipe not available, retrying","component":"api","simulation_id":14,"pipe":"events","path":"\\\\.\\pipe\\afsim_events","error":"CreateFile pipe: The system cannot find the file specified.","retry_in":2000000000}
{"time":"2026-06-10T21:16:04.0904747+08:00","level":"INFO","msg":"pipe not available, retrying","component":"api","simulation_id":15,"pipe":"events","path":"\\\\.\\pipe\\afsim_events","error":"CreateFile pipe: The system cannot find the file specified.","retry_in":2000000000}
{"time":"2026-06-10T21:16:05.530851+08:00","level":"INFO","msg":"pipe not available, retrying","component":"api","simulation_id":13,"pipe":"events","path":"\\\\.\\pipe\\afsim_events","error":"CreateFile pipe: The system cannot find the file specified.","retry_in":2000000000}
{"time":"2026-06-10T21:16:05.548002+08:00","level":"INFO","msg":"pipe not available, retrying","component":"api","simulation_id":14,"pipe":"events","path":"\\\\.\\pipe\\afsim_events","error":"CreateFile pipe: The system cannot find the file specified.","retry_in":2000000000}
{"time":"2026-06-10T21:16:06.0907506+08:00","level":"INFO","msg":"pipe not available, retrying","component":"api","simulation_id":15,"pipe":"events","path":"\\\\.\\pipe\\afsim_events","error":"CreateFile pipe: The system cannot find the file specified.","retry_in":2000000000}
{"time":"2026-06-10T21:16:07.5309099+08:00","level":"INFO","msg":"pipe not available, retrying","component":"api","simulation_id":13,"pipe":"events","path":"\\\\.\\pipe\\afsim_events","error":"CreateFile pipe: The system cannot find the file specified.","retry_in":2000000000}
{"time":"2026-06-10T21:16:07.5490441+08:00","level":"INFO","msg":"pipe not available, retrying","component":"api","simulation_id":14,"pipe":"events","path":"\\\\.\\pipe\\afsim_events","error":"CreateFile pipe: The system cannot find the file specified.","retry_in":2000000000}
{"time":"2026-06-10T21:16:08.0916427+08:00","level":"INFO","msg":"pipe not available, retrying","component":"api","simulation_id":15,"pipe":"events","path":"\\\\.\\pipe\\afsim_events","error":"CreateFile pipe: The system cannot find the file specified.","retry_in":2000000000}
{"time":"2026-06-10T21:16:09.5312135+08:00","level":"INFO","msg":"pipe not available, retrying","component":"api","simulation_id":13,"pipe":"events","path":"\\\\.\\pipe\\afsim_events","error":"CreateFile pipe: The system cannot find the file specified.","retry_in":2000000000}
{"time":"2026-06-10T21:16:09.5496649+08:00","level":"INFO","msg":"pipe not available, retrying","component":"api","simulation_id":14,"pipe":"events","path":"\\\\.\\pipe\\afsim_events","error":"CreateFile pipe: The system cannot find the file specified.","retry_in":2000000000}
{"time":"2026-06-10T21:16:10.0924042+08:00","level":"INFO","msg":"pipe not available, retrying","component":"api","simulation_id":15,"pipe":"events","path":"\\\\.\\pipe\\afsim_events","error":"CreateFile pipe: The system cannot find the file specified.","retry_in":2000000000}
{"time":"2026-06-10T21:16:11.5316101+08:00","level":"INFO","msg":"pipe not available, retrying","component":"api","simulation_id":13,"pipe":"events","path":"\\\\.\\pipe\\afsim_events","error":"CreateFile pipe: The system cannot find the file specified.","retry_in":2000000000}
{"time":"2026-06-10T21:16:11.5503143+08:00","level":"INFO","msg":"pipe not available, retrying","component":"api","simulation_id":14,"pipe":"events","path":"\\\\.\\pipe\\afsim_events","error":"CreateFile pipe: The system cannot find the file specified.","retry_in":2000000000}
{"time":"2026-06-10T21:16:12.0925569+08:00","level":"INFO","msg":"pipe not available, retrying","component":"api","simulation_id":15,"pipe":"events","path":"\\\\.\\pipe\\afsim_events","error":"CreateFile pipe: The system cannot find the file specified.","retry_in":2000000000}
{"time":"2026-06-10T21:16:13.5322271+08:00","level":"INFO","msg":"pipe not available, retrying","component":"api","simulation_id":13,"pipe":"events","path":"\\\\.\\pipe\\afsim_events","error":"CreateFile pipe: The system cannot find the file specified.","retry_in":2000000000}
{"time":"2026-06-10T21:16:13.550582+08:00","level":"INFO","msg":"pipe not available, retrying","component":"api","simulation_id":14,"pipe":"events","path":"\\\\.\\pipe\\afsim_events","error":"CreateFile pipe: The system cannot find the file specified.","retry_in":2000000000}
{"time":"2026-06-10T21:16:14.0932599+08:00","level":"INFO","msg":"pipe not available, retrying","component":"api","simulation_id":15,"pipe":"events","path":"\\\\.\\pipe\\afsim_events","error":"CreateFile pipe: The system cannot find the file specified.","retry_in":2000000000}
{"time":"2026-06-10T21:16:15.5324549+08:00","level":"INFO","msg":"pipe not available, retrying","component":"api","simulation_id":13,"pipe":"events","path":"\\\\.\\pipe\\afsim_events","error":"CreateFile pipe: The system cannot find the file specified.","retry_in":2000000000}
{"time":"2026-06-10T21:16:15.5507725+08:00","level":"INFO","msg":"pipe not available, retrying","component":"api","simulation_id":14,"pipe":"events","path":"\\\\.\\pipe\\afsim_events","error":"CreateFile pipe: The system cannot find the file specified.","retry_in":2000000000}
{"time":"2026-06-10T21:16:16.0936392+08:00","level":"INFO","msg":"pipe not available, retrying","component":"api","simulation_id":15,"pipe":"events","path":"\\\\.\\pipe\\afsim_events","error":"CreateFile pipe: The system cannot find the file specified.","retry_in":2000000000}
{"time":"2026-06-10T21:16:17.5331931+08:00","level":"INFO","msg":"pipe not available, retrying","component":"api","simulation_id":13,"pipe":"events","path":"\\\\.\\pipe\\afsim_events","error":"CreateFile pipe: The system cannot find the file specified.","retry_in":2000000000}
{"time":"2026-06-10T21:16:17.5515504+08:00","level":"INFO","msg":"pipe not available, retrying","component":"api","simulation_id":14,"pipe":"events","path":"\\\\.\\pipe\\afsim_events","error":"CreateFile pipe: The system cannot find the file specified.","retry_in":2000000000}
{"time":"2026-06-10T21:16:18.0946574+08:00","level":"INFO","msg":"pipe not available, retrying","component":"api","simulation_id":15,"pipe":"events","path":"\\\\.\\pipe\\afsim_events","error":"CreateFile pipe: The system cannot find the file specified.","retry_in":2000000000}
{"time":"2026-06-10T21:16:19.5335382+08:00","level":"INFO","msg":"pipe not available, retrying","component":"api","simulation_id":13,"pipe":"events","path":"\\\\.\\pipe\\afsim_events","error":"CreateFile pipe: The system cannot find the file specified.","retry_in":2000000000}
{"time":"2026-06-10T21:16:19.5522908+08:00","level":"INFO","msg":"pipe not available, retrying","component":"api","simulation_id":14,"pipe":"events","path":"\\\\.\\pipe\\afsim_events","error":"CreateFile pipe: The system cannot find the file specified.","retry_in":2000000000}
{"time":"2026-06-10T21:16:20.0951619+08:00","level":"INFO","msg":"pipe not available, retrying","component":"api","simulation_id":15,"pipe":"events","path":"\\\\.\\pipe\\afsim_events","error":"CreateFile pipe: The system cannot find the file specified.","retry_in":2000000000}
{"time":"2026-06-10T21:16:21.5337108+08:00","level":"INFO","msg":"pipe not available, retrying","component":"api","simulation_id":13,"pipe":"events","path":"\\\\.\\pipe\\afsim_events","error":"CreateFile pipe: The system cannot find the file specified.","retry_in":2000000000}
{"time":"2026-06-10T21:16:21.5529375+08:00","level":"INFO","msg":"pipe not available, retrying","component":"api","simulation_id":14,"pipe":"events","path":"\\\\.\\pipe\\afsim_events","error":"CreateFile pipe: The system cannot find the file specified.","retry_in":2000000000}
{"time":"2026-06-10T21:16:22.095289+08:00","level":"INFO","msg":"pipe not available, retrying","component":"api","simulation_id":15,"pipe":"events","path":"\\\\.\\pipe\\afsim_events","error":"CreateFile pipe: The system cannot find the file specified.","retry_in":2000000000}
{"time":"2026-06-10T21:16:23.5343841+08:00","level":"INFO","msg":"pipe not available, retrying","component":"api","simulation_id":13,"pipe":"events","path":"\\\\.\\pipe\\afsim_events","error":"CreateFile pipe: The system cannot find the file specified.","retry_in":2000000000}
{"time":"2026-06-10T21:16:23.5532275+08:00","level":"INFO","msg":"pipe not available, retrying","component":"api","simulation_id":14,"pipe":"events","path":"\\\\.\\pipe\\afsim_events","error":"CreateFile pipe: The system cannot find the file specified.","retry_in":2000000000}
{"time":"2026-06-10T21:16:24.0958749+08:00","level":"INFO","msg":"pipe not available, retrying","component":"api","simulation_id":15,"pipe":"events","path":"\\\\.\\pipe\\afsim_events","error":"CreateFile pipe: The system cannot find the file specified.","retry_in":2000000000}
{"time":"2026-06-10T21:16:25.5352833+08:00","level":"INFO","msg":"pipe not available, retrying","component":"api","simulation_id":13,"pipe":"events","path":"\\\\.\\pipe\\afsim_events","error":"CreateFile pipe: The system cannot find the file specified.","retry_in":2000000000}
{"time":"2026-06-10T21:16:25.5535015+08:00","level":"INFO","msg":"pipe not available, retrying","component":"api","simulation_id":14,"pipe":"events","path":"\\\\.\\pipe\\afsim_events","error":"CreateFile pipe: The system cannot find the file specified.","retry_in":2000000000}
{"time":"2026-06-10T21:16:26.096385+08:00","level":"INFO","msg":"pipe not available, retrying","component":"api","simulation_id":15,"pipe":"events","path":"\\\\.\\pipe\\afsim_events","error":"CreateFile pipe: The system cannot find the file specified.","retry_in":2000000000}
{"time":"2026-06-10T21:16:27.5363529+08:00","level":"INFO","msg":"pipe not available, retrying","component":"api","simulation_id":13,"pipe":"events","path":"\\\\.\\pipe\\afsim_events","error":"CreateFile pipe: The system cannot find the file specified.","retry_in":2000000000}
{"time":"2026-06-10T21:16:27.5540493+08:00","level":"INFO","msg":"pipe not available, retrying","component":"api","simulation_id":14,"pipe":"events","path":"\\\\.\\pipe\\afsim_events","error":"CreateFile pipe: The system cannot find the file specified.","retry_in":2000000000}
{"time":"2026-06-10T21:16:28.0966751+08:00","level":"INFO","msg":"pipe not available, retrying","component":"api","simulation_id":15,"pipe":"events","path":"\\\\.\\pipe\\afsim_events","error":"CreateFile pipe: The system cannot find the file specified.","retry_in":2000000000}
{"time":"2026-06-10T21:16:29.5372046+08:00","level":"INFO","msg":"pipe not available, retrying","component":"api","simulation_id":13,"pipe":"events","path":"\\\\.\\pipe\\afsim_events","error":"CreateFile pipe: The system cannot find the file specified.","retry_in":2000000000}
{"time":"2026-06-10T21:16:29.5542387+08:00","level":"INFO","msg":"pipe not available, retrying","component":"api","simulation_id":14,"pipe":"events","path":"\\\\.\\pipe\\afsim_events","error":"CreateFile pipe: The system cannot find the file specified.","retry_in":2000000000}
{"time":"2026-06-10T21:16:30.0969864+08:00","level":"INFO","msg":"pipe not available, retrying","component":"api","simulation_id":15,"pipe":"events","path":"\\\\.\\pipe\\afsim_events","error":"CreateFile pipe: The system cannot find the file specified.","retry_in":2000000000}
{"time":"2026-06-10T21:16:31.5376421+08:00","level":"INFO","msg":"pipe not available, retrying","component":"api","simulation_id":13,"pipe":"events","path":"\\\\.\\pipe\\afsim_events","error":"CreateFile pipe: The system cannot find the file specified.","retry_in":2000000000}
{"time":"2026-06-10T21:16:31.5550843+08:00","level":"INFO","msg":"pipe not available, retrying","component":"api","simulation_id":14,"pipe":"events","path":"\\\\.\\pipe\\afsim_events","error":"CreateFile pipe: The system cannot find the file specified.","retry_in":2000000000}
{"time":"2026-06-10T21:16:32.0978408+08:00","level":"INFO","msg":"pipe not available, retrying","component":"api","simulation_id":15,"pipe":"events","path":"\\\\.\\pipe\\afsim_events","error":"CreateFile pipe: The system cannot find the file specified.","retry_in":2000000000}
{"time":"2026-06-10T21:16:33.5380285+08:00","level":"INFO","msg":"pipe not available, retrying","component":"api","simulation_id":13,"pipe":"events","path":"\\\\.\\pipe\\afsim_events","error":"CreateFile pipe: The system cannot find the file specified.","retry_in":2000000000}
{"time":"2026-06-10T21:16:33.5554085+08:00","level":"INFO","msg":"pipe not available, retrying","component":"api","simulation_id":14,"pipe":"events","path":"\\\\.\\pipe\\afsim_events","error":"CreateFile pipe: The system cannot find the file specified.","retry_in":2000000000}
{"time":"2026-06-10T21:16:34.0987306+08:00","level":"INFO","msg":"pipe not available, retrying","component":"api","simulation_id":15,"pipe":"events","path":"\\\\.\\pipe\\afsim_events","error":"CreateFile pipe: The system cannot find the file specified.","retry_in":2000000000}
{"time":"2026-06-10T21:16:35.5383012+08:00","level":"INFO","msg":"pipe not available, retrying","component":"api","simulation_id":13,"pipe":"events","path":"\\\\.\\pipe\\afsim_events","error":"CreateFile pipe: The system cannot find the file specified.","retry_in":2000000000}
{"time":"2026-06-10T21:16:35.5555068+08:00","level":"INFO","msg":"pipe not available, retrying","component":"api","simulation_id":14,"pipe":"events","path":"\\\\.\\pipe\\afsim_events","error":"CreateFile pipe: The system cannot find the file specified.","retry_in":2000000000}
{"time":"2026-06-10T21:16:36.0989705+08:00","level":"INFO","msg":"pipe not available, retrying","component":"api","simulation_id":15,"pipe":"events","path":"\\\\.\\pipe\\afsim_events","error":"CreateFile pipe: The system cannot find the file specified.","retry_in":2000000000}
{"time":"2026-06-10T21:16:37.5384016+08:00","level":"INFO","msg":"pipe not available, retrying","component":"api","simulation_id":13,"pipe":"events","path":"\\\\.\\pipe\\afsim_events","error":"CreateFile pipe: The system cannot find the file specified.","retry_in":2000000000}
{"time":"2026-06-10T21:16:37.5562731+08:00","level":"INFO","msg":"pipe not available, retrying","component":"api","simulation_id":14,"pipe":"events","path":"\\\\.\\pipe\\afsim_events","error":"CreateFile pipe: The system cannot find the file specified.","retry_in":2000000000}
{"time":"2026-06-10T21:16:38.0994299+08:00","level":"INFO","msg":"pipe not available, retrying","component":"api","simulation_id":15,"pipe":"events","path":"\\\\.\\pipe\\afsim_events","error":"CreateFile pipe: The system cannot find the file specified.","retry_in":2000000000}
{"time":"2026-06-10T21:16:39.5392146+08:00","level":"INFO","msg":"pipe not available, retrying","component":"api","simulation_id":13,"pipe":"events","path":"\\\\.\\pipe\\afsim_events","error":"CreateFile pipe: The system cannot find the file specified.","retry_in":2000000000}
{"time":"2026-06-10T21:16:39.5573107+08:00","level":"INFO","msg":"pipe not available, retrying","component":"api","simulation_id":14,"pipe":"events","path":"\\\\.\\pipe\\afsim_events","error":"CreateFile pipe: The system cannot find the file specified.","retry_in":2000000000}
{"time":"2026-06-10T21:16:40.1000086+08:00","level":"INFO","msg":"pipe not available, retrying","component":"api","simulation_id":15,"pipe":"events","path":"\\\\.\\pipe\\afsim_events","error":"CreateFile pipe: The system cannot find the file specified.","retry_in":2000000000}
{"time":"2026-06-10T21:16:41.5394537+08:00","level":"INFO","msg":"pipe not available, retrying","component":"api","simulation_id":13,"pipe":"events","path":"\\\\.\\pipe\\afsim_events","error":"CreateFile pipe: The system cannot find the file specified.","retry_in":2000000000}
{"time":"2026-06-10T21:16:41.5577048+08:00","level":"INFO","msg":"pipe not available, retrying","component":"api","simulation_id":14,"pipe":"events","path":"\\\\.\\pipe\\afsim_events","error":"CreateFile pipe: The system cannot find the file specified.","retry_in":2000000000}
{"time":"2026-06-10T21:16:42.1003848+08:00","level":"INFO","msg":"pipe not available, retrying","component":"api","simulation_id":15,"pipe":"events","path":"\\\\.\\pipe\\afsim_events","error":"CreateFile pipe: The system cannot find the file specified.","retry_in":2000000000}
{"time":"2026-06-10T21:16:43.5397562+08:00","level":"INFO","msg":"pipe not available, retrying","component":"api","simulation_id":13,"pipe":"events","path":"\\\\.\\pipe\\afsim_events","error":"CreateFile pipe: The system cannot find the file specified.","retry_in":2000000000}
{"time":"2026-06-10T21:16:43.5581442+08:00","level":"INFO","msg":"pipe not available, retrying","component":"api","simulation_id":14,"pipe":"events","path":"\\\\.\\pipe\\afsim_events","error":"CreateFile pipe: The system cannot find the file specified.","retry_in":2000000000}
{"time":"2026-06-10T21:16:44.1005426+08:00","level":"INFO","msg":"pipe not available, retrying","component":"api","simulation_id":15,"pipe":"events","path":"\\\\.\\pipe\\afsim_events","error":"CreateFile pipe: The system cannot find the file specified.","retry_in":2000000000}
{"time":"2026-06-10T21:16:45.5400886+08:00","level":"INFO","msg":"pipe not available, retrying","component":"api","simulation_id":13,"pipe":"events","path":"\\\\.\\pipe\\afsim_events","error":"CreateFile pipe: The system cannot find the file specified.","retry_in":2000000000}
{"time":"2026-06-10T21:16:45.5584237+08:00","level":"INFO","msg":"pipe not available, retrying","component":"api","simulation_id":14,"pipe":"events","path":"\\\\.\\pipe\\afsim_events","error":"CreateFile pipe: The system cannot find the file specified.","retry_in":2000000000}
{"time":"2026-06-10T21:16:46.1010766+08:00","level":"INFO","msg":"pipe not available, retrying","component":"api","simulation_id":15,"pipe":"events","path":"\\\\.\\pipe\\afsim_events","error":"CreateFile pipe: The system cannot find the file specified.","retry_in":2000000000}
{"time":"2026-06-10T21:16:47.5402325+08:00","level":"INFO","msg":"pipe not available, retrying","component":"api","simulation_id":13,"pipe":"events","path":"\\\\.\\pipe\\afsim_events","error":"CreateFile pipe: The system cannot find the file specified.","retry_in":2000000000}
{"time":"2026-06-10T21:16:47.5585314+08:00","level":"INFO","msg":"pipe not available, retrying","component":"api","simulation_id":14,"pipe":"events","path":"\\\\.\\pipe\\afsim_events","error":"CreateFile pipe: The system cannot find the file specified.","retry_in":2000000000}
{"time":"2026-06-10T21:16:48.1020441+08:00","level":"INFO","msg":"pipe not available, retrying","component":"api","simulation_id":15,"pipe":"events","path":"\\\\.\\pipe\\afsim_events","error":"CreateFile pipe: The system cannot find the file specified.","retry_in":2000000000}
{"time":"2026-06-10T21:16:49.5411888+08:00","level":"INFO","msg":"pipe not available, retrying","component":"api","simulation_id":13,"pipe":"events","path":"\\\\.\\pipe\\afsim_events","error":"CreateFile pipe: The system cannot find the file specified.","retry_in":2000000000}
{"time":"2026-06-10T21:16:49.5595188+08:00","level":"INFO","msg":"pipe not available, retrying","component":"api","simulation_id":14,"pipe":"events","path":"\\\\.\\pipe\\afsim_events","error":"CreateFile pipe: The system cannot find the file specified.","retry_in":2000000000}
{"time":"2026-06-10T21:16:50.1026772+08:00","level":"INFO","msg":"pipe not available, retrying","component":"api","simulation_id":15,"pipe":"events","path":"\\\\.\\pipe\\afsim_events","error":"CreateFile pipe: The system cannot find the file specified.","retry_in":2000000000}
{"time":"2026-06-10T21:16:51.5418309+08:00","level":"INFO","msg":"pipe not available, retrying","component":"api","simulation_id":13,"pipe":"events","path":"\\\\.\\pipe\\afsim_events","error":"CreateFile pipe: The system cannot find the file specified.","retry_in":2000000000}
{"time":"2026-06-10T21:16:51.5599624+08:00","level":"INFO","msg":"pipe not available, retrying","component":"api","simulation_id":14,"pipe":"events","path":"\\\\.\\pipe\\afsim_events","error":"CreateFile pipe: The system cannot find the file specified.","retry_in":2000000000}
{"time":"2026-06-10T21:16:52.1030134+08:00","level":"INFO","msg":"pipe not available, retrying","component":"api","simulation_id":15,"pipe":"events","path":"\\\\.\\pipe\\afsim_events","error":"CreateFile pipe: The system cannot find the file specified.","retry_in":2000000000}
{"time":"2026-06-10T21:16:53.5422263+08:00","level":"INFO","msg":"pipe not available, retrying","component":"api","simulation_id":13,"pipe":"events","path":"\\\\.\\pipe\\afsim_events","error":"CreateFile pipe: The system cannot find the file specified.","retry_in":2000000000}
{"time":"2026-06-10T21:16:53.5600911+08:00","level":"INFO","msg":"pipe not available, retrying","component":"api","simulation_id":14,"pipe":"events","path":"\\\\.\\pipe\\afsim_events","error":"CreateFile pipe: The system cannot find the file specified.","retry_in":2000000000}
{"time":"2026-06-10T21:16:54.1040906+08:00","level":"INFO","msg":"pipe not available, retrying","component":"api","simulation_id":15,"pipe":"events","path":"\\\\.\\pipe\\afsim_events","error":"CreateFile pipe: The system cannot find the file specified.","retry_in":2000000000}
{"time":"2026-06-10T21:16:55.5429469+08:00","level":"INFO","msg":"pipe not available, retrying","component":"api","simulation_id":13,"pipe":"events","path":"\\\\.\\pipe\\afsim_events","error":"CreateFile pipe: The system cannot find the file specified.","retry_in":2000000000}
{"time":"2026-06-10T21:16:55.5606916+08:00","level":"INFO","msg":"pipe not available, retrying","component":"api","simulation_id":14,"pipe":"events","path":"\\\\.\\pipe\\afsim_events","error":"CreateFile pipe: The system cannot find the file specified.","retry_in":2000000000}
{"time":"2026-06-10T21:16:56.104965+08:00","level":"INFO","msg":"pipe not available, retrying","component":"api","simulation_id":15,"pipe":"events","path":"\\\\.\\pipe\\afsim_events","error":"CreateFile pipe: The system cannot find the file specified.","retry_in":2000000000}
{"time":"2026-06-10T21:16:57.5430753+08:00","level":"INFO","msg":"pipe not available, retrying","component":"api","simulation_id":13,"pipe":"events","path":"\\\\.\\pipe\\afsim_events","error":"CreateFile pipe: The system cannot find the file specified.","retry_in":2000000000}
{"time":"2026-06-10T21:16:57.5615852+08:00","level":"INFO","msg":"pipe not available, retrying","component":"api","simulation_id":14,"pipe":"events","path":"\\\\.\\pipe\\afsim_events","error":"CreateFile pipe: The system cannot find the file specified.","retry_in":2000000000}
{"time":"2026-06-10T21:16:58.1055353+08:00","level":"INFO","msg":"pipe not available, retrying","component":"api","simulation_id":15,"pipe":"events","path":"\\\\.\\pipe\\afsim_events","error":"CreateFile pipe: The system cannot find the file specified.","retry_in":2000000000}
{"time":"2026-06-10T21:16:59.5435464+08:00","level":"INFO","msg":"pipe not available, retrying","component":"api","simulation_id":13,"pipe":"events","path":"\\\\.\\pipe\\afsim_events","error":"CreateFile pipe: The system cannot find the file specified.","retry_in":2000000000}
{"time":"2026-06-10T21:16:59.5617317+08:00","level":"INFO","msg":"pipe not available, retrying","component":"api","simulation_id":14,"pipe":"events","path":"\\\\.\\pipe\\afsim_events","error":"CreateFile pipe: The system cannot find the file specified.","retry_in":2000000000}
{"time":"2026-06-10T21:17:00.1055652+08:00","level":"INFO","msg":"pipe not available, retrying","component":"api","simulation_id":15,"pipe":"events","path":"\\\\.\\pipe\\afsim_events","error":"CreateFile pipe: The system cannot find the file specified.","retry_in":2000000000}
{"time":"2026-06-10T21:17:01.5437798+08:00","level":"INFO","msg":"pipe not available, retrying","component":"api","simulation_id":13,"pipe":"events","path":"\\\\.\\pipe\\afsim_events","error":"CreateFile pipe: The system cannot find the file specified.","retry_in":2000000000}
{"time":"2026-06-10T21:17:01.5622894+08:00","level":"INFO","msg":"pipe not available, retrying","component":"api","simulation_id":14,"pipe":"events","path":"\\\\.\\pipe\\afsim_events","error":"CreateFile pipe: The system cannot find the file specified.","retry_in":2000000000}
{"time":"2026-06-10T21:17:02.1065023+08:00","level":"INFO","msg":"pipe not available, retrying","component":"api","simulation_id":15,"pipe":"events","path":"\\\\.\\pipe\\afsim_events","error":"CreateFile pipe: The system cannot find the file specified.","retry_in":2000000000}
{"time":"2026-06-10T21:17:03.5442929+08:00","level":"INFO","msg":"pipe not available, retrying","component":"api","simulation_id":13,"pipe":"events","path":"\\\\.\\pipe\\afsim_events","error":"CreateFile pipe: The system cannot find the file specified.","retry_in":2000000000}
{"time":"2026-06-10T21:17:03.5628317+08:00","level":"INFO","msg":"pipe not available, retrying","component":"api","simulation_id":14,"pipe":"events","path":"\\\\.\\pipe\\afsim_events","error":"CreateFile pipe: The system cannot find the file specified.","retry_in":2000000000}
{"time":"2026-06-10T21:17:04.1075079+08:00","level":"INFO","msg":"pipe not available, retrying","component":"api","simulation_id":15,"pipe":"events","path":"\\\\.\\pipe\\afsim_events","error":"CreateFile pipe: The system cannot find the file specified.","retry_in":2000000000}
{"time":"2026-06-10T21:17:05.5447342+08:00","level":"INFO","msg":"pipe not available, retrying","component":"api","simulation_id":13,"pipe":"events","path":"\\\\.\\pipe\\afsim_events","error":"CreateFile pipe: The system cannot find the file specified.","retry_in":2000000000}
{"time":"2026-06-10T21:17:05.5633044+08:00","level":"INFO","msg":"pipe not available, retrying","component":"api","simulation_id":14,"pipe":"events","path":"\\\\.\\pipe\\afsim_events","error":"CreateFile pipe: The system cannot find the file specified.","retry_in":2000000000}
{"time":"2026-06-10T21:17:06.1076228+08:00","level":"INFO","msg":"pipe not available, retrying","component":"api","simulation_id":15,"pipe":"events","path":"\\\\.\\pipe\\afsim_events","error":"CreateFile pipe: The system cannot find the file specified.","retry_in":2000000000}
{"time":"2026-06-10T21:17:07.5449302+08:00","level":"INFO","msg":"pipe not available, retrying","component":"api","simulation_id":13,"pipe":"events","path":"\\\\.\\pipe\\afsim_events","error":"CreateFile pipe: The system cannot find the file specified.","retry_in":2000000000}
{"time":"2026-06-10T21:17:07.5634392+08:00","level":"INFO","msg":"pipe not available, retrying","component":"api","simulation_id":14,"pipe":"events","path":"\\\\.\\pipe\\afsim_events","error":"CreateFile pipe: The system cannot find the file specified.","retry_in":2000000000}
{"time":"2026-06-10T21:17:08.1081833+08:00","level":"INFO","msg":"pipe not available, retrying","component":"api","simulation_id":15,"pipe":"events","path":"\\\\.\\pipe\\afsim_events","error":"CreateFile pipe: The system cannot find the file specified.","retry_in":2000000000}
{"time":"2026-06-10T21:17:09.5458916+08:00","level":"INFO","msg":"pipe not available, retrying","component":"api","simulation_id":13,"pipe":"events","path":"\\\\.\\pipe\\afsim_events","error":"CreateFile pipe: The system cannot find the file specified.","retry_in":2000000000}
{"time":"2026-06-10T21:17:09.5644417+08:00","level":"INFO","msg":"pipe not available, retrying","component":"api","simulation_id":14,"pipe":"events","path":"\\\\.\\pipe\\afsim_events","error":"CreateFile pipe: The system cannot find the file specified.","retry_in":2000000000}
{"time":"2026-06-10T21:17:10.1090652+08:00","level":"INFO","msg":"pipe not available, retrying","component":"api","simulation_id":15,"pipe":"events","path":"\\\\.\\pipe\\afsim_events","error":"CreateFile pipe: The system cannot find the file specified.","retry_in":2000000000}
{"time":"2026-06-10T21:17:11.546771+08:00","level":"INFO","msg":"pipe not available, retrying","component":"api","simulation_id":13,"pipe":"events","path":"\\\\.\\pipe\\afsim_events","error":"CreateFile pipe: The system cannot find the file specified.","retry_in":2000000000}
{"time":"2026-06-10T21:17:11.5653624+08:00","level":"INFO","msg":"pipe not available, retrying","component":"api","simulation_id":14,"pipe":"events","path":"\\\\.\\pipe\\afsim_events","error":"CreateFile pipe: The system cannot find the file specified.","retry_in":2000000000}
{"time":"2026-06-10T21:17:12.1097168+08:00","level":"INFO","msg":"pipe not available, retrying","component":"api","simulation_id":15,"pipe":"events","path":"\\\\.\\pipe\\afsim_events","error":"CreateFile pipe: The system cannot find the file specified.","retry_in":2000000000}
{"time":"2026-06-10T21:17:13.5478087+08:00","level":"INFO","msg":"pipe not available, retrying","component":"api","simulation_id":13,"pipe":"events","path":"\\\\.\\pipe\\afsim_events","error":"CreateFile pipe: The system cannot find the file specified.","retry_in":2000000000}
{"time":"2026-06-10T21:17:13.5654857+08:00","level":"INFO","msg":"pipe not available, retrying","component":"api","simulation_id":14,"pipe":"events","path":"\\\\.\\pipe\\afsim_events","error":"CreateFile pipe: The system cannot find the file specified.","retry_in":2000000000}
{"time":"2026-06-10T21:17:14.1105789+08:00","level":"INFO","msg":"pipe not available, retrying","component":"api","simulation_id":15,"pipe":"events","path":"\\\\.\\pipe\\afsim_events","error":"CreateFile pipe: The system cannot find the file specified.","retry_in":2000000000}
{"time":"2026-06-10T21:17:15.548842+08:00","level":"INFO","msg":"pipe not available, retrying","component":"api","simulation_id":13,"pipe":"events","path":"\\\\.\\pipe\\afsim_events","error":"CreateFile pipe: The system cannot find the file specified.","retry_in":2000000000}
{"time":"2026-06-10T21:17:15.5664942+08:00","level":"INFO","msg":"pipe not available, retrying","component":"api","simulation_id":14,"pipe":"events","path":"\\\\.\\pipe\\afsim_events","error":"CreateFile pipe: The system cannot find the file specified.","retry_in":2000000000}
{"time":"2026-06-10T21:17:16.1112529+08:00","level":"INFO","msg":"pipe not available, retrying","component":"api","simulation_id":15,"pipe":"events","path":"\\\\.\\pipe\\afsim_events","error":"CreateFile pipe: The system cannot find the file specified.","retry_in":2000000000}
{"time":"2026-06-10T21:17:17.5491467+08:00","level":"INFO","msg":"pipe not available, retrying","component":"api","simulation_id":13,"pipe":"events","path":"\\\\.\\pipe\\afsim_events","error":"CreateFile pipe: The system cannot find the file specified.","retry_in":2000000000}
{"time":"2026-06-10T21:17:17.5667605+08:00","level":"INFO","msg":"pipe not available, retrying","component":"api","simulation_id":14,"pipe":"events","path":"\\\\.\\pipe\\afsim_events","error":"CreateFile pipe: The system cannot find the file specified.","retry_in":2000000000}
{"time":"2026-06-10T21:17:18.111476+08:00","level":"INFO","msg":"pipe not available, retrying","component":"api","simulation_id":15,"pipe":"events","path":"\\\\.\\pipe\\afsim_events","error":"CreateFile pipe: The system cannot find the file specified.","retry_in":2000000000}
{"time":"2026-06-10T21:17:19.5494448+08:00","level":"INFO","msg":"pipe not available, retrying","component":"api","simulation_id":13,"pipe":"events","path":"\\\\.\\pipe\\afsim_events","error":"CreateFile pipe: The system cannot find the file specified.","retry_in":2000000000}
{"time":"2026-06-10T21:17:19.5669532+08:00","level":"INFO","msg":"pipe not available, retrying","component":"api","simulation_id":14,"pipe":"events","path":"\\\\.\\pipe\\afsim_events","error":"CreateFile pipe: The system cannot find the file specified.","retry_in":2000000000}
{"time":"2026-06-10T21:17:20.1124289+08:00","level":"INFO","msg":"pipe not available, retrying","component":"api","simulation_id":15,"pipe":"events","path":"\\\\.\\pipe\\afsim_events","error":"CreateFile pipe: The system cannot find the file specified.","retry_in":2000000000}
{"time":"2026-06-10T21:17:21.5500666+08:00","level":"INFO","msg":"pipe not available, retrying","component":"api","simulation_id":13,"pipe":"events","path":"\\\\.\\pipe\\afsim_events","error":"CreateFile pipe: The system cannot find the file specified.","retry_in":2000000000}
{"time":"2026-06-10T21:17:21.5675778+08:00","level":"INFO","msg":"pipe not available, retrying","component":"api","simulation_id":14,"pipe":"events","path":"\\\\.\\pipe\\afsim_events","error":"CreateFile pipe: The system cannot find the file specified.","retry_in":2000000000}
{"time":"2026-06-10T21:17:22.1133414+08:00","level":"INFO","msg":"pipe not available, retrying","component":"api","simulation_id":15,"pipe":"events","path":"\\\\.\\pipe\\afsim_events","error":"CreateFile pipe: The system cannot find the file specified.","retry_in":2000000000}
{"time":"2026-06-10T21:17:23.5506957+08:00","level":"INFO","msg":"pipe not available, retrying","component":"api","simulation_id":13,"pipe":"events","path":"\\\\.\\pipe\\afsim_events","error":"CreateFile pipe: The system cannot find the file specified.","retry_in":2000000000}
{"time":"2026-06-10T21:17:23.5682042+08:00","level":"INFO","msg":"pipe not available, retrying","component":"api","simulation_id":14,"pipe":"events","path":"\\\\.\\pipe\\afsim_events","error":"CreateFile pipe: The system cannot find the file specified.","retry_in":2000000000}
{"time":"2026-06-10T21:17:24.1136728+08:00","level":"INFO","msg":"pipe not available, retrying","component":"api","simulation_id":15,"pipe":"events","path":"\\\\.\\pipe\\afsim_events","error":"CreateFile pipe: The system cannot find the file specified.","retry_in":2000000000}
{"time":"2026-06-10T21:17:25.5507587+08:00","level":"INFO","msg":"pipe not available, retrying","component":"api","simulation_id":13,"pipe":"events","path":"\\\\.\\pipe\\afsim_events","error":"CreateFile pipe: The system cannot find the file specified.","retry_in":2000000000}
{"time":"2026-06-10T21:17:25.5688005+08:00","level":"INFO","msg":"pipe not available, retrying","component":"api","simulation_id":14,"pipe":"events","path":"\\\\.\\pipe\\afsim_events","error":"CreateFile pipe: The system cannot find the file specified.","retry_in":2000000000}
{"time":"2026-06-10T21:17:26.1145415+08:00","level":"INFO","msg":"pipe not available, retrying","component":"api","simulation_id":15,"pipe":"events","path":"\\\\.\\pipe\\afsim_events","error":"CreateFile pipe: The system cannot find the file specified.","retry_in":2000000000}
{"time":"2026-06-10T21:17:27.5514441+08:00","level":"INFO","msg":"pipe not available, retrying","component":"api","simulation_id":13,"pipe":"events","path":"\\\\.\\pipe\\afsim_events","error":"CreateFile pipe: The system cannot find the file specified.","retry_in":2000000000}
{"time":"2026-06-10T21:17:27.5694453+08:00","level":"INFO","msg":"pipe not available, retrying","component":"api","simulation_id":14,"pipe":"events","path":"\\\\.\\pipe\\afsim_events","error":"CreateFile pipe: The system cannot find the file specified.","retry_in":2000000000}
{"time":"2026-06-10T21:17:28.1152745+08:00","level":"INFO","msg":"pipe not available, retrying","component":"api","simulation_id":15,"pipe":"events","path":"\\\\.\\pipe\\afsim_events","error":"CreateFile pipe: The system cannot find the file specified.","retry_in":2000000000}
{"time":"2026-06-10T21:17:29.5518853+08:00","level":"INFO","msg":"pipe not available, retrying","component":"api","simulation_id":13,"pipe":"events","path":"\\\\.\\pipe\\afsim_events","error":"CreateFile pipe: The system cannot find the file specified.","retry_in":2000000000}
{"time":"2026-06-10T21:17:29.5695104+08:00","level":"INFO","msg":"pipe not available, retrying","component":"api","simulation_id":14,"pipe":"events","path":"\\\\.\\pipe\\afsim_events","error":"CreateFile pipe: The system cannot find the file specified.","retry_in":2000000000}
{"time":"2026-06-10T21:17:30.1161667+08:00","level":"INFO","msg":"pipe not available, retrying","component":"api","simulation_id":15,"pipe":"events","path":"\\\\.\\pipe\\afsim_events","error":"CreateFile pipe: The system cannot find the file specified.","retry_in":2000000000}
{"time":"2026-06-10T21:17:31.5525681+08:00","level":"INFO","msg":"pipe not available, retrying","component":"api","simulation_id":13,"pipe":"events","path":"\\\\.\\pipe\\afsim_events","error":"CreateFile pipe: The system cannot find the file specified.","retry_in":2000000000}
{"time":"2026-06-10T21:17:31.5702326+08:00","level":"INFO","msg":"pipe not available, retrying","component":"api","simulation_id":14,"pipe":"events","path":"\\\\.\\pipe\\afsim_events","error":"CreateFile pipe: The system cannot find the file specified.","retry_in":2000000000}
{"time":"2026-06-10T21:17:32.1170943+08:00","level":"INFO","msg":"pipe not available, retrying","component":"api","simulation_id":15,"pipe":"events","path":"\\\\.\\pipe\\afsim_events","error":"CreateFile pipe: The system cannot find the file specified.","retry_in":2000000000}
{"time":"2026-06-10T21:17:33.5530807+08:00","level":"INFO","msg":"pipe not available, retrying","component":"api","simulation_id":13,"pipe":"events","path":"\\\\.\\pipe\\afsim_events","error":"CreateFile pipe: The system cannot find the file specified.","retry_in":2000000000}
{"time":"2026-06-10T21:17:33.5706243+08:00","level":"INFO","msg":"pipe not available, retrying","component":"api","simulation_id":14,"pipe":"events","path":"\\\\.\\pipe\\afsim_events","error":"CreateFile pipe: The system cannot find the file specified.","retry_in":2000000000}
{"time":"2026-06-10T21:17:34.1172725+08:00","level":"INFO","msg":"pipe not available, retrying","component":"api","simulation_id":15,"pipe":"events","path":"\\\\.\\pipe\\afsim_events","error":"CreateFile pipe: The system cannot find the file specified.","retry_in":2000000000}
{"time":"2026-06-10T21:17:35.5532452+08:00","level":"INFO","msg":"pipe not available, retrying","component":"api","simulation_id":13,"pipe":"events","path":"\\\\.\\pipe\\afsim_events","error":"CreateFile pipe: The system cannot find the file specified.","retry_in":2000000000}
{"time":"2026-06-10T21:17:35.5707527+08:00","level":"INFO","msg":"pipe not available, retrying","component":"api","simulation_id":14,"pipe":"events","path":"\\\\.\\pipe\\afsim_events","error":"CreateFile pipe: The system cannot find the file specified.","retry_in":2000000000}
{"time":"2026-06-10T21:17:36.1179629+08:00","level":"INFO","msg":"pipe not available, retrying","component":"api","simulation_id":15,"pipe":"events","path":"\\\\.\\pipe\\afsim_events","error":"CreateFile pipe: The system cannot find the file specified.","retry_in":2000000000}
{"time":"2026-06-10T21:17:37.5534046+08:00","level":"INFO","msg":"pipe not available, retrying","component":"api","simulation_id":13,"pipe":"events","path":"\\\\.\\pipe\\afsim_events","error":"CreateFile pipe: The system cannot find the file specified.","retry_in":2000000000}
{"time":"2026-06-10T21:17:37.5709545+08:00","level":"INFO","msg":"pipe not available, retrying","component":"api","simulation_id":14,"pipe":"events","path":"\\\\.\\pipe\\afsim_events","error":"CreateFile pipe: The system cannot find the file specified.","retry_in":2000000000}
{"time":"2026-06-10T21:17:38.1182796+08:00","level":"INFO","msg":"pipe not available, retrying","component":"api","simulation_id":15,"pipe":"events","path":"\\\\.\\pipe\\afsim_events","error":"CreateFile pipe: The system cannot find the file specified.","retry_in":2000000000}
{"time":"2026-06-10T21:17:39.5538955+08:00","level":"INFO","msg":"pipe not available, retrying","component":"api","simulation_id":13,"pipe":"events","path":"\\\\.\\pipe\\afsim_events","error":"CreateFile pipe: The system cannot find the file specified.","retry_in":2000000000}
{"time":"2026-06-10T21:17:39.5714046+08:00","level":"INFO","msg":"pipe not available, retrying","component":"api","simulation_id":14,"pipe":"events","path":"\\\\.\\pipe\\afsim_events","error":"CreateFile pipe: The system cannot find the file specified.","retry_in":2000000000}
{"time":"2026-06-10T21:17:40.1188005+08:00","level":"INFO","msg":"pipe not available, retrying","component":"api","simulation_id":15,"pipe":"events","path":"\\\\.\\pipe\\afsim_events","error":"CreateFile pipe: The system cannot find the file specified.","retry_in":2000000000}
{"time":"2026-06-10T21:17:41.5542402+08:00","level":"INFO","msg":"pipe not available, retrying","component":"api","simulation_id":13,"pipe":"events","path":"\\\\.\\pipe\\afsim_events","error":"CreateFile pipe: The system cannot find the file specified.","retry_in":2000000000}
{"time":"2026-06-10T21:17:41.5717495+08:00","level":"INFO","msg":"pipe not available, retrying","component":"api","simulation_id":14,"pipe":"events","path":"\\\\.\\pipe\\afsim_events","error":"CreateFile pipe: The system cannot find the file specified.","retry_in":2000000000}
{"time":"2026-06-10T21:17:42.1193698+08:00","level":"INFO","msg":"pipe not available, retrying","component":"api","simulation_id":15,"pipe":"events","path":"\\\\.\\pipe\\afsim_events","error":"CreateFile pipe: The system cannot find the file specified.","retry_in":2000000000}
{"time":"2026-06-10T21:17:43.5550946+08:00","level":"INFO","msg":"pipe not available, retrying","component":"api","simulation_id":13,"pipe":"events","path":"\\\\.\\pipe\\afsim_events","error":"CreateFile pipe: The system cannot find the file specified.","retry_in":2000000000}
{"time":"2026-06-10T21:17:43.5726023+08:00","level":"INFO","msg":"pipe not available, retrying","component":"api","simulation_id":14,"pipe":"events","path":"\\\\.\\pipe\\afsim_events","error":"CreateFile pipe: The system cannot find the file specified.","retry_in":2000000000}
{"time":"2026-06-10T21:17:44.1198078+08:00","level":"INFO","msg":"pipe not available, retrying","component":"api","simulation_id":15,"pipe":"events","path":"\\\\.\\pipe\\afsim_events","error":"CreateFile pipe: The system cannot find the file specified.","retry_in":2000000000}
{"time":"2026-06-10T21:17:45.5559592+08:00","level":"INFO","msg":"pipe not available, retrying","component":"api","simulation_id":13,"pipe":"events","path":"\\\\.\\pipe\\afsim_events","error":"CreateFile pipe: The system cannot find the file specified.","retry_in":2000000000}
{"time":"2026-06-10T21:17:45.5733361+08:00","level":"INFO","msg":"pipe not available, retrying","component":"api","simulation_id":14,"pipe":"events","path":"\\\\.\\pipe\\afsim_events","error":"CreateFile pipe: The system cannot find the file specified.","retry_in":2000000000}
2026/06/10 21:17:46 [DESKTOP-2269V6M/M1g0Pn02vs-000098] "POST http://localhost:8080/api/simulations/13/terminate HTTP/1.1" from [::1]:59633 - 200 23B in 0s
{"time":"2026-06-10T21:17:46.0897563+08:00","level":"ERROR","msg":"connector error","component":"api","simulation_id":13,"error":"failed to connect to event pipe: pipe dial cancelled: context canceled"}
2026/06/10 21:17:46 [DESKTOP-2269V6M/M1g0Pn02vs-000099] "POST http://localhost:8080/api/simulations/14/terminate HTTP/1.1" from [::1]:59634 - 200 23B in 0s
{"time":"2026-06-10T21:17:46.1072623+08:00","level":"ERROR","msg":"connector error","component":"api","simulation_id":14,"error":"failed to connect to event pipe: pipe dial cancelled: context canceled"}
{"time":"2026-06-10T21:17:46.1207721+08:00","level":"INFO","msg":"pipe not available, retrying","component":"api","simulation_id":15,"pipe":"events","path":"\\\\.\\pipe\\afsim_events","error":"CreateFile pipe: The system cannot find the file specified.","retry_in":2000000000}
{"time":"2026-06-10T21:17:46.1254414+08:00","level":"ERROR","msg":"connector error","component":"api","simulation_id":15,"error":"failed to connect to event pipe: pipe dial cancelled: context canceled"}
2026/06/10 21:17:46 [DESKTOP-2269V6M/M1g0Pn02vs-000100] "POST http://localhost:8080/api/simulations/15/terminate HTTP/1.1" from [::1]:59635 - 200 23B in 0s
{"time":"2026-06-10T21:18:28.0255481+08:00","level":"INFO","msg":"uploaded scenario","component":"api","filename":"scn-coastal-campaign.scenario","size":4557}
2026/06/10 21:18:28 [DESKTOP-2269V6M/M1g0Pn02vs-000101] "POST http://localhost:8080/api/scenarios HTTP/1.1" from [::1]:59759 - 201 156B in 545.8µs
{"time":"2026-06-10T21:18:28.037882+08:00","level":"INFO","msg":"starting mission.exe","component":"api","simulation_id":16,"path":"E:/AFsim/afsimweb-master/afsim-gateway/../AFSim/afsim-2.9.0-win64/bin/mission.exe","scenario":"scenarios\\scn-coastal-campaign.scenario","mode":"realtime","args":["-rt","scn-coastal-campaign.scenario"]}
2026/06/10 21:18:28 [DESKTOP-2269V6M/M1g0Pn02vs-000102] "POST http://localhost:8080/api/simulations HTTP/1.1" from [::1]:59761 - 201 151B in 1.5867ms
{"time":"2026-06-10T21:18:28.0394687+08:00","level":"INFO","msg":"pipe not available, retrying","component":"api","simulation_id":16,"pipe":"events","path":"\\\\.\\pipe\\afsim_events","error":"CreateFile pipe: The system cannot find the file specified.","retry_in":2000000000}
{"time":"2026-06-10T21:18:28.0415855+08:00","level":"INFO","msg":"WebSocket connection request","component":"api","simulation_id":"16"}
2026/06/10 21:18:28 [DESKTOP-2269V6M/M1g0Pn02vs-000103] "GET http://localhost:8080/api/simulations/16/ws HTTP/1.1" from [::1]:59762 - 000 0B in 0s
{"time":"2026-06-10T21:18:28.1687171+08:00","level":"INFO","msg":"mission:\r","component":"api","simulation_id":16,"stream":"stdout"}
{"time":"2026-06-10T21:18:28.1695656+08:00","level":"INFO","msg":"    WSF Version: 2.9.0 02-25-2022\r","component":"api","simulation_id":16,"stream":"stdout"}
{"time":"2026-06-10T21:18:28.1695656+08:00","level":"INFO","msg":"    Built: Feb 25 2022 08:12:40\r","component":"api","simulation_id":16,"stream":"stdout"}
{"time":"2026-06-10T21:18:28.1695656+08:00","level":"INFO","msg":"Plugin API version info:\r","component":"api","simulation_id":16,"stream":"stdout"}
{"time":"2026-06-10T21:18:28.1695656+08:00","level":"INFO","msg":"    Version: 2.9\r","component":"api","simulation_id":16,"stream":"stdout"}
{"time":"2026-06-10T21:18:28.1695656+08:00","level":"INFO","msg":"    Compiler: win_1916_64bit_release-hwe\r","component":"api","simulation_id":16,"stream":"stdout"}
{"time":"2026-06-10T21:18:28.1695656+08:00","level":"INFO","msg":"Plugins Loaded:\r","component":"api","simulation_id":16,"stream":"stdout"}
{"time":"2026-06-10T21:18:28.1695656+08:00","level":"INFO","msg":"    wsf_alternate_locations.dll, wsf_coverage.dll, wsf_iads_c2.dll, wsf_prompt.dll, wsf_scenario_analyzer.dll, wsf_scenario_analyzer_iads_c2.dll, wsf_air_combat.dll, wsf_annotation.dll, wsf_argo8.dll, wsf_brawler.dll, wsf_event_gateway.dll, wsf_fires.dll, wsf_multiresolution.dll, wsf_oms_uci.dll, wsf_p6dof.dll, wsf_six_dof.dll, wsf_sosm.dll\r","component":"api","simulation_id":16,"stream":"stdout"}
{"time":"2026-06-10T21:18:28.1695656+08:00","level":"INFO","msg":"Extensions Included: \r","component":"api","simulation_id":16,"stream":"stdout"}
{"time":"2026-06-10T21:18:28.1695656+08:00","level":"INFO","msg":"    sensor_plot_lib, wsf_cyber, wsf_grammar_check, wsf_l16, wsf_mil, wsf_mil_parser, wsf_mtt, wsf_nx, wsf_parser, wsf_ripr, wsf_space, wsf_weapon_server, wsf_simdis\r","component":"api","simulation_id":16,"stream":"stdout"}
{"time":"2026-06-10T21:18:28.1695656+08:00","level":"INFO","msg":"\r","component":"api","simulation_id":16,"stream":"stdout"}
{"time":"2026-06-10T21:18:28.1695656+08:00","level":"INFO","msg":"Loading simulation input.\r","component":"api","simulation_id":16,"stream":"stdout"}
{"time":"2026-06-10T21:18:28.1695656+08:00","level":"INFO","msg":"Loading simulation input complete.\r","component":"api","simulation_id":16,"stream":"stdout"}
{"time":"2026-06-10T21:18:28.1695656+08:00","level":"INFO","msg":"    Elapsed Wall Clock Time: 0.0052355\r","component":"api","simulation_id":16,"stream":"stdout"}
{"time":"2026-06-10T21:18:28.1695656+08:00","level":"INFO","msg":"    Elapsed Processor Time : 0\r","component":"api","simulation_id":16,"stream":"stdout"}
{"time":"2026-06-10T21:18:28.1695656+08:00","level":"INFO","msg":"Initializing simulation.\r","component":"api","simulation_id":16,"stream":"stdout"}
{"time":"2026-06-10T21:18:28.1748466+08:00","level":"INFO","msg":"***** ERROR: wsf_event_gateway: Created pipe \\\\.\\pipe\\afsim_events successfully\r","component":"api","simulation_id":16,"stream":"stdout"}
{"time":"2026-06-10T21:18:28.1758838+08:00","level":"INFO","msg":"Initializing simulation complete.\r","component":"api","simulation_id":16,"stream":"stdout"}
{"time":"2026-06-10T21:18:28.1758838+08:00","level":"INFO","msg":"    Elapsed Wall Clock Time: 0.0066735\r","component":"api","simulation_id":16,"stream":"stdout"}
{"time":"2026-06-10T21:18:28.1758838+08:00","level":"INFO","msg":"    Elapsed Processor Time : 0\r","component":"api","simulation_id":16,"stream":"stdout"}
{"time":"2026-06-10T21:18:28.1758838+08:00","level":"INFO","msg":"Starting simulation.\r","component":"api","simulation_id":16,"stream":"stdout"}
{"time":"2026-06-10T21:18:28.1758838+08:00","level":"INFO","msg":"T = 0\r","component":"api","simulation_id":16,"stream":"stdout"}
2026/06/10 21:18:28 [DESKTOP-2269V6M/M1g0Pn02vs-000104] "GET http://localhost:8080/api/scenarios HTTP/1.1" from [::1]:59769 - 200 1311B in 0s
2026/06/10 21:18:28 [DESKTOP-2269V6M/M1g0Pn02vs-000105] "GET http://localhost:8080/api/scenarios HTTP/1.1" from [::1]:59770 - 200 1311B in 0s
{"time":"2026-06-10T21:18:30.0397623+08:00","level":"INFO","msg":"connected to named pipe","component":"api","simulation_id":16,"pipe":"events","path":"\\\\.\\pipe\\afsim_events","access":"read-only"}
{"time":"2026-06-10T21:18:30.0397623+08:00","level":"INFO","msg":"connected to named pipe","component":"api","simulation_id":16,"pipe":"control","path":"\\\\.\\pipe\\afsim_control","access":"write-only"}
{"time":"2026-06-10T21:18:30.0397623+08:00","level":"INFO","msg":"connected to both AFSIM pipes, starting event loop","component":"api","simulation_id":16}
{"time":"2026-06-10T21:18:38.1858428+08:00","level":"INFO","msg":"T = 10.000\r","component":"api","simulation_id":16,"stream":"stdout"}
{"time":"2026-06-10T21:18:48.1796813+08:00","level":"INFO","msg":"T = 20.000\r","component":"api","simulation_id":16,"stream":"stdout"}
2026/06/10 21:18:52 [DESKTOP-2269V6M/M1g0Pn02vs-000106] "GET http://localhost:8080/api/simulations/16 HTTP/1.1" from [::1]:59802 - 200 151B in 0s
{"time":"2026-06-10T21:18:58.1756523+08:00","level":"INFO","msg":"T = 30.000\r","component":"api","simulation_id":16,"stream":"stdout"}
{"time":"2026-06-10T21:19:08.175652+08:00","level":"INFO","msg":"T = 40.000\r","component":"api","simulation_id":16,"stream":"stdout"}
{"time":"2026-06-10T21:19:18.1758077+08:00","level":"INFO","msg":"T = 50.000\r","component":"api","simulation_id":16,"stream":"stdout"}
{"time":"2026-06-10T21:19:28.1794744+08:00","level":"INFO","msg":"T = 60.000\r","component":"api","simulation_id":16,"stream":"stdout"}
{"time":"2026-06-10T21:19:38.1760226+08:00","level":"INFO","msg":"T = 70.000\r","component":"api","simulation_id":16,"stream":"stdout"}
{"time":"2026-06-10T21:19:41.200766+08:00","level":"INFO","msg":"terminating mission.exe","component":"api","simulation_id":16}
{"time":"2026-06-10T21:19:41.2064954+08:00","level":"ERROR","msg":"failed to read from event pipe","component":"api","simulation_id":16,"error":"reading length prefix: The pipe has been ended."}
{"time":"2026-06-10T21:19:41.2064954+08:00","level":"ERROR","msg":"connector error","component":"api","simulation_id":16,"error":"event pipe read error: reading length prefix: The pipe has been ended."}
{"time":"2026-06-10T21:19:41.2116046+08:00","level":"INFO","msg":"mission.exe exited","component":"api","simulation_id":16,"error":"exit status 1"}
2026/06/10 21:19:41 [DESKTOP-2269V6M/M1g0Pn02vs-000107] "POST http://localhost:8080/api/simulations/16/terminate HTTP/1.1" from [::1]:59824 - 200 23B in 10.8386ms
2026/06/10 21:22:34 [DESKTOP-2269V6M/M1g0Pn02vs-000108] "GET http://localhost:8080/api/scenarios HTTP/1.1" from [::1]:59926 - 200 314B in 0s
2026/06/10 21:22:34 [DESKTOP-2269V6M/M1g0Pn02vs-000109] "POST http://localhost:8080/api/simulations HTTP/1.1" from [::1]:59927 - 400 35B in 0s
